iteration,subproblem,solve_time_sec,ipopt_iters
1,1,96.105000,30
1,2,46.018000,30
1,3,99.596000,30
1,4,47.919000,30
1,5,99.602000,30
1,6,48.935000,30
1,7,99.580000,30
1,8,49.613000,30
1,9,100.239000,30
1,10,49.675000,30
1,11,99.580000,30
1,12,48.217000,30
1,13,100.257000,30
1,14,49.532000,30
1,15,98.114000,30
1,16,46.566000,30
1,17,98.132000,30
1,18,99.598000,30
1,19,100.261000,30
1,20,98.151000,30
1,21,93.980000,30
1,22,98.114000,30
1,23,98.147000,30
1,24,90.285000,30
2,1,77.414000,30
2,2,24.291000,30
2,3,89.703000,30
2,4,38.209000,30
2,5,93.509000,30
2,6,37.592000,30
2,7,91.451000,30
2,8,35.485000,30
2,9,86.358000,30
2,10,37.420000,30
2,11,95.035000,30
2,12,36.574000,30
2,13,93.493000,30
2,14,36.325000,30
2,15,93.950000,30
2,16,34.906000,30
2,17,95.204000,30
2,18,91.425000,30
2,19,93.998000,30
2,20,95.533000,30
2,21,89.714000,30
2,22,94.749000,30
2,23,93.981000,30
2,24,75.084000,30
3,1,74.570000,30
3,2,39.252000,30
3,3,71.675000,30
3,4,36.776000,30
3,5,66.008000,17
3,6,37.890000,30
3,7,80.345000,30
3,8,39.363000,30
3,9,70.997000,20
3,10,40.470000,30
3,11,80.615000,30
3,12,36.428000,30
3,13,68.447000,21
3,14,35.166000,30
3,15,80.875000,30
3,16,34.778000,30
3,17,78.129000,30
3,18,65.334000,18
3,19,75.358000,30
3,20,75.354000,30
3,21,79.003000,30
3,22,80.322000,30
3,23,80.343000,30
3,24,54.180000,21
4,1,47.071000,17
4,2,30.520000,16
4,3,67.051000,19
4,4,18.738000,15
4,5,55.602000,15
4,6,26.492000,30
4,7,78.987000,30
4,8,23.908000,30
4,9,67.674000,26
4,10,26.370000,30
4,11,80.641000,30
4,12,23.049000,21
4,13,63.037000,17
4,14,22.042000,20
4,15,80.653000,30
4,16,21.793000,20
4,17,79.044000,30
4,18,55.674000,14
4,19,59.538000,16
4,20,67.670000,20
4,21,79.287000,30
4,22,79.222000,30
4,23,78.341000,30
4,24,59.608000,21
5,1,67.499000,30
5,2,18.436000,11
5,3,44.467000,11
5,4,8.702000,14
5,5,54.087000,15
5,6,25.002000,15
5,7,54.086000,16
5,8,30.923000,27
5,9,54.832000,16
5,10,28.010000,19
5,11,56.711000,18
5,12,23.399000,17
5,13,57.226000,19
5,14,27.241000,19
5,15,59.773000,20
5,16,27.198000,21
5,17,49.446000,13
5,18,39.748000,13
5,19,43.880000,13
5,20,54.177000,18
5,21,59.747000,18
5,22,60.848000,21
5,23,52.040000,14
5,24,60.397000,23
6,1,60.561000,25
6,2,13.550000,8
6,3,42.625000,12
6,4,11.481000,11
6,5,47.874000,15
6,6,19.659000,16
6,7,56.243000,21
6,8,20.071000,16
6,9,45.248000,14
6,10,18.400000,16
6,11,54.194000,16
6,12,19.945000,18
6,13,41.138000,12
6,14,6.340000,13
6,15,47.846000,13
6,16,20.600000,17
6,17,55.147000,16
6,18,50.099000,16
6,19,35.949000,8
6,20,52.840000,15
6,21,47.878000,13
6,22,56.281000,19
6,23,57.158000,21
6,24,53.887000,22
7,1,46.159000,17
7,2,15.367000,12
7,3,42.404000,14
7,4,16.253000,13
7,5,40.638000,13
7,6,13.512000,8
7,7,48.538000,18
7,8,14.878000,12
7,9,49.509000,18
7,10,14.064000,12
7,11,46.000000,12
7,12,15.308000,13
7,13,34.329000,8
7,14,11.958000,13
7,15,40.626000,9
7,16,20.912000,17
7,17,46.933000,16
7,18,45.733000,12
7,19,30.023000,6
7,20,45.985000,13
7,21,42.392000,10
7,22,46.036000,12
7,23,42.415000,9
7,24,49.773000,21
8,1,42.640000,16
8,2,16.530000,14
8,3,39.672000,14
8,4,17.323000,14
8,5,38.843000,12
8,6,16.210000,14
8,7,42.161000,15
8,8,16.591000,17
8,9,43.934000,17
8,10,13.135000,8
8,11,32.913000,7
8,12,3.707000,7
8,13,29.316000,7
8,14,11.332000,17
8,15,43.023000,17
8,16,16.988000,14
8,17,44.303000,19
8,18,40.221000,13
8,19,36.510000,11
8,20,30.804000,6
8,21,34.643000,8
8,22,36.226000,10
8,23,34.598000,10
8,24,44.774000,21
9,1,35.575000,15
9,2,15.065000,13
9,3,34.660000,13
9,4,14.831000,14
9,5,28.028000,7
9,6,5.311000,15
9,7,43.755000,17
9,8,14.528000,13
9,9,43.781000,19
9,10,11.868000,8
9,11,31.753000,7
9,12,10.885000,7
9,13,33.416000,8
9,14,16.388000,11
9,15,42.699000,19
9,16,14.976000,15
9,17,42.704000,19
9,18,36.986000,13
9,19,34.733000,9
9,20,33.334000,6
9,21,34.778000,11
9,22,38.858000,13
9,23,41.308000,15
9,24,24.496000,9
10,1,36.984000,17
10,2,14.164000,13
10,3,40.121000,15
10,4,12.728000,14
10,5,29.178000,7
10,6,3.395000,8
10,7,34.656000,11
10,8,14.804000,13
10,9,38.895000,14
10,10,10.918000,6
10,11,34.136000,9
10,12,12.149000,7
10,13,26.033000,7
10,14,7.551000,11
10,15,44.406000,19
10,16,13.171000,15
10,17,46.921000,25
10,18,38.892000,13
10,19,34.130000,9
10,20,31.079000,6
10,21,34.112000,12
10,22,38.872000,14
10,23,38.778000,15
10,24,23.091000,9
11,1,25.262000,9
11,2,18.126000,13
11,3,41.875000,15
11,4,12.083000,13
11,5,33.260000,7
11,6,11.160000,8
11,7,37.043000,11
11,8,15.778000,14
11,9,41.923000,14
11,10,10.269000,7
11,11,31.384000,6
11,12,11.074000,8
11,13,32.744000,7
11,14,12.647000,9
11,15,45.286000,17
11,16,12.978000,18
11,17,45.901000,20
11,18,41.908000,13
11,19,37.027000,9
11,20,34.286000,7
11,21,37.071000,11
11,22,42.572000,14
11,23,41.877000,14
11,24,36.586000,14
12,1,28.502000,10
12,2,5.695000,13
12,3,40.208000,15
12,4,14.554000,13
12,5,30.023000,7
12,6,12.873000,8
12,7,35.056000,11
12,8,14.733000,14
12,9,40.206000,14
12,10,11.789000,7
12,11,28.080000,6
12,12,11.569000,7
12,13,28.112000,7
12,14,14.456000,10
12,15,42.891000,19
12,16,14.208000,14
12,17,44.309000,22
12,18,38.340000,13
12,19,33.012000,9
12,20,30.091000,6
12,21,35.078000,11
12,22,40.156000,14
12,23,38.332000,15
12,24,41.873000,15
13,1,40.228000,18
13,2,15.606000,14
13,3,41.017000,15
13,4,12.154000,13
13,5,33.555000,8
13,6,10.887000,8
13,7,37.763000,11
13,8,15.832000,14
13,9,39.350000,14
13,10,11.252000,6
13,11,30.215000,6
13,12,3.828000,7
13,13,28.612000,7
13,14,5.482000,11
13,15,45.202000,20
13,16,13.575000,18
13,17,43.969000,20
13,18,38.774000,13
13,19,34.870000,9
13,20,31.950000,7
13,21,34.838000,11
13,22,39.710000,14
13,23,42.808000,17
13,24,35.554000,15
14,1,33.557000,11
14,2,5.867000,15
14,3,32.887000,9
14,4,17.526000,14
14,5,28.673000,7
14,6,13.571000,8
14,7,36.867000,11
14,8,16.441000,15
14,9,35.613000,14
14,10,10.386000,6
14,11,32.905000,8
14,12,12.392000,8
14,13,32.883000,8
14,14,15.494000,10
14,15,42.754000,19
14,16,16.551000,18
14,17,44.808000,22
14,18,38.697000,13
14,19,36.331000,9
14,20,34.724000,7
14,21,36.285000,11
14,22,38.924000,13
14,23,39.913000,15
14,24,40.481000,16
15,1,46.164000,22
15,2,16.868000,15
15,3,33.436000,9
15,4,17.610000,14
15,5,30.141000,7
15,6,3.460000,8
15,7,39.066000,11
15,8,18.648000,15
15,9,41.262000,15
15,10,15.381000,11
15,11,33.052000,9
15,12,15.875000,12
15,13,38.681000,11
15,14,16.593000,11
15,15,45.872000,19
15,16,17.525000,17
15,17,43.532000,17
15,18,41.263000,13
15,19,36.619000,9
15,20,31.035000,7
15,21,35.373000,11
15,22,42.213000,13
15,23,43.518000,16
15,24,40.623000,16
16,1,44.338000,22
16,2,13.688000,10
16,3,31.607000,9
16,4,16.217000,15
16,5,35.423000,7
16,6,12.889000,8
16,7,38.333000,11
16,8,16.767000,15
16,9,42.697000,15
16,10,9.549000,8
16,11,36.019000,9
16,12,13.158000,10
16,13,40.150000,10
16,14,15.083000,11
16,15,44.975000,20
16,16,12.244000,15
16,17,43.635000,17
16,18,41.547000,13
16,19,35.471000,9
16,20,33.046000,7
16,21,36.939000,11
16,22,40.140000,13
16,23,43.515000,16
16,24,39.609000,15
17,1,44.922000,21
17,2,11.809000,9
17,3,30.524000,9
17,4,16.208000,15
17,5,29.967000,7
17,6,6.664000,8
17,7,37.460000,11
17,8,16.606000,16
17,9,41.248000,15
17,10,13.287000,8
17,11,36.075000,9
17,12,14.385000,10
17,13,46.193000,18
17,14,14.614000,14
17,15,46.203000,20
17,16,15.232000,15
17,17,43.927000,17
17,18,39.931000,13
17,19,33.417000,9
17,20,31.091000,7
17,21,37.457000,11
17,22,39.973000,13
17,23,41.301000,15
17,24,34.735000,15
18,1,40.615000,19
18,2,11.614000,8
18,3,33.300000,9
18,4,14.200000,15
18,5,34.963000,7
18,6,4.927000,8
18,7,38.435000,12
18,8,17.175000,16
18,9,42.248000,15
18,10,12.875000,9
18,11,36.695000,9
18,12,14.065000,9
18,13,36.687000,9
18,14,14.382000,11
18,15,44.492000,23
18,16,12.205000,15
18,17,41.924000,17
18,18,40.442000,13
18,19,36.701000,9
18,20,35.030000,7
18,21,37.942000,11
18,22,41.856000,14
18,23,41.634000,15
18,24,38.889000,15
19,1,42.603000,19
19,2,11.983000,8
19,3,34.160000,9
19,4,15.070000,15
19,5,30.610000,7
19,6,4.386000,8
19,7,41.387000,11
19,8,17.598000,16
19,9,42.545000,15
19,10,14.824000,10
19,11,38.174000,9
19,12,15.737000,9
19,13,36.100000,9
19,14,19.565000,17
19,15,42.997000,16
19,16,17.312000,18
19,17,42.854000,17
19,18,41.372000,13
19,19,36.100000,9
19,20,28.895000,7
19,21,38.543000,12
19,22,41.633000,14
19,23,42.253000,15
19,24,42.587000,17
20,1,42.344000,20
20,2,13.083000,8
20,3,33.387000,9
20,4,5.266000,8
20,5,34.399000,7
20,6,13.177000,8
20,7,38.059000,11
20,8,17.105000,15
20,9,44.134000,15
20,10,14.538000,9
20,11,34.386000,9
20,12,17.702000,11
20,13,39.357000,13
20,14,17.710000,17
20,15,43.760000,17
20,16,16.659000,15
20,17,43.230000,17
20,18,40.614000,13
20,19,36.744000,9
20,20,31.845000,7
20,21,36.744000,12
20,22,41.080000,14
20,23,44.819000,19
20,24,33.957000,14
21,1,47.012000,19
21,2,14.277000,8
21,3,33.646000,9
21,4,12.682000,8
21,5,34.645000,7
21,6,3.461000,8
21,7,42.055000,11
21,8,17.888000,15
21,9,47.585000,15
21,10,14.934000,8
21,11,40.181000,10
21,12,15.728000,10
21,13,41.723000,11
21,14,19.581000,18
21,15,49.225000,18
21,16,19.059000,18
21,17,49.162000,17
21,18,44.504000,12
21,19,36.197000,9
21,20,38.303000,7
21,21,40.096000,12
21,22,41.692000,14
21,23,48.585000,19
21,24,42.167000,16
22,1,42.533000,19
22,2,14.043000,8
22,3,33.005000,9
22,4,13.615000,8
22,5,30.810000,7
22,6,8.314000,8
22,7,40.303000,11
22,8,18.896000,15
22,9,41.426000,15
22,10,14.555000,8
22,11,37.079000,12
22,12,18.365000,13
22,13,42.892000,14
22,14,18.234000,17
22,15,45.132000,17
22,16,17.907000,17
22,17,45.145000,17
22,18,41.435000,12
22,19,35.076000,9
22,20,29.752000,7
22,21,40.318000,12
22,22,43.898000,14
22,23,44.583000,17
22,24,40.823000,16
23,1,43.163000,19
23,2,10.876000,8
23,3,32.181000,9
23,4,4.414000,8
23,5,33.716000,7
23,6,9.433000,8
23,7,39.527000,11
23,8,16.703000,15
23,9,42.312000,15
23,10,14.054000,8
23,11,47.027000,19
23,12,16.710000,19
23,13,47.596000,19
23,14,16.829000,18
23,15,46.639000,17
23,16,16.822000,18
23,17,46.056000,17
23,18,43.897000,14
23,19,33.661000,9
23,20,33.671000,7
23,21,37.497000,12
23,22,42.286000,14
23,23,43.881000,17
23,24,43.054000,16
24,1,40.394000,18
24,2,9.948000,8
24,3,28.061000,8
24,4,7.312000,8
24,5,28.752000,8
24,6,3.235000,8
24,7,37.204000,11
24,8,17.887000,15
24,9,42.627000,15
24,10,13.793000,10
24,11,43.616000,19
24,12,18.066000,19
24,13,35.538000,11
24,14,17.911000,17
24,15,44.978000,17
24,16,18.024000,18
24,17,43.595000,17
24,18,38.270000,14
24,19,31.936000,9
24,20,28.750000,7
24,21,36.757000,12
24,22,40.089000,14
24,23,33.412000,9
24,24,34.083000,14
25,1,38.462000,18
25,2,13.797000,9
25,3,28.929000,8
25,4,3.380000,8
25,5,27.265000,7
25,6,4.845000,8
25,7,38.808000,11
25,8,16.867000,15
25,9,42.070000,15
25,10,16.644000,10
25,11,37.510000,11
25,12,15.359000,11
25,13,36.144000,11
25,14,17.980000,17
25,15,42.438000,17
25,16,16.995000,17
25,17,42.016000,17
25,18,40.147000,14
25,19,34.713000,9
25,20,30.762000,7
25,21,41.149000,14
25,22,40.165000,14
25,23,43.316000,19
25,24,36.447000,14
26,1,37.111000,18
26,2,11.652000,9
26,3,28.511000,8
26,4,6.090000,8
26,5,28.482000,7
26,6,6.182000,8
26,7,36.492000,11
26,8,16.686000,15
26,9,41.519000,15
26,10,11.859000,9
26,11,36.537000,11
26,12,12.958000,11
26,13,38.888000,11
26,14,15.287000,17
26,15,43.662000,18
26,16,14.381000,17
26,17,43.122000,17
26,18,40.031000,14
26,19,33.189000,9
26,20,33.107000,7
26,21,41.556000,14
26,22,43.277000,14
26,23,29.628000,9
26,24,41.739000,18
27,1,38.150000,18
27,2,13.487000,9
27,3,32.139000,8
27,4,11.926000,8
27,5,30.099000,7
27,6,6.191000,8
27,7,39.691000,12
27,8,16.721000,15
27,9,44.271000,15
27,10,11.332000,8
27,11,47.334000,19
27,12,12.877000,11
27,13,37.755000,11
27,14,17.157000,17
27,15,45.616000,17
27,16,14.454000,18
27,17,48.100000,17
27,18,43.099000,14
27,19,34.362000,9
27,20,29.161000,7
27,21,43.061000,14
27,22,43.038000,14
27,23,47.341000,20
27,24,45.127000,20
28,1,41.741000,19
28,2,11.453000,9
28,3,31.340000,8
28,4,4.173000,8
28,5,33.382000,7
28,6,3.939000,8
28,7,40.562000,11
28,8,16.390000,15
28,9,43.366000,15
28,10,12.651000,9
28,11,39.820000,11
28,12,18.783000,19
28,13,39.818000,12
28,14,18.586000,18
28,15,44.178000,18
28,16,18.241000,18
28,17,43.790000,17
28,18,41.851000,14
28,19,36.041000,9
28,20,29.991000,7
28,21,42.684000,14
28,22,43.168000,14
28,23,41.827000,12
28,24,41.724000,15
29,1,40.997000,18
29,2,12.007000,9
29,3,33.388000,8
29,4,3.482000,8
29,5,34.967000,8
29,6,11.285000,8
29,7,40.210000,11
29,8,19.844000,15
29,9,44.598000,15
29,10,15.404000,12
29,11,38.632000,11
29,12,21.368000,20
29,13,47.265000,20
29,14,19.393000,18
29,15,46.514000,17
29,16,18.831000,18
29,17,45.316000,17
29,18,42.673000,14
29,19,38.570000,9
29,20,38.554000,7
29,21,47.480000,15
29,22,30.834000,8
29,23,47.706000,22
29,24,40.991000,17
30,1,38.087000,17
30,2,12.667000,9
30,3,30.865000,8
30,4,6.996000,8
30,5,30.937000,7
30,6,11.620000,8
30,7,39.318000,12
30,8,17.012000,15
30,9,43.300000,16
30,10,12.136000,9
30,11,44.760000,20
30,12,14.766000,12
30,13,40.515000,12
30,14,18.324000,18
30,15,43.757000,16
30,16,17.033000,18
30,17,43.320000,17
30,18,42.515000,14
30,19,35.689000,9
30,20,31.969000,7
30,21,41.536000,14
30,22,32.015000,8
30,23,39.300000,12
30,24,43.532000,16
31,1,36.781000,17
31,2,4.553000,9
31,3,29.240000,8
31,4,4.384000,8
31,5,30.353000,7
31,6,9.347000,8
31,7,39.276000,11
31,8,16.654000,15
31,9,37.310000,15
31,10,13.816000,10
31,11,46.316000,20
31,12,14.902000,13
31,13,40.304000,13
31,14,17.378000,17
31,15,44.940000,16
31,16,16.116000,18
31,17,44.930000,17
31,18,42.400000,14
31,19,34.447000,9
31,20,30.677000,7
31,21,39.712000,15
31,22,27.653000,8
31,23,46.124000,20
31,24,40.476000,17
32,1,33.752000,16
32,2,4.666000,9
32,3,31.026000,8
32,4,10.417000,8
32,5,31.139000,7
32,6,8.462000,8
32,7,37.969000,11
32,8,16.867000,15
32,9,41.702000,15
32,10,15.739000,11
32,11,40.492000,12
32,12,17.155000,13
32,13,39.419000,12
32,14,18.830000,19
32,15,41.733000,16
32,16,18.304000,18
32,17,42.480000,17
32,18,41.631000,14
32,19,36.549000,9
32,20,37.990000,7
32,21,31.091000,8
32,22,31.042000,8
32,23,39.309000,11
32,24,41.952000,17
33,1,38.422000,17
33,2,12.176000,7
33,3,29.127000,8
33,4,7.038000,8
33,5,32.961000,7
33,6,11.915000,8
33,7,36.128000,11
33,8,17.694000,15
33,9,42.344000,15
33,10,11.673000,9
33,11,41.312000,13
33,12,13.593000,12
33,13,45.310000,19
33,14,12.504000,14
33,15,43.962000,16
33,16,13.941000,18
33,17,44.709000,17
33,18,39.700000,14
33,19,36.060000,9
33,20,32.930000,7
33,21,31.299000,8
33,22,30.896000,8
33,23,45.725000,20
33,24,41.512000,18
34,1,37.855000,17
34,2,13.283000,11
34,3,28.802000,8
34,4,4.598000,8
34,5,32.217000,8
34,6,11.677000,8
34,7,39.474000,11
34,8,17.693000,15
34,9,42.143000,15
34,10,13.020000,10
34,11,39.813000,12
34,12,16.688000,12
34,13,39.481000,12
34,14,17.712000,12
34,15,42.292000,16
34,16,14.666000,18
34,17,42.526000,17
34,18,41.451000,14
34,19,35.195000,9
34,20,33.730000,7
34,21,29.749000,8
34,22,31.806000,8
34,23,38.583000,11
34,24,41.028000,19
35,1,38.727000,19
35,2,9.846000,7
35,3,29.890000,8
35,4,2.769000,8
35,5,31.381000,7
35,6,4.145000,8
35,7,39.774000,13
35,8,15.997000,15
35,9,41.008000,15
35,10,12.685000,10
35,11,40.167000,13
35,12,17.290000,21
35,13,38.832000,14
35,14,14.713000,12
35,15,43.171000,16
35,16,16.268000,17
35,17,43.107000,17
35,18,41.002000,14
35,19,35.744000,9
35,20,30.904000,7
35,21,32.467000,8
35,22,29.364000,8
35,23,44.912000,20
35,24,35.215000,12
36,1,44.487000,18
36,2,12.025000,11
36,3,36.166000,8
36,4,5.219000,8
36,5,34.071000,7
36,6,4.172000,8
36,7,43.019000,11
36,8,17.441000,15
36,9,45.498000,15
36,10,13.144000,10
36,11,43.375000,12
36,12,14.537000,12
36,13,42.994000,12
36,14,17.118000,14
36,15,46.160000,16
36,16,16.299000,18
36,17,45.891000,17
36,18,44.810000,14
36,19,40.153000,9
36,20,32.526000,7
36,21,35.787000,8
36,22,33.963000,8
36,23,40.503000,11
36,24,42.450000,16
37,1,40.302000,18
37,2,9.853000,7
37,3,31.566000,8
37,4,4.069000,8
37,5,32.897000,7
37,6,6.571000,8
37,7,37.302000,11
37,8,18.481000,15
37,9,42.676000,15
37,10,14.951000,10
37,11,42.626000,14
37,12,17.148000,14
37,13,40.350000,14
37,14,18.380000,12
37,15,42.809000,16
37,16,17.428000,17
37,17,44.518000,18
37,18,40.845000,14
37,19,34.547000,9
37,20,32.879000,7
37,21,32.871000,8
37,22,30.749000,8
37,23,43.353000,20
37,24,34.967000,12
38,1,44.499000,18
38,2,13.295000,7
38,3,34.379000,8
38,4,7.586000,8
38,5,34.968000,7
38,6,12.190000,8
38,7,42.338000,11
38,8,19.208000,15
38,9,44.755000,15
38,10,17.367000,17
38,11,42.986000,12
38,12,15.759000,12
38,13,42.948000,12
38,14,16.782000,14
38,15,46.453000,17
38,16,17.358000,17
38,17,45.861000,18
38,18,43.892000,14
38,19,36.991000,9
38,20,34.972000,7
38,21,32.618000,8
38,22,35.502000,8
38,23,41.818000,11
38,24,44.433000,15
39,1,42.310000,16
39,2,10.572000,10
39,3,35.288000,8
39,4,4.709000,8
39,5,40.137000,8
39,6,12.653000,8
39,7,41.374000,11
39,8,19.271000,15
39,9,44.329000,15
39,10,15.911000,14
39,11,42.644000,13
39,12,18.682000,13
39,13,44.323000,12
39,14,15.644000,12
39,15,48.619000,17
39,16,17.393000,17
39,17,49.396000,18
39,18,44.345000,14
39,19,40.072000,9
39,20,36.271000,7
39,21,36.218000,8
39,22,33.944000,8
39,23,47.937000,19
39,24,38.087000,11
40,1,38.930000,16
40,2,11.171000,7
40,3,32.470000,8
40,4,3.821000,8
40,5,28.870000,8
40,6,3.638000,8
40,7,37.477000,13
40,8,16.266000,15
40,9,40.746000,15
40,10,16.807000,18
40,11,35.620000,12
40,12,15.989000,12
40,13,37.046000,12
40,14,16.870000,14
40,15,41.167000,17
40,16,16.873000,17
40,17,42.613000,20
40,18,38.333000,14
40,19,34.369000,9
40,20,32.451000,7
40,21,30.528000,8
40,22,30.526000,8
40,23,37.028000,10
40,24,37.095000,11
41,1,34.150000,15
41,2,4.065000,7
41,3,32.167000,8
41,4,11.512000,8
41,5,32.165000,7
41,6,11.362000,8
41,7,38.099000,11
41,8,18.356000,15
41,9,41.750000,15
41,10,19.162000,18
41,11,41.795000,13
41,12,16.920000,13
41,13,38.055000,14
41,14,18.050000,12
41,15,45.331000,17
41,16,16.173000,17
41,17,42.882000,18
41,18,41.732000,14
41,19,32.163000,8
41,20,29.181000,7
41,21,32.235000,8
41,22,29.588000,8
41,23,45.689000,22
41,24,38.856000,12
42,1,35.621000,15
42,2,14.576000,11
42,3,30.056000,8
42,4,2.600000,8
42,5,32.395000,7
42,6,11.969000,8
42,7,35.881000,11
42,8,18.472000,15
42,9,38.539000,15
42,10,19.313000,18
42,11,36.658000,12
42,12,16.986000,12
42,13,34.302000,11
42,14,17.540000,14
42,15,39.646000,17
42,16,19.132000,17
42,17,42.030000,18
42,18,38.532000,14
42,19,31.115000,8
42,20,34.934000,7
42,21,29.555000,8
42,22,31.942000,8
42,23,37.520000,12
42,24,40.350000,14
43,1,37.101000,15
43,2,11.151000,7
43,3,28.361000,8
43,4,4.758000,8
43,5,33.454000,7
43,6,11.753000,8
43,7,36.411000,10
43,8,19.160000,15
43,9,39.967000,15
43,10,17.335000,18
43,11,40.035000,15
43,12,15.168000,12
43,13,36.387000,11
43,14,15.016000,12
43,15,41.959000,17
43,16,17.375000,17
43,17,42.272000,18
43,18,39.976000,14
43,19,33.477000,8
43,20,34.962000,7
43,21,33.482000,8
43,22,31.360000,8
43,23,47.235000,24
43,24,41.353000,14
44,1,39.352000,15
44,2,4.307000,7
44,3,30.104000,8
44,4,3.725000,8
44,5,35.457000,8
44,6,9.973000,8
44,7,40.354000,12
44,8,19.797000,19
44,9,42.724000,15
44,10,19.738000,18
44,11,40.529000,12
44,12,17.911000,14
44,13,38.825000,11
44,14,16.721000,14
44,15,44.159000,17
44,16,17.633000,17
44,17,43.910000,17
44,18,42.729000,14
44,19,35.510000,8
44,20,32.982000,7
44,21,31.562000,8
44,22,30.240000,8
44,23,43.334000,13
44,24,42.673000,16
45,1,36.448000,15
45,2,11.042000,7
45,3,30.944000,8
45,4,2.717000,8
45,5,34.107000,8
45,6,11.394000,8
45,7,41.012000,11
45,8,17.546000,15
45,9,46.972000,20
45,10,18.717000,18
45,11,43.195000,15
45,12,15.547000,12
45,13,41.048000,12
45,14,17.021000,13
45,15,44.795000,17
45,16,18.470000,17
45,17,47.370000,18
45,18,42.077000,14
45,19,32.585000,8
45,20,35.768000,7
45,21,32.677000,8
45,22,30.772000,8
45,23,48.258000,23
45,24,44.830000,15
46,1,36.386000,15
46,2,11.130000,10
46,3,32.614000,8
46,4,7.229000,8
46,5,29.139000,7
46,6,3.182000,8
46,7,35.314000,10
46,8,17.145000,15
46,9,45.607000,20
46,10,15.565000,18
46,11,38.647000,12
46,12,14.505000,12
46,13,38.676000,11
46,14,17.159000,13
46,15,44.177000,18
46,16,15.541000,17
46,17,43.477000,18
46,18,43.492000,17
46,19,32.559000,8
46,20,30.850000,7
46,21,32.522000,8
46,22,32.541000,8
46,23,47.090000,23
46,24,50.687000,18
47,1,38.068000,15
47,2,11.481000,8
47,3,30.814000,8
47,4,4.962000,8
47,5,29.787000,7
47,6,4.195000,8
47,7,41.358000,11
47,8,18.253000,15
47,9,45.156000,20
47,10,18.899000,18
47,11,43.303000,15
47,12,16.814000,13
47,13,37.791000,11
47,14,17.396000,13
47,15,47.065000,17
47,16,17.324000,17
47,17,44.541000,18
47,18,43.290000,14
47,19,32.571000,8
47,20,30.864000,7
47,21,32.583000,8
47,22,29.468000,8
47,23,48.349000,23
47,24,46.906000,19
48,1,37.871000,15
48,2,8.992000,7
48,3,30.777000,8
48,4,4.562000,8
48,5,29.304000,7
48,6,4.159000,8
48,7,38.451000,12
48,8,18.935000,15
48,9,40.823000,14
48,10,18.702000,18
48,11,38.448000,12
48,12,15.953000,12
48,13,39.736000,12
48,14,16.782000,13
48,15,44.239000,16
48,16,18.514000,17
48,17,42.752000,18
48,18,44.243000,17
48,19,30.828000,8
48,20,32.482000,7
48,21,30.777000,8
48,22,30.797000,8
48,23,46.019000,22
48,24,44.587000,17
49,1,36.400000,15
49,2,13.748000,10
49,3,31.028000,8
49,4,5.608000,8
49,5,34.292000,8
49,6,11.997000,8
49,7,36.152000,10
49,8,17.865000,15
49,9,41.755000,14
49,10,14.285000,11
49,11,42.978000,15
49,12,14.423000,12
49,13,42.969000,14
49,14,15.474000,13
49,15,43.742000,16
49,16,16.775000,17
49,17,44.147000,18
49,18,42.981000,16
49,19,32.715000,8
49,20,36.124000,7
49,21,32.673000,8
49,22,32.619000,8
49,23,46.149000,23
49,24,45.522000,18
50,1,35.350000,15
50,2,13.624000,8
50,3,32.074000,8
50,4,11.566000,8
50,5,30.817000,7
50,6,2.376000,8
50,7,38.872000,11
50,8,18.778000,15
50,9,39.922000,14
50,10,18.745000,18
50,11,38.875000,12
50,12,17.489000,13
50,13,36.252000,11
50,14,17.297000,12
50,15,41.846000,16
50,16,18.904000,17
50,17,44.702000,18
50,18,43.253000,17
50,19,30.298000,8
50,20,30.784000,7
50,21,32.043000,8
50,22,32.052000,8
50,23,45.261000,22
50,24,47.586000,21
51,1,37.723000,15
51,2,12.213000,7
51,3,32.353000,8
51,4,3.373000,8
51,5,30.666000,8
51,6,4.417000,8
51,7,36.864000,9
51,8,17.601000,14
51,9,39.710000,14
51,10,12.519000,11
51,11,39.733000,14
51,12,13.938000,12
51,13,37.387000,11
51,14,15.467000,13
51,15,40.935000,16
51,16,15.336000,17
51,17,43.090000,18
51,18,40.950000,16
51,19,32.366000,8
51,20,31.777000,7
51,21,32.351000,8
51,22,29.021000,8
51,23,38.791000,13
51,24,46.695000,22
52,1,42.031000,15
52,2,10.390000,7
52,3,33.671000,8
52,4,4.295000,8
52,5,32.280000,8
52,6,3.980000,8
52,7,40.602000,10
52,8,17.651000,15
52,9,43.004000,14
52,10,17.896000,18
52,11,44.122000,12
52,12,14.173000,11
52,13,41.887000,11
52,14,15.982000,12
52,15,45.141000,16
52,16,17.896000,17
52,17,45.766000,18
52,18,45.054000,17
52,19,30.479000,8
52,20,33.605000,7
52,21,30.912000,8
52,22,33.637000,8
52,23,47.386000,22
52,24,51.513000,19
53,1,36.820000,15
53,2,2.955000,10
53,3,33.777000,8
53,4,10.833000,8
53,5,35.020000,7
53,6,13.114000,8
53,7,41.954000,11
53,8,17.883000,15
53,9,39.441000,14
53,10,16.186000,11
53,11,42.621000,15
53,12,15.000000,11
53,13,37.399000,11
53,14,17.788000,13
53,15,44.344000,16
53,16,17.329000,17
53,17,44.564000,17
53,18,41.389000,16
53,19,31.951000,8
53,20,35.515000,7
53,21,28.396000,8
53,22,30.061000,8
53,23,41.947000,13
53,24,47.841000,20
54,1,43.713000,16
54,2,12.373000,8
54,3,30.239000,8
54,4,4.401000,8
54,5,32.185000,8
54,6,4.468000,8
54,7,35.504000,9
54,8,18.311000,15
54,9,41.883000,14
54,10,17.283000,18
54,11,41.886000,12
54,12,14.350000,11
54,13,40.596000,13
54,14,15.802000,12
54,15,45.361000,16
54,16,17.111000,17
54,17,43.286000,17
54,18,42.867000,16
54,19,32.196000,8
54,20,35.268000,7
54,21,32.220000,8
54,22,27.679000,8
54,23,46.966000,22
54,24,51.141000,24
55,1,42.581000,19
55,2,10.875000,8
55,3,31.430000,8
55,4,4.708000,8
55,5,32.760000,7
55,6,3.128000,8
55,7,40.661000,10
55,8,17.855000,15
55,9,42.861000,14
55,10,13.868000,11
55,11,42.889000,15
55,12,16.388000,12
55,13,39.139000,10
55,14,16.528000,13
55,15,44.942000,16
55,16,17.041000,17
55,17,45.673000,18
55,18,42.917000,16
55,19,34.598000,8
55,20,30.688000,7
55,21,30.769000,8
55,22,30.372000,8
55,23,42.862000,13
55,24,48.707000,22
56,1,50.433000,23
56,2,11.422000,7
56,3,29.031000,8
56,4,5.460000,8
56,5,31.988000,7
56,6,4.421000,8
56,7,39.636000,11
56,8,16.602000,15
56,9,41.258000,14
56,10,15.552000,12
56,11,41.269000,12
56,12,15.489000,11
56,13,35.324000,10
56,14,11.687000,11
56,15,45.189000,16
56,16,15.629000,17
56,17,44.046000,17
56,18,43.569000,17
56,19,30.283000,8
56,20,37.983000,11
56,21,29.711000,8
56,22,30.264000,8
56,23,48.177000,22
56,24,52.948000,22
57,1,41.117000,19
57,2,13.699000,7
57,3,32.974000,8
57,4,13.264000,8
57,5,33.038000,7
57,6,3.703000,8
57,7,35.491000,9
57,8,19.064000,14
57,9,45.916000,14
57,10,16.192000,11
57,11,45.922000,15
57,12,14.488000,11
57,13,44.612000,12
57,14,16.199000,12
57,15,46.532000,16
57,16,16.383000,16
57,17,45.905000,17
57,18,45.910000,16
57,19,32.974000,8
57,20,39.225000,12
57,21,33.039000,8
57,22,31.596000,8
57,23,42.438000,13
57,24,56.717000,30
58,1,43.995000,21
58,2,15.189000,12
58,3,30.639000,8
58,4,5.263000,8
58,5,33.979000,8
58,6,3.956000,8
58,7,33.988000,9
58,8,15.644000,15
58,9,41.711000,14
58,10,15.334000,12
58,11,41.727000,12
58,12,15.484000,13
58,13,41.738000,11
58,14,14.549000,13
58,15,45.247000,16
58,16,15.908000,17
58,17,43.910000,17
58,18,43.011000,16
58,19,33.973000,8
58,20,32.653000,8
58,21,29.404000,8
58,22,32.198000,8
58,23,48.824000,22
58,24,54.154000,24
59,1,44.201000,20
59,2,15.326000,12
59,3,31.141000,8
59,4,4.421000,8
59,5,32.605000,7
59,6,3.009000,8
59,7,38.333000,9
59,8,16.638000,14
59,9,42.714000,14
59,10,15.838000,14
59,11,44.472000,15
59,12,15.009000,10
59,13,40.452000,11
59,14,15.538000,11
59,15,45.007000,15
59,16,16.320000,17
59,17,44.488000,18
59,18,41.953000,14
59,19,32.607000,8
59,20,32.589000,8
59,21,28.750000,8
59,22,32.627000,8
59,23,42.536000,12
59,24,49.659000,22
60,1,38.894000,18
60,2,13.853000,12
60,3,29.155000,8
60,4,8.175000,8
60,5,33.095000,8
60,6,2.510000,8
60,7,44.450000,12
60,8,17.693000,15
60,9,40.721000,12
60,10,19.165000,18
60,11,39.358000,12
60,12,14.781000,11
60,13,36.494000,10
60,14,17.220000,13
60,15,44.480000,15
60,16,16.964000,17
60,17,46.922000,18
60,18,42.267000,15
60,19,33.025000,8
60,20,33.046000,8
60,21,30.773000,8
60,22,35.013000,8
60,23,47.577000,19
60,24,51.537000,21
61,1,40.658000,18
61,2,13.416000,11
61,3,30.248000,8
61,4,3.976000,8
61,5,33.165000,7
61,6,4.396000,8
61,7,36.916000,10
61,8,19.191000,15
61,9,40.436000,14
61,10,16.408000,18
61,11,40.369000,14
61,12,13.658000,10
61,13,38.225000,10
61,14,14.975000,11
61,15,41.768000,15
61,16,16.078000,17
61,17,42.694000,18
61,18,39.533000,14
61,19,33.120000,8
61,20,30.158000,8
61,21,31.158000,8
61,22,29.522000,8
61,23,39.505000,12
61,24,44.087000,18
62,1,42.191000,20
62,2,15.217000,11
62,3,31.731000,8
62,4,12.913000,8
62,5,28.031000,7
62,6,6.050000,8
62,7,35.359000,9
62,8,21.442000,15
62,9,39.970000,12
62,10,18.068000,18
62,11,38.510000,12
62,12,14.596000,10
62,13,39.983000,12
62,14,16.133000,12
62,15,41.157000,14
62,16,16.643000,17
62,17,42.208000,18
62,18,36.855000,11
62,19,31.728000,8
62,20,31.717000,8
62,21,31.774000,8
62,22,31.716000,8
62,23,40.642000,12
62,24,48.011000,29
63,1,39.055000,17
63,2,13.501000,11
63,3,30.181000,8
63,4,2.581000,8
63,5,33.197000,7
63,6,11.704000,9
63,7,38.110000,13
63,8,16.583000,14
63,9,41.546000,14
63,10,16.719000,18
63,11,40.853000,13
63,12,15.196000,12
63,13,38.139000,10
63,14,15.754000,11
63,15,41.554000,13
63,16,16.400000,17
63,17,43.232000,18
63,18,40.860000,15
63,19,31.371000,8
63,20,31.370000,8
63,21,30.340000,8
63,22,31.382000,8
63,23,44.808000,22
63,24,44.779000,19
64,1,47.046000,19
64,2,14.437000,11
64,3,30.627000,8
64,4,2.624000,8
64,5,34.070000,7
64,6,12.452000,9
64,7,34.826000,9
64,8,17.948000,15
64,9,42.393000,12
64,10,17.922000,18
64,11,41.014000,12
64,12,16.821000,10
64,13,38.180000,9
64,14,19.191000,14
64,15,40.863000,14
64,16,17.409000,17
64,17,45.834000,18
64,18,42.390000,15
64,19,34.834000,8
64,20,36.365000,8
64,21,32.553000,8
64,22,32.173000,8
64,23,45.157000,13
64,24,47.110000,17
65,1,42.913000,18
65,2,14.931000,12
65,3,30.581000,8
65,4,4.146000,8
65,5,31.883000,8
65,6,10.349000,9
65,7,37.655000,9
65,8,19.920000,15
65,9,40.846000,14
65,10,19.635000,18
65,11,41.960000,14
65,12,14.396000,9
65,13,37.656000,10
65,14,16.425000,11
65,15,42.846000,13
65,16,18.612000,16
65,17,43.924000,18
65,18,41.968000,15
65,19,31.846000,8
65,20,33.585000,8
65,21,31.842000,8
65,22,30.019000,8
65,23,43.520000,16
65,24,47.574000,21
66,1,38.030000,14
66,2,12.733000,7
66,3,27.855000,8
66,4,2.496000,8
66,5,32.792000,7
66,6,11.250000,9
66,7,36.682000,10
66,8,18.503000,15
66,9,37.763000,12
66,10,19.328000,17
66,11,38.903000,12
66,12,12.540000,9
66,13,38.910000,10
66,14,15.653000,11
66,15,40.249000,14
66,16,16.808000,17
66,17,44.075000,18
66,18,40.268000,15
66,19,29.412000,8
66,20,33.259000,8
66,21,29.412000,8
66,22,29.371000,8
66,23,40.528000,12
66,24,47.315000,22
67,1,41.667000,17
67,2,12.900000,10
67,3,31.311000,8
67,4,5.578000,8
67,5,34.360000,7
67,6,13.666000,9
67,7,34.388000,9
67,8,18.655000,15
67,9,42.389000,14
67,10,17.396000,17
67,11,39.314000,12
67,12,14.493000,9
67,13,38.979000,11
67,14,16.374000,11
67,15,44.549000,14
67,16,15.125000,17
67,17,43.708000,18
67,18,40.915000,15
67,19,34.761000,8
67,20,36.283000,9
67,21,32.269000,8
67,22,32.233000,8
67,23,45.373000,22
67,24,48.538000,20
68,1,40.039000,17
68,2,15.459000,9
68,3,32.848000,8
68,4,2.663000,8
68,5,34.262000,7
68,6,15.027000,9
68,7,36.309000,9
68,8,19.967000,15
68,9,40.595000,12
68,10,13.955000,11
68,11,42.508000,14
68,12,14.497000,9
68,13,40.669000,12
68,14,15.178000,12
68,15,41.533000,13
68,16,16.328000,17
68,17,43.959000,18
68,18,40.662000,14
68,19,31.015000,8
68,20,34.304000,9
68,21,34.262000,8
68,22,30.295000,8
68,23,42.561000,12
68,24,46.356000,20
69,1,37.597000,14
69,2,15.446000,8
69,3,34.096000,8
69,4,15.012000,8
69,5,33.059000,7
69,6,10.610000,10
69,7,34.077000,9
69,8,18.983000,15
69,9,40.291000,15
69,10,17.523000,11
69,11,35.334000,11
69,12,15.393000,9
69,13,36.722000,10
69,14,18.447000,13
69,15,46.024000,20
69,16,17.159000,18
69,17,43.910000,18
69,18,41.386000,15
69,19,34.077000,8
69,20,34.003000,9
69,21,31.913000,8
69,22,31.526000,8
69,23,46.020000,21
69,24,48.364000,20
70,1,41.457000,18
70,2,12.935000,8
70,3,29.956000,8
70,4,7.114000,8
70,5,33.229000,7
70,6,12.921000,10
70,7,34.922000,9
70,8,17.628000,14
70,9,39.176000,12
70,10,14.225000,12
70,11,38.321000,11
70,12,12.644000,9
70,13,36.270000,10
70,14,15.404000,11
70,15,40.298000,13
70,16,15.705000,18
70,17,41.176000,18
70,18,39.200000,15
70,19,33.169000,8
70,20,35.323000,9
70,21,33.211000,8
70,22,28.861000,8
70,23,37.820000,11
70,24,42.420000,17
71,1,40.779000,16
71,2,14.063000,9
71,3,30.215000,8
71,4,2.925000,8
71,5,34.477000,7
71,6,12.326000,11
71,7,38.581000,10
71,8,16.612000,14
71,9,42.733000,15
71,10,16.147000,11
71,11,39.701000,11
71,12,13.517000,9
71,13,38.588000,9
71,14,15.543000,11
71,15,41.143000,12
71,16,17.315000,18
71,17,44.599000,18
71,18,42.133000,15
71,19,34.474000,8
71,20,37.132000,9
71,21,31.927000,8
71,22,31.892000,8
71,23,46.161000,24
71,24,45.782000,19
72,1,40.736000,17
72,2,16.404000,11
72,3,32.364000,8
72,4,3.883000,8
72,5,35.068000,7
72,6,14.168000,11
72,7,38.366000,10
72,8,20.066000,15
72,9,40.848000,13
72,10,18.474000,11
72,11,38.309000,11
72,12,16.951000,9
72,13,38.359000,10
72,14,18.451000,12
72,15,43.001000,15
72,16,20.257000,18
72,17,43.817000,18
72,18,38.312000,11
72,19,29.647000,8
72,20,35.084000,9
72,21,30.954000,8
72,22,29.794000,8
72,23,42.358000,16
72,24,48.028000,22
73,1,43.485000,18
73,2,17.392000,10
73,3,33.552000,8
73,4,12.152000,8
73,5,32.088000,7
73,6,16.287000,11
73,7,38.550000,11
73,8,19.958000,14
73,9,42.746000,13
73,10,19.130000,11
73,11,42.687000,11
73,12,16.983000,9
73,13,39.693000,10
73,14,16.729000,8
73,15,44.114000,13
73,16,19.992000,18
73,17,44.063000,18
73,18,41.099000,14
73,19,37.927000,12
73,20,34.990000,9
73,21,31.192000,8
73,22,33.499000,8
73,23,42.690000,15
73,24,49.561000,20
74,1,42.394000,19
74,2,17.195000,12
74,3,29.953000,8
74,4,3.476000,8
74,5,32.580000,8
74,6,15.638000,11
74,7,34.526000,9
74,8,18.733000,14
74,9,40.232000,13
74,10,16.040000,11
74,11,43.140000,14
74,12,11.717000,7
74,13,35.882000,10
74,14,16.635000,10
74,15,43.157000,15
74,16,16.768000,18
74,17,44.121000,18
74,18,37.709000,11
74,19,32.590000,8
74,20,34.502000,9
74,21,30.450000,8
74,22,34.519000,8
74,23,41.465000,14
74,24,47.464000,22
75,1,41.886000,17
75,2,15.563000,9
75,3,32.047000,8
75,4,12.363000,8
75,5,30.810000,7
75,6,13.967000,11
75,7,36.371000,9
75,8,18.725000,13
75,9,39.744000,12
75,10,17.230000,14
75,11,38.822000,10
75,12,16.795000,11
75,13,37.801000,11
75,14,18.660000,11
75,15,39.785000,12
75,16,17.591000,17
75,17,42.669000,18
75,18,39.208000,14
75,19,36.306000,8
75,20,34.324000,9
75,21,29.091000,8
75,22,32.080000,8
75,23,40.238000,14
75,24,46.332000,20
76,1,41.613000,19
76,2,16.390000,13
76,3,30.187000,8
76,4,12.411000,8
76,5,33.914000,7
76,6,15.654000,11
76,7,38.520000,11
76,8,16.735000,15
76,9,39.949000,12
76,10,16.574000,12
76,11,38.385000,11
76,12,15.521000,9
76,13,35.844000,9
76,14,16.339000,11
76,15,39.223000,12
76,16,17.621000,18
76,17,42.416000,18
76,18,37.306000,11
76,19,33.978000,9
76,20,35.840000,9
76,21,28.376000,8
76,22,33.946000,9
76,23,41.015000,14
76,24,45.321000,19
77,1,45.874000,19
77,2,15.586000,8
77,3,31.596000,8
77,4,4.419000,8
77,5,35.707000,8
77,6,11.857000,11
77,7,42.256000,12
77,8,17.541000,14
77,9,45.942000,15
77,10,15.188000,11
77,11,45.118000,11
77,12,14.116000,9
77,13,39.991000,9
77,14,14.015000,9
77,15,42.208000,12
77,16,18.258000,18
77,17,47.345000,19
77,18,46.762000,17
77,19,38.102000,9
77,20,33.342000,9
77,21,33.347000,8
77,22,33.348000,9
77,23,45.156000,15
77,24,50.409000,19
78,1,43.541000,19
78,2,15.886000,12
78,3,31.104000,8
78,4,6.566000,8
78,5,32.378000,7
78,6,15.041000,11
78,7,34.434000,9
78,8,19.518000,14
78,9,40.418000,12
78,10,16.146000,11
78,11,37.229000,10
78,12,14.808000,9
78,13,34.445000,7
78,14,15.954000,10
78,15,40.566000,13
78,16,17.143000,18
78,17,41.328000,16
78,18,40.598000,14
78,19,34.415000,9
78,20,32.845000,9
78,21,30.432000,8
78,22,34.484000,10
78,23,39.855000,14
78,24,45.378000,19
79,1,45.896000,19
79,2,13.669000,11
79,3,32.429000,8
79,4,12.453000,8
79,5,31.150000,7
79,6,7.458000,11
79,7,35.090000,9
79,8,18.380000,14
79,9,40.476000,14
79,10,15.275000,11
79,11,42.273000,14
79,12,13.621000,9
79,13,34.475000,8
79,14,14.886000,9
79,15,37.470000,11
79,16,18.459000,18
79,17,44.326000,18
79,18,42.258000,15
79,19,34.531000,9
79,20,36.173000,9
79,21,30.581000,8
79,22,36.175000,10
79,23,43.326000,16
79,24,47.067000,19
80,1,41.891000,19
80,2,21.678000,17
80,3,29.968000,8
80,4,7.985000,8
80,5,31.669000,7
80,6,14.597000,11
80,7,38.583000,9
80,8,19.731000,14
80,9,42.080000,12
80,10,19.565000,14
80,11,37.275000,10
80,12,15.962000,9
80,13,37.291000,10
80,14,15.620000,9
80,15,39.658000,12
80,16,20.821000,18
80,17,45.357000,18
80,18,43.412000,15
80,19,31.144000,9
80,20,35.317000,9
80,21,29.603000,8
80,22,35.305000,10
80,23,44.369000,15
80,24,48.042000,20
81,1,43.835000,19
81,2,12.472000,8
81,3,30.511000,8
81,4,4.052000,8
81,5,31.715000,7
81,6,15.275000,11
81,7,31.714000,7
81,8,17.990000,14
81,9,42.151000,14
81,10,14.552000,11
81,11,37.415000,10
81,12,14.834000,9
81,13,38.922000,11
81,14,16.255000,12
81,15,42.187000,14
81,16,15.317000,17
81,17,43.152000,17
81,18,42.138000,15
81,19,35.675000,9
81,20,35.748000,9
81,21,31.717000,8
81,22,37.978000,11
81,23,42.165000,15
81,24,46.294000,19
82,1,42.046000,18
82,2,19.268000,17
82,3,31.205000,8
82,4,3.120000,8
82,5,32.418000,8
82,6,15.305000,11
82,7,31.788000,7
82,8,18.669000,14
82,9,38.239000,12
82,10,16.754000,11
82,11,37.595000,9
82,12,16.407000,9
82,13,35.019000,9
82,14,16.258000,9
82,15,37.082000,11
82,16,19.698000,18
82,17,41.585000,17
82,18,39.697000,15
82,19,35.644000,9
82,20,28.921000,8
82,21,33.575000,8
82,22,37.080000,11
82,23,40.983000,16
82,24,44.944000,20
83,1,41.706000,19
83,2,19.991000,17
83,3,34.292000,8
83,4,13.134000,8
83,5,36.258000,7
83,6,16.565000,11
83,7,30.416000,7
83,8,20.145000,15
83,9,37.007000,12
83,10,18.134000,11
83,11,37.836000,10
83,12,16.702000,9
83,13,37.023000,10
83,14,16.925000,10
83,15,42.188000,12
83,16,19.946000,18
83,17,41.442000,16
83,18,41.832000,14
83,19,34.268000,9
83,20,30.372000,8
83,21,31.359000,8
83,22,36.325000,10
83,23,41.814000,19
83,24,46.678000,19
84,1,43.246000,20
84,2,19.102000,16
84,3,31.069000,8
84,4,13.151000,8
84,5,29.243000,7
84,6,16.026000,11
84,7,28.002000,7
84,8,8.313000,14
84,9,44.452000,14
84,10,14.953000,12
84,11,40.727000,11
84,12,14.396000,9
84,13,34.673000,9
84,14,15.536000,9
84,15,47.712000,18
84,16,15.850000,18
84,17,45.644000,17
84,18,47.543000,18
84,19,36.193000,9
84,20,31.121000,8
84,21,27.525000,8
84,22,47.555000,18
84,23,47.543000,19
84,24,48.450000,19
85,1,43.765000,20
85,2,16.632000,16
85,3,30.783000,8
85,4,3.996000,8
85,5,32.035000,7
85,6,11.656000,11
85,7,36.678000,11
85,8,16.645000,14
85,9,41.198000,12
85,10,15.262000,10
85,11,41.205000,12
85,12,12.940000,8
85,13,37.966000,9
85,14,14.863000,10
85,15,41.233000,12
85,16,16.886000,19
85,17,43.450000,17
85,18,39.594000,14
85,19,32.028000,9
85,20,34.088000,8
85,21,32.004000,8
85,22,42.947000,18
85,23,37.915000,11
85,24,47.577000,19
86,1,46.528000,19
86,2,14.738000,15
86,3,33.270000,8
86,4,10.771000,8
86,5,29.944000,7
86,6,4.990000,11
86,7,34.828000,9
86,8,16.056000,14
86,9,38.710000,12
86,10,12.751000,11
86,11,38.726000,9
86,12,11.999000,8
86,13,31.359000,7
86,14,4.848000,9
86,15,41.544000,12
86,16,16.012000,18
86,17,44.440000,17
86,18,43.701000,16
86,19,33.252000,9
86,20,41.530000,12
86,21,29.254000,8
86,22,43.661000,18
86,23,38.710000,12
86,24,45.507000,19
87,1,44.605000,19
87,2,17.720000,15
87,3,31.101000,8
87,4,2.835000,8
87,5,32.603000,8
87,6,15.211000,11
87,7,39.242000,9
87,8,17.678000,14
87,9,41.073000,13
87,10,15.673000,10
87,11,37.476000,10
87,12,15.101000,9
87,13,32.641000,7
87,14,13.727000,10
87,15,39.230000,12
87,16,18.800000,18
87,17,44.639000,17
87,18,42.253000,14
87,19,40.695000,9
87,20,37.498000,9
87,21,28.456000,8
87,22,44.130000,17
87,23,42.205000,12
87,24,48.587000,20
88,1,42.780000,19
88,2,16.756000,15
88,3,29.742000,8
88,4,3.946000,8
88,5,33.710000,7
88,6,10.966000,11
88,7,38.879000,9
88,8,17.087000,14
88,9,41.787000,13
88,10,14.411000,11
88,11,37.100000,9
88,12,14.635000,10
88,13,37.381000,10
88,14,14.792000,10
88,15,41.051000,12
88,16,17.395000,18
88,17,43.974000,17
88,18,41.038000,12
88,19,35.678000,9
88,20,31.328000,8
88,21,31.427000,8
88,22,44.882000,18
88,23,39.809000,11
88,24,47.381000,19
89,1,46.813000,19
89,2,15.730000,16
89,3,30.244000,8
89,4,4.791000,8
89,5,31.956000,7
89,6,4.904000,11
89,7,38.263000,11
89,8,16.372000,13
89,9,39.612000,12
89,10,14.085000,10
89,11,36.378000,9
89,12,12.761000,9
89,13,38.241000,11
89,14,14.123000,11
89,15,39.618000,12
89,16,16.849000,18
89,17,42.646000,16
89,18,40.894000,14
89,19,31.573000,9
89,20,31.357000,8
89,21,40.943000,14
89,22,40.945000,15
89,23,41.810000,12
89,24,48.558000,20
90,1,43.014000,18
90,2,17.607000,16
90,3,32.624000,8
90,4,5.022000,8
90,5,33.519000,7
90,6,13.061000,11
90,7,38.975000,9
90,8,16.249000,12
90,9,40.419000,11
90,10,16.095000,13
90,11,37.424000,9
90,12,12.864000,9
90,13,40.410000,10
90,14,14.555000,9
90,15,40.432000,12
90,16,16.416000,14
90,17,46.080000,16
90,18,44.611000,18
90,19,37.426000,9
90,20,33.976000,8
90,21,41.600000,14
90,22,46.557000,19
90,23,47.187000,18
90,24,47.604000,19
91,1,45.282000,19
91,2,10.801000,8
91,3,29.645000,8
91,4,6.360000,8
91,5,33.848000,8
91,6,13.373000,11
91,7,36.905000,9
91,8,13.038000,11
91,9,40.636000,12
91,10,11.933000,10
91,11,35.360000,7
91,12,13.486000,9
91,13,31.584000,9
91,14,3.275000,9
91,15,40.658000,11
91,16,13.116000,17
91,17,42.203000,16
91,18,40.478000,14
91,19,33.875000,9
91,20,33.811000,9
91,21,41.601000,14
91,22,45.386000,18
91,23,46.689000,14
91,24,48.467000,19
92,1,46.432000,19
92,2,15.258000,8
92,3,29.883000,8
92,4,5.497000,8
92,5,33.942000,7
92,6,12.152000,11
92,7,38.009000,9
92,8,15.495000,11
92,9,38.009000,10
92,10,14.581000,9
92,11,38.481000,11
92,12,15.448000,11
92,13,38.030000,10
92,14,14.619000,9
92,15,40.762000,13
92,16,16.916000,17
92,17,44.766000,16
92,18,42.786000,15
92,19,36.169000,9
92,20,36.098000,9
92,21,44.496000,15
92,22,45.526000,18
92,23,49.179000,16
92,24,48.449000,20
93,1,44.325000,19
93,2,13.046000,7
93,3,30.742000,8
93,4,10.523000,8
93,5,32.352000,7
93,6,16.174000,11
93,7,34.907000,9
93,8,17.113000,12
93,9,37.391000,13
93,10,16.114000,11
93,11,34.933000,9
93,12,14.937000,9
93,13,34.904000,8
93,14,15.991000,9
93,15,38.314000,11
93,16,15.102000,18
93,17,43.687000,16
93,18,43.765000,16
93,19,34.859000,9
93,20,34.900000,9
93,21,40.826000,15
93,22,43.754000,18
93,23,45.200000,17
93,24,46.068000,19
94,1,47.263000,19
94,2,15.886000,13
94,3,29.221000,8
94,4,12.565000,8
94,5,33.223000,7
94,6,15.469000,11
94,7,40.750000,12
94,8,15.706000,12
94,9,44.174000,12
94,10,13.487000,9
94,11,35.137000,9
94,12,13.692000,9
94,13,34.682000,7
94,14,12.797000,9
94,15,42.692000,12
94,16,16.715000,18
94,17,46.492000,16
94,18,45.120000,16
94,19,34.699000,9
94,20,38.360000,12
94,21,30.502000,8
94,22,47.446000,18
94,23,49.591000,13
94,24,51.317000,21
95,1,47.569000,19
95,2,15.430000,10
95,3,33.961000,8
95,4,14.843000,8
95,5,32.537000,8
95,6,13.112000,11
95,7,35.769000,10
95,8,17.907000,11
95,9,40.841000,11
95,10,15.754000,10
95,11,35.777000,9
95,12,16.740000,9
95,13,35.769000,9
95,14,16.081000,9
95,15,40.799000,12
95,16,18.043000,18
95,17,44.064000,16
95,18,44.091000,16
95,19,33.935000,9
95,20,32.080000,8
95,21,31.850000,8
95,22,43.384000,16
95,23,44.049000,14
95,24,46.369000,19
96,1,43.336000,18
96,2,12.816000,9
96,3,33.253000,8
96,4,4.654000,8
96,5,35.097000,7
96,6,11.457000,11
96,7,38.767000,10
96,8,16.625000,12
96,9,41.060000,11
96,10,17.576000,14
96,11,37.050000,9
96,12,14.375000,9
96,13,37.054000,10
96,14,15.156000,9
96,15,39.950000,12
96,16,16.021000,18
96,17,43.498000,16
96,18,41.116000,15
96,19,35.148000,9
96,20,34.616000,9
96,21,33.268000,8
96,22,44.581000,17
96,23,45.901000,15
96,24,45.830000,19
97,1,44.050000,18
97,2,14.660000,9
97,3,32.706000,8
97,4,4.330000,8
97,5,31.058000,7
97,6,5.812000,11
97,7,37.200000,9
97,8,14.312000,11
97,9,35.557000,10
97,10,14.920000,10
97,11,37.245000,11
97,12,14.276000,9
97,13,37.204000,9
97,14,13.897000,9
97,15,39.939000,12
97,16,16.691000,18
97,17,43.242000,16
97,18,42.572000,15
97,19,35.860000,9
97,20,37.233000,9
97,21,35.092000,8
97,22,43.231000,16
97,23,46.715000,22
97,24,45.496000,19
98,1,47.697000,19
98,2,15.639000,8
98,3,33.154000,8
98,4,9.419000,8
98,5,35.208000,7
98,6,16.311000,11
98,7,42.592000,13
98,8,16.984000,12
98,9,41.077000,11
98,10,17.004000,11
98,11,37.493000,9
98,12,17.037000,9
98,13,37.508000,10
98,14,17.065000,9
98,15,41.093000,12
98,16,18.604000,18
98,17,46.708000,16
98,18,46.285000,16
98,19,37.497000,9
98,20,37.534000,9
98,21,32.849000,8
98,22,44.967000,17
98,23,50.928000,23
98,24,50.470000,19
99,1,45.831000,19
99,2,14.460000,8
99,3,34.284000,8
99,4,11.762000,8
99,5,35.622000,8
99,6,18.238000,11
99,7,37.377000,9
99,8,18.940000,11
99,9,40.636000,11
99,10,16.193000,10
99,11,35.584000,9
99,12,16.067000,9
99,13,38.990000,10
99,14,16.808000,8
99,15,41.424000,13
99,16,18.152000,18
99,17,45.477000,16
99,18,41.729000,14
99,19,34.223000,9
99,20,35.715000,9
99,21,31.523000,8
99,22,45.986000,17
99,23,45.162000,14
99,24,50.128000,20
100,1,49.454000,19
100,2,11.965000,9
100,3,29.407000,8
100,4,9.763000,8
100,5,32.633000,7
100,6,3.206000,11
100,7,36.836000,9
100,8,14.891000,11
100,9,40.598000,11
100,10,12.984000,12
100,11,38.561000,9
100,12,13.325000,9
100,13,36.884000,9
100,14,13.276000,9
100,15,42.481000,12
100,16,14.865000,18
100,17,47.904000,16
100,18,47.927000,18
100,19,38.575000,10
100,20,44.811000,12
100,21,30.625000,8
100,22,47.800000,18
100,23,49.625000,14
100,24,50.652000,20
101,1,43.166000,18
101,2,11.465000,8
101,3,30.574000,8
101,4,7.273000,8
101,5,31.689000,7
101,6,16.626000,11
101,7,33.546000,9
101,8,16.591000,11
101,9,39.938000,12
101,10,12.009000,10
101,11,33.515000,9
101,12,14.140000,7
101,13,31.768000,7
101,14,14.665000,8
101,15,41.259000,12
101,16,13.439000,18
101,17,41.942000,16
101,18,41.200000,14
101,19,33.506000,9
101,20,31.704000,8
101,21,30.153000,8
101,22,41.663000,17
101,23,42.678000,13
101,24,44.522000,20
102,1,44.503000,19
102,2,12.959000,8
102,3,32.293000,8
102,4,3.174000,8
102,5,29.311000,7
102,6,5.602000,11
102,7,37.959000,9
102,8,15.175000,11
102,9,39.739000,10
102,10,14.151000,10
102,11,35.822000,10
102,12,13.361000,8
102,13,38.017000,10
102,14,14.789000,8
102,15,42.573000,14
102,16,15.837000,18
102,17,44.115000,16
102,18,44.470000,18
102,19,32.317000,9
102,20,34.585000,9
102,21,34.585000,8
102,22,44.115000,18
102,23,46.139000,13
102,24,45.711000,19
103,1,42.986000,14
103,2,13.518000,9
103,3,30.550000,8
103,4,3.869000,8
103,5,36.214000,9
103,6,15.133000,11
103,7,36.213000,9
103,8,15.077000,11
103,9,43.704000,14
103,10,13.856000,10
103,11,36.213000,11
103,12,13.969000,9
103,13,37.744000,10
103,14,13.589000,9
103,15,42.763000,12
103,16,15.371000,18
103,17,44.795000,16
103,18,42.757000,15
103,19,34.137000,9
103,20,36.213000,9
103,21,31.875000,8
103,22,44.453000,18
103,23,45.762000,19
103,24,46.576000,19
104,1,38.368000,15
104,2,14.781000,8
104,3,32.470000,8
104,4,13.283000,8
104,5,31.330000,7
104,6,14.676000,11
104,7,39.060000,11
104,8,12.428000,11
104,9,39.483000,11
104,10,13.430000,10
104,11,36.270000,9
104,12,14.923000,10
104,13,36.197000,10
104,14,12.507000,8
104,15,39.824000,12
104,16,14.164000,18
104,17,42.081000,16
104,18,39.881000,12
104,19,36.198000,9
104,20,36.731000,9
104,21,33.056000,8
104,22,42.383000,19
104,23,43.963000,17
104,24,45.846000,19
105,1,41.311000,14
105,2,15.381000,13
105,3,33.871000,8
105,4,5.072000,8
105,5,35.386000,7
105,6,10.758000,11
105,7,40.923000,9
105,8,13.698000,11
105,9,41.477000,12
105,10,12.849000,9
105,11,37.535000,9
105,12,14.304000,9
105,13,41.401000,10
105,14,12.828000,8
105,15,44.482000,12
105,16,15.780000,18
105,17,45.762000,16
105,18,43.414000,13
105,19,39.291000,9
105,20,41.406000,12
105,21,32.785000,8
105,22,46.770000,18
105,23,51.748000,20
105,24,50.717000,21
106,1,41.426000,16
106,2,12.986000,8
106,3,32.482000,8
106,4,3.674000,8
106,5,30.882000,7
106,6,8.041000,11
106,7,36.606000,9
106,8,14.087000,11
106,9,40.588000,11
106,10,13.876000,10
106,11,36.634000,9
106,12,12.498000,9
106,13,34.886000,9
106,14,11.864000,9
106,15,38.032000,11
106,16,15.530000,17
106,17,43.683000,15
106,18,43.620000,15
106,19,36.614000,9
106,20,36.587000,9
106,21,32.490000,8
106,22,43.630000,18
106,23,48.616000,20
106,24,44.807000,18
107,1,38.029000,14
107,2,15.477000,9
107,3,32.156000,8
107,4,11.979000,8
107,5,34.680000,8
107,6,15.958000,11
107,7,34.163000,9
107,8,15.909000,11
107,9,30.957000,7
107,10,4.448000,12
107,11,34.693000,8
107,12,15.245000,9
107,13,34.723000,9
107,14,14.243000,8
107,15,37.950000,11
107,16,16.119000,12
107,17,40.589000,15
107,18,39.134000,12
107,19,32.112000,9
107,20,34.216000,10
107,21,29.101000,8
107,22,41.342000,18
107,23,43.136000,16
107,24,45.842000,20
108,1,39.365000,16
108,2,15.890000,9
108,3,29.836000,8
108,4,12.361000,8
108,5,31.158000,7
108,6,15.549000,11
108,7,34.868000,9
108,8,18.768000,15
108,9,35.741000,9
108,10,16.894000,10
108,11,36.444000,10
108,12,16.473000,10
108,13,31.166000,6
108,14,13.062000,8
108,15,40.063000,12
108,16,18.476000,18
108,17,40.907000,15
108,18,39.393000,14
108,19,35.721000,9
108,20,36.418000,10
108,21,31.177000,8
108,22,41.964000,19
108,23,42.321000,14
108,24,43.274000,19
109,1,41.333000,14
109,2,12.324000,9
109,3,30.157000,8
109,4,4.543000,8
109,5,31.931000,7
109,6,10.819000,11
109,7,35.668000,9
109,8,14.639000,11
109,9,34.489000,11
109,10,12.038000,9
109,11,35.684000,10
109,12,14.841000,10
109,13,37.596000,10
109,14,12.848000,9
109,15,37.545000,10
109,16,16.416000,18
109,17,40.153000,15
109,18,39.568000,14
109,19,35.703000,9
109,20,37.572000,10
109,21,31.925000,8
109,22,42.579000,18
109,23,44.492000,17
109,24,43.276000,19
110,1,39.681000,14
110,2,15.230000,9
110,3,29.164000,8
110,4,4.155000,8
110,5,30.239000,7
110,6,13.758000,12
110,7,38.635000,11
110,8,13.847000,11
110,9,39.056000,12
110,10,13.369000,9
110,11,34.426000,9
110,12,14.650000,9
110,13,34.412000,9
110,14,13.766000,8
110,15,37.607000,11
110,16,15.561000,18
110,17,42.083000,15
110,18,40.506000,12
110,19,34.435000,10
110,20,37.434000,12
110,21,30.259000,8
110,22,42.048000,17
110,23,44.995000,20
110,24,42.675000,19
111,1,42.950000,17
111,2,13.684000,12
111,3,32.202000,8
111,4,5.647000,8
111,5,34.164000,7
111,6,15.007000,11
111,7,36.198000,9
111,8,15.128000,11
111,9,40.252000,12
111,10,13.786000,9
111,11,33.731000,9
111,12,14.766000,9
111,13,40.690000,10
111,14,12.398000,8
111,15,37.338000,10
111,16,16.908000,18
111,17,41.750000,14
111,18,41.777000,14
111,19,36.173000,10
111,20,35.808000,9
111,21,30.903000,8
111,22,42.991000,18
111,23,44.315000,17
111,24,46.029000,19
112,1,35.693000,12
112,2,18.065000,17
112,3,28.835000,8
112,4,5.312000,8
112,5,35.794000,9
112,6,16.275000,12
112,7,35.858000,10
112,8,16.247000,11
112,9,38.186000,11
112,10,14.714000,9
112,11,34.259000,9
112,12,16.843000,11
112,13,34.351000,9
112,14,15.075000,9
112,15,36.932000,11
112,16,17.778000,18
112,17,42.510000,15
112,18,40.061000,15
112,19,34.328000,10
112,20,35.838000,10
112,21,30.143000,8
112,22,43.084000,17
112,23,48.552000,22
112,24,46.480000,19
113,1,40.072000,15
113,2,13.597000,8
113,3,31.931000,8
113,4,14.781000,8
113,5,32.034000,7
113,6,15.150000,11
113,7,36.265000,9
113,8,16.108000,11
113,9,28.405000,7
113,10,9.946000,9
113,11,34.173000,9
113,12,15.943000,9
113,13,34.142000,10
113,14,15.231000,8
113,15,36.269000,10
113,16,16.072000,18
113,17,40.638000,15
113,18,38.812000,12
113,19,34.200000,10
113,20,36.274000,10
113,21,29.740000,8
113,22,40.627000,17
113,23,41.492000,14
113,24,44.401000,19
114,1,37.394000,13
114,2,17.801000,14
114,3,29.955000,8
114,4,4.786000,8
114,5,33.482000,8
114,6,16.581000,11
114,7,38.002000,9
114,8,14.356000,11
114,9,33.420000,8
114,10,13.304000,9
114,11,33.420000,9
114,12,15.669000,9
114,13,35.292000,9
114,14,13.759000,8
114,15,37.997000,11
114,16,16.003000,18
114,17,42.346000,15
114,18,40.388000,14
114,19,36.878000,10
114,20,36.824000,10
114,21,31.339000,8
114,22,42.896000,18
114,23,43.906000,15
114,24,46.786000,20
115,1,34.689000,14
115,2,2.799000,8
115,3,32.028000,8
115,4,12.776000,8
115,5,33.782000,7
115,6,16.560000,11
115,7,34.437000,9
115,8,15.291000,11
115,9,35.551000,9
115,10,15.262000,9
115,11,32.015000,7
115,12,14.967000,9
115,13,38.452000,10
115,14,14.330000,9
115,15,38.422000,11
115,16,17.353000,18
115,17,40.746000,15
115,18,40.368000,15
115,19,38.411000,10
115,20,38.462000,12
115,21,31.967000,8
115,22,43.339000,19
115,23,41.623000,14
115,24,45.052000,19
116,1,39.409000,14
116,2,14.813000,14
116,3,30.190000,8
116,4,3.193000,8
116,5,31.370000,7
116,6,3.150000,11
116,7,37.145000,9
116,8,14.159000,11
116,9,38.498000,11
116,10,13.673000,9
116,11,37.181000,11
116,12,12.780000,9
116,13,37.158000,9
116,14,12.480000,8
116,15,38.496000,11
116,16,15.864000,18
116,17,42.331000,15
116,18,39.353000,12
116,19,35.452000,10
116,20,36.294000,10
116,21,28.499000,8
116,22,42.308000,19
116,23,42.306000,15
116,24,44.834000,19
117,1,35.914000,14
117,2,19.693000,15
117,3,30.854000,8
117,4,15.285000,8
117,5,31.891000,9
117,6,16.795000,11
117,7,35.743000,9
117,8,16.924000,11
117,9,40.830000,12
117,10,15.394000,9
117,11,36.962000,9
117,12,15.733000,10
117,13,35.735000,10
117,14,14.780000,8
117,15,35.756000,11
117,16,18.353000,18
117,17,40.306000,15
117,18,38.820000,14
117,19,35.765000,10
117,20,37.443000,10
117,21,29.569000,8
117,22,42.001000,19
117,23,50.366000,18
117,24,44.317000,19
118,1,36.691000,14
118,2,18.691000,14
118,3,29.370000,8
118,4,9.846000,8
118,5,32.921000,7
118,6,15.787000,11
118,7,36.203000,9
118,8,14.832000,11
118,9,39.656000,12
118,10,11.322000,9
118,11,34.823000,9
118,12,14.559000,10
118,13,32.853000,9
118,14,16.456000,9
118,15,38.579000,11
118,16,17.111000,18
118,17,40.359000,14
118,18,39.764000,15
118,19,34.744000,10
118,20,36.278000,10
118,21,32.842000,8
118,22,42.137000,19
118,23,41.635000,14
118,24,44.181000,19
119,1,38.952000,13
119,2,16.953000,14
119,3,28.449000,8
119,4,4.165000,8
119,5,34.692000,8
119,6,16.213000,11
119,7,34.615000,9
119,8,15.050000,11
119,9,39.097000,11
119,10,13.930000,9
119,11,37.978000,9
119,12,13.654000,9
119,13,36.332000,10
119,14,13.173000,8
119,15,39.131000,11
119,16,16.111000,18
119,17,41.258000,15
119,18,40.030000,14
119,19,37.994000,10
119,20,36.342000,10
119,21,30.289000,8
119,22,42.052000,19
119,23,47.688000,30
119,24,45.566000,19
120,1,39.623000,16
120,2,12.773000,10
120,3,35.881000,10
120,4,12.097000,8
120,5,34.238000,7
120,6,12.763000,11
120,7,35.898000,9
120,8,14.088000,14
120,9,28.399000,7
120,10,5.412000,9
120,11,34.872000,9
120,12,14.043000,9
120,13,34.258000,9
120,14,14.496000,8
120,15,35.892000,10
120,16,15.194000,18
120,17,39.875000,14
120,18,39.588000,12
120,19,36.763000,10
120,20,37.873000,12
120,21,32.039000,8
120,22,41.513000,19
120,23,46.860000,20
120,24,42.150000,18
121,1,38.985000,14
121,2,16.284000,11
121,3,36.003000,10
121,4,13.902000,8
121,5,31.080000,7
121,6,10.169000,11
121,7,33.202000,9
121,8,15.879000,11
121,9,35.705000,10
121,10,15.313000,9
121,11,37.418000,10
121,12,15.831000,9
121,13,37.505000,10
121,14,14.094000,9
121,15,38.577000,10
121,16,15.863000,18
121,17,41.635000,14
121,18,42.617000,14
121,19,37.493000,10
121,20,35.716000,10
121,21,30.891000,8
121,22,44.701000,19
121,23,44.414000,16
121,24,47.348000,21
122,1,42.615000,15
122,2,19.565000,20
122,3,40.289000,13
122,4,12.769000,8
122,5,37.182000,7
122,6,15.530000,11
122,7,35.935000,9
122,8,5.521000,11
122,9,40.283000,12
122,10,14.806000,10
122,11,36.711000,10
122,12,11.767000,7
122,13,37.208000,9
122,14,14.063000,8
122,15,37.154000,10
122,16,19.532000,18
122,17,42.939000,12
122,18,42.937000,16
122,19,36.578000,10
122,20,38.832000,10
122,21,33.252000,8
122,22,43.791000,18
122,23,51.644000,30
122,24,47.195000,19
