system,T,profile,C_B,arm,floor,wall_s,iterations,status,objective,per_stage_factor_ms,factor_s,solve_s,mean_nnz_K,mean_nnz_LU,fill_ratio
ieee123C_1ph,3,periodic,1e-3,exact,,16.970,50,0,2688.984189773166,13.05,2.389,0.482,7226,18545,2.567
ieee123C_1ph,3,periodic,1e-3,diag,1e-8,15.312,60,0,2688.984194219,7.71,1.643,0.360,5269,10981,2.084
ieee123C_1ph,3,periodic,1e-3,diag,1e-4,14.331,58,0,2689.48174,,,,,,
ieee123C_1ph,3,periodic,1e-3,diag,1e-1,22.537,200,8,2689.18036,,,,,,
ieee123C_1ph,3,periodic,1e-3,diag,1e1,17.846,200,8,2692.43346,,,,,,
ieee2522C_1ph,3,periodic,1e-3,exact,,112.052,56,0,8238.431077492256,157.18,31.594,43.024,142339,369777,2.598
ieee2522C_1ph,3,periodic,1e-3,diag,1e-8,100.315,65,0,8238.431089973286,57.57,13.131,30.352,96025,213259,2.221
large10kC_1ph,3,periodic,1e-3,exact,,3434.995,103,0,3124025.510478886,1669.76,571.06,1829.33,1108423.9,1780037.1,1.606
large10kC_1ph,3,periodic,1e-3,diag,1e-8,1467.627,120,0,3124025.509532730,164.53,64.66,844.35,393075.0,868315.7,2.209
