tau,lambda,cents
1.0,0.5,30.0
1.0125,0.5298515623600004,32.34749757077026
1.025,0.5585272440551755,34.60338432519529
1.0375,0.5860520658946995,36.769609056304944
1.05,0.6124507550781251,38.84809762500001
1.0625,0.637747746706009,40.8407530784607
1.075,0.6619671852905271,42.749455768554675
1.0875,0.6851329262660977,44.57606347024533
1.1,0.7072685375000003,46.32241150000002
1.1125,0.7283973008029938,47.99031283419801
1.125,0.7485422134399414,49.58155822753907
1.1375,0.7677259896404264,51.0979163314514
1.15,0.7859710621093748,52.54113381249997
1.1625,0.8032995835376743,53.91293547079471
1.175,0.8197334281127933,55.215024358398445
1.1875,0.8352941930294038,56.44908189773559
1.2,0.8500032,57.616767999999986
1.2125,0.8638814967655178,58.71972118356322
1.225,0.8769498586059571,59.75955869238281
1.2375,0.8892287898509981,60.73787661441041
1.25,0.9007385253906252,61.65625
1.2625,0.9114990321857454,62.516232980316154
1.275,0.9215300107788085,63.31935888574216
1.2875,0.9308508968044283,64.06714036428835
1.3,0.9394808625000005,64.76106950000002
1.3125,0.9474388182163238,65.402617931366
1.325,0.9547434139282223,65.99323696972654
1.3375,0.961413040745163,66.53435771768186
1.35,0.9674658324218751,67.0273911875
1.3625,0.972919666868973,67.47372841952517
1.375,0.9777921676635742,67.87474060058594
1.3875,0.9821007055599212,68.23177918240353
1.4,0.9858623999999998,68.54617599999999
1.4125,0.9890941206241609,68.81924339010621
1.425,0.9918124887817387,69.05227430957031
1.4375,0.9940338790416718,69.24654245376588
1.45,0.9957744207031248,69.403302375
1.4625,0.9970499993061068,69.52378960092163
1.475,0.9978762581420901,69.6092207529297
1.4875,0.9982685997646334,69.6607936645813
1.5,0.9982421875000002,69.67968750000001
1.5125,0.9978119469577786,69.6670628722839
1.525,0.9969925675415039,69.62406196191407
1.5375,0.9957985039592742,69.55180863516239
1.55,0.9942439777343752,69.4514085625
1.5625,0.9923429787158964,69.32394933700562
1.575,0.9901092665893554,69.17050059277341
1.5875,0.9875563723873139,68.99211412332153
1.6,0.9846976000000001,68.78982400000002
1.6125,0.9815460276859285,68.56464669039919
1.625,0.9781145095825196,68.31758117675783
1.6375,0.9744156772167206,68.04960907437135
1.65,0.9704619410156248,67.76169475
1.6625,0.966265491817093,67.45478544027712
1.675,0.9618383023803714,67.12981137011721
1.6875,0.9571921288967136,66.78768587112427
1.7,0.9523385124999999,66.4293055
1.7125,0.9472887807773592,66.05555015695191
1.725,0.9420540492797851,65.66728320410157
1.7375,0.9366452230327608,65.26535158389282
1.75,0.9310729980468749,64.8505859375
1.7625,0.9253478628284452,64.42380072323608
1.775,0.9194800998901368,63.98579433496094
1.7875,0.9134797872615815,63.53734922048949
1.8,0.9073568000000003,63.079232
1.8125,0.9011208117008209,62.61219358444213
1.825,0.8947812960083008,62.1369692939453
1.8375,0.8883475281261443,61.654278976226806
1.85,0.8818285863281253,61.16482712499999
1.8625,0.8752333534687045,60.66930299838257
1.875,0.8685705184936524,60.168380737304695
1.8875,0.861848577950668,59.66271948391723
1.9,0.8550758375,59.1529635
1.9125,0.8482604134250642,58.63974228536987
1.925,0.8414102341430668,58.12367069628909
1.9375,0.8345330417156218,57.60534906387329
1.95,0.8276363933593748,57.08536331249998
1.9625,0.8207276629566194,56.56428507821657
1.975,0.8138140425659182,56.042671827148446
1.9875,0.8069025439327241,55.521066973907494
2.0,0.8,55.00000000000001
2.0125,0.7931130664188384,54.47998657223509
2.025,0.7862482230590822,53.96152866113283
2.0375,0.7794117755199432,53.44511465933226
2.05,0.7726098566406252,52.93121950000001
2.0625,0.7658484280109407,52.420304775238044
2.075,0.7591332814819334,51.91281885449218
2.0875,0.7524700406764984,51.409197002960205
2.1,0.7458641624999999,50.909861500000005
2.1125,0.7393209386508943,50.41522175753785
2.125,0.7328454971313477,49.925674438476555
2.1375,0.726442803757858,49.44160357510375
2.15,0.7201176636718751,48.963380687500006
2.1625,0.7138747228504182,48.49136490194703
2.175,0.7077184696166994,48.02590306933595
2.1875,0.7016532361507416,47.56732988357545
2.2,0.6956832,47.11596799999999
2.2125,0.6898123855899811,46.67212815377809
2.225,0.6840446657348632,46.236109278320306
2.2375,0.6783837631481171,45.80819862368774
2.25,0.672833251953125,45.388671875
2.2625,0.6673965591938017,44.97779327084351
2.275,0.662076966345215,44.57581572167968
2.2875,0.6568776108242034,44.182980928253166
2.3,0.6518014874999999,43.79951950000001
2.3125,0.6468514502048492,43.42565107345581
2.325,0.6420302132446289,43.06158443066405
2.3375,0.6373403529094697,42.707517617584244
2.35,0.632784308984375,42.3636380625
2.3625,0.628364386259842,42.030122694427504
2.375,0.6240827560424803,41.70713806152344
2.3875,0.6199414576656341,41.3948404494934
2.4,0.6159424,41.093376
2.4125,0.6120873629642486,40.802880829071036
2.425,0.6083779990356446,40.523481145507816
2.4375,0.6048158347606659,40.25529336929321
2.45,0.6014022722656251,39.99842425000001
2.4625,0.5981385907672881,39.75297098519898
2.475,0.5950259480834962,39.51902133886719
2.4875,0.5920653821437835,39.296653759796165
2.5,0.5892578125,39.085937500000014
2.5125,0.5866040418369294,38.88693273312377
2.525,0.5841047574829101,38.69969067285156
2.5375,0.5817605329204558,38.52425369131469
2.55,0.579571829296875,38.360655437500014
2.5625,0.5775389969348907,38.208920955657966
2.575,0.5756622768432618,38.06906680371094
2.5875,0.5739418022274017,37.941101171661366
2.6,0.5723776,37.82502399999999
2.6125,0.5709695922916411,37.72082709811401
2.625,0.5697175979614258,37.62849426269531
2.6375,0.5686213341075896,37.54800139614869
2.65,0.567680417578125,37.479316625
2.6625,0.5668943664813995,37.422400418304434
2.675,0.5662626016967773,37.377205706054696
2.6875,0.5657844483852387,37.34367799758912
2.7,0.5654591375,37.321755500000016
2.7125,0.5652858072971343,37.31136923654176
2.725,0.5652635048461911,37.31244316503906
2.7375,0.5653911875408171,37.32489429629517
2.75,0.5656677246093751,37.34863281250001
2.7625,0.5660918986255646,37.38356218563843
2.775,0.5666624070190429,37.42957929589844
2.7875,0.5673778635860443,37.48657455007935
2.8,0.5682367999999999,37.554432000000006
2.8125,0.5692376673221587,37.63302946090698
2.825,0.5703788375122071,37.722238629882824
2.8375,0.5716586049388884,37.82192520425415
2.85,0.5730751878906251,37.93194900000001
2.8625,0.5746267300861359,38.05216407015991
2.875,0.5763113021850585,38.182418823242195
2.8875,0.5781269032985686,38.32255614163208
2.9,0.5800714624999997,38.4724135
2.9125,0.5821428403354644,38.63182308370972
2.925,0.5843388303344725,38.80061190722656
2.9375,0.5866571605205535,38.97860193252563
2.95,0.5890954949218752,39.16561018750001
2.9625,0.5916514350818634,39.36144888436889
2.975,0.5943225215698242,39.56592553808594
2.9875,0.5971062354915618,39.7788430847473
3.0,0.6,40.0
3.0125,0.6030011818058013,40.22919041744997
3.025,0.6061070926879882,40.466204247070316
3.0375,0.6093149910045623,40.71082729360962
3.05,0.6126220832031248,40.962841374999996
3.0625,0.6160255253314972,41.22202444076539
3.075,0.61952242454834,41.48815069042969
3.0875,0.6231098406337737,41.760990691925045
3.1,0.6267847875000001,42.0403115
3.1125,0.6305442347019194,42.32587677462769
3.125,0.6343851089477539,42.61744689941407
3.1375,0.6383042956096648,42.9147791000061
3.15,0.6422986402343749,43.21762756249999
3.1625,0.6463649500537874,43.52574355184937
3.175,0.6504999954956054,43.838875530273434
3.1875,0.6547005116939545,44.15676927566528
3.2,0.6589632,44.479168
3.2125,0.6632847294925689,44.805812467742925
3.225,0.6676617384887694,45.13644111425781
3.2375,0.672090836054611,45.47079016421508
3.25,0.6765686035156249,45.80859374999999
3.2625,0.6810915959674835,46.14958403012086
3.275,0.6856563437866211,46.49349130761719
3.2875,0.6902593541408539,46.840044148468024
3.3,0.6948971124999997,47.18896949999999
3.3125,0.6995660841464996,47.53999280929566
3.325,0.7042627156860352,47.892838141601565
3.3375,0.7089834365581511,48.24722829873658
3.35,0.7137246605468751,48.602884937499994
3.3625,0.718482787291336,48.95952868807983
3.375,0.7232542037963867,49.316879272460945
3.3875,0.7280352859432222,49.67465562283326
3.4,0.7328224000000001,50.03257599999999
3.4125,0.7376119041324617,50.39035811178589
3.425,0.7424001499145507,50.74771923144531
3.4375,0.747183483839035,51.10437631607056
3.45,0.751958248828125,51.460046125000005
3.4625,0.7567207857440947,51.81444533822632
3.475,0.7614674348999024,52.16729067480469
3.4875,0.7661945375698089,52.518299011260986
3.5,0.7708984375,52.8671875
3.5125,0.7755754824192047,53.21367368771362
3.525,0.7802220255493164,53.55747563378907
3.5375,0.7848344271160126,53.898312028717044
3.55,0.789409055859375,54.23590231250001
3.5625,0.7939422905445099,54.56996679306031
3.575,0.7984305214721681,54.900226764648444
3.5875,0.8028701519893646,55.2264046262512
3.6,0.8072576000000002,55.54822399999999
3.6125,0.8115892994754791,55.86540984957884
3.625,0.8158617019653319,56.17768859863283
3.6375,0.820071278107834,56.484788249176034
3.65,0.824214519140625,56.78643849999999
3.6625,0.8282879384113311,57.082370865081785
3.675,0.8322880728881834,57.372318791992186
3.6875,0.8362114846706391,57.65601778030395
3.7,0.8400547625,57.93320549999999
3.7125,0.8438145232700348,58.203621909881576
3.725,0.8474874135375976,58.46700937597657
3.7375,0.8510701110332488,58.72311278994751
3.75,0.8545593261718749,58.971679687500014
3.7625,0.8579518035633088,59.212460366790765
3.775,0.8612443235229492,59.44520800683593
3.7875,0.8644337035823824,59.6696787859192
3.8,0.8675168,59.88563199999998
3.8125,0.8704905092716217,60.09283018112184
3.825,0.8733517696411134,60.29103921582032
3.8375,0.8760975626110076,60.4800284635315
3.85,0.8787249144531251,60.659570875000014
3.8625,0.8812308977191925,60.82944311068725
3.875,0.8836126327514648,60.98942565917969
3.8875,0.8858672891933442,61.13930295559693
3.9,0.8879920875,61.2788635
3.9125,0.8899843004489898,61.40789997579955
3.925,0.8918412546508789,61.52620936816409
3.9375,0.8935603320598601,61.63359308242797
3.95,0.8951389714843752,61.729857062499995
3.9625,0.8965746700977325,61.81481190927123
3.975,0.8978649849487303,61.88827299902344
3.9875,0.8990075344722747,61.95006060183715
4.0,0.9,62.0
4.0125,0.9008401272708894,62.03792160641479
4.025,0.9015257279418947,62.06366108300783
4.0375,0.9020546810985567,62.077059459136976
4.05,0.902424934765625,62.07796325
4.0625,0.9026345074176787,62.066224575042725
4.075,0.9026814894897462,62.04170127636719
4.0875,0.9025640448879242,62.00425703713989
4.1,0.9022804125000001,61.953761500000006
4.1125,0.9018289077060698,61.89009038546751
4.125,0.9012079238891604,61.813125610351584
4.1375,0.9004159339458466,61.72275540615845
4.15,0.8994514917968749,61.618874437500004
4.1625,0.8983132338977814,61.50138392050171
4.175,0.8969998807495116,61.370191741210945
4.1875,0.8955102384090424,61.22521257400512
4.2,0.8938431999999998,61.06636799999999
4.2125,0.8919977472232817,60.893586625457786
4.225,0.8899729518676762,60.70680420019534
4.2375,0.8877679773204802,60.50596373599245
4.25,0.885382080078125,60.291015625000014
4.2625,0.8828146112567902,60.06191775814821
4.275,0.8800650181030274,59.81863564355467
4.2875,0.8771328455043794,59.561142524932876
4.3,0.8740177375,59.28941950000001
4.3125,0.8707194387912751,59.00345563888549
4.325,0.8672377962524414,58.703248102539064
4.3375,0.8635727604412078,58.388802261138906
4.35,0.8597243871093753,58.060131812499996
4.3625,0.8556928387134554,57.71725890048218
4.375,0.8514783859252929,57.36021423339843
4.3875,0.8470814091426849,56.989037202423084
4.4,0.8425024,56.60377599999998
4.4125,0.8377419628787997,56.204487738250734
4.425,0.8328008164184572,55.79123856738283
4.4375,0.8276797950267791,55.36410379409789
4.45,0.822379850390625,54.92316799999999
4.4625,0.8169020529865262,54.468525160003644
4.475,0.8112475935913087,54.000278760742205
4.4875,0.8054177847927093,53.518541918975835
4.5,0.7994140625,53.0234375
4.5125,0.793237987454605,52.51509823605346
4.525,0.7868912467407226,51.99366684472655
4.5375,0.7803756552959443,51.45929614736939
4.55,0.773693157421875,50.91214918750002
4.5625,0.766845828294754,50.35239934921264
4.575,0.7598358754760741,49.78023047558593
4.5875,0.7526656404232024,49.19583698709105
4.6,0.7453376000000003,48.59942400000003
4.6125,0.7378543679874422,47.9912074447937
4.625,0.7302186965942382,47.37141418457031
4.6375,0.722433477967453,46.74028213345336
4.65,0.7145017457031247,46.098060374999974
4.6625,0.7064266763568882,45.44500928060914
4.675,0.6982115909545898,44.7814006279297
4.6875,0.6898599565029147,44.1075177192688
4.7,0.6813753874999998,43.423655499999995
4.7125,0.67276164744606,42.7301206769714
4.725,0.6640226503540041,42.02723183691408
4.7375,0.6551624622600557,41.31531956484986
4.75,0.646185302734375,40.5947265625
4.7625,0.6370955463916776,39.86580776669311
4.775,0.6278977244018552,39.128930467773415
4.7875,0.6185965260005953,38.38447442800905
4.8,0.6091968000000001,37.63283200000001
4.8125,0.5997035562992097,36.87440824508666
4.825,0.5901219673950195,36.109621051757806
4.8375,0.5804573698925016,35.33890125405882
4.85,0.5707152660156253,34.562692750000025
4.8625,0.5609013251178743,33.781452619964604
4.875,0.5510213851928711,32.995651245117195
4.8875,0.5410814543849944,32.20577242581176
4.9,0.5310877124999998,31.41231349999997
4.9125,0.5210465125156405,30.615785461639433
4.925,0.5109643820922853,29.816713079101575
4.9375,0.5008480250835419,29.015635013580322
4.95,0.49070432304687495,28.21310393749999
4.9625,0.48054033675422647,27.40968665292356
4.975,0.470363307702637,26.605964209960963
4.9875,0.4601806596248628,25.802532025177015
5.0,0.45,25.0
5.0125,0.4398291215641019,24.198992639129624
5.025,0.4296760038208005,23.40014916894529
5.0375,0.41954881455192594,22.604123655914325
5.05,0.40945591132812514,21.811585125000008
5.0625,0.39940584301948534,21.02321767807006
5.075,0.3894073513061523,20.23972061230468
5.0875,0.3794693721889493,19.461808538604718
5.1,0.3696010375000003,18.69021150000002
5.1125,0.35981167641334544,17.925675090057382
5.125,0.3501108169555664,17.16896057128906
5.1375,0.3405081875164031,16.420844993560774
5.15,0.3310137183593746,15.682121312499975
5.1625,0.32163754313240067,14.953598507904072
5.175,0.31239000037841813,14.236101702148446
5.1875,0.30328163504600536,13.53047227859497
5.2,0.2943231999999997,12.837567999999989
5.2125,0.28552565753211956,12.158263126922584
5.225,0.2769001808715823,11.49344853613284
5.2375,0.2684581556957246,10.844031839019786
5.25,0.26021118164062484,10.210937499999986
5.2625,0.2521710738117217,9.595106954925525
5.275,0.2443498642944335,8.997498729492175
5.2875,0.2367598036647799,8.41908855764772
5.3,0.2294133625000001,7.860869500000001
5.3125,0.2223232328891755,7.323852062225342
5.325,0.2155023299438473,6.809064313476563
5.3375,0.20896379330863935,6.317552004791252
5.35,0.2027209886718751,5.850378687499999
5.3625,0.19678750927619937,5.408625831634541
5.375,0.1911771774291992,4.993392944335946
5.3875,0.18590404601402263,4.60579768826293
5.4,0.18098239999999993,4.246975999999998
5.4125,0.17642675795326243,3.9180822084655924
5.425,0.17225187354736357,3.620289153320322
5.4375,0.16847273707389834,3.3547883033752406
5.45,0.16510457695312505,3.12278987499999
5.4625,0.1621628612445829,2.925522950531001
5.475,0.15966329915771485,2.7642355966797023
5.4875,0.157621842562485,2.6401949829406632
5.5,0.15605468749999998,2.5546875000000053
5.5125,0.15497827569313055,2.5090188781433156
5.525,0.15440929605712886,2.504514305664057
5.5375,0.15436468621025073,2.542518547271719
5.55,0.15486163398437486,2.624396062500012
5.5625,0.15591757893562327,2.7515311241149893
5.575,0.1575502138549804,2.9253279365234364
5.5875,0.15977748627891544,3.1472107541809127
5.6,0.16261759999999986,3.4186240000000008
5.6125,0.16608901657753,3.7410323837585358
5.625,0.17021045684814462,4.115921020507807
5.6375,0.17500090243644711,4.544795548980721
5.65,0.18047959726562518,5.029182250000019
5.6625,0.18666604906806916,5.570628164886454
5.675,0.1935800308959959,6.170701213867188
5.6875,0.20124158263206482,6.830990314483637
5.7,0.20967101250000003,7.5531055000000045
5.7125,0.21888889857521082,8.338678037811295
5.725,0.22891609029540994,9.189360547851532
5.7375,0.23977370997123715,10.106827121002185
5.75,0.251483154296875,11.092773437500014
5.7625,0.26406609586067215,12.148916885345464
5.775,0.27754448465576204,13.276996678710972
5.7875,0.2919405495906825,14.478773976348853
5.8,0.30727679999999963,15.756031999999982
5.8125,0.3235760271549223,17.11057615280151
5.825,0.3408613057739261,18.54423413769534
5.8375,0.35915599553337146,20.058856075836218
5.85,0.3784837425781245,21.656314624999958
5.8625,0.39886848103218037,23.338505097991895
5.875,0.4203344345092774,25.107345581054673
5.8875,0.44290611762352033,26.964777052276645
5.9,0.4666083375000007,28.91276350000005
5.9125,0.4914661952854148,30.953292041229187
5.925,0.5175050876586911,33.088373040039045
5.9375,0.5447507083415986,35.320040225982666
5.95,0.5732290496093753,37.65035081250003
5.9625,0.6029664038013466,40.081385615326
5.975,0.633989364831542,42.61524917089836
5.9875,0.6663248296993249,45.2540698547668
6.0,0.7,48.0
