iteration,objective,centralized
1,1.3168464589135551,0.7476503489624129
2,0.7741657186622879,0.7476503489624129
3,0.7476503565682364,0.7476503489624129
4,0.8129502697488142,0.7476503489624129
5,0.7476503525300615,0.7476503489624129
6,0.8129502697467179,0.7476503489624129
7,0.7476503525300615,0.7476503489624129
8,0.8129502697467179,0.7476503489624129
9,0.7476503525300615,0.7476503489624129
10,0.8129502697467179,0.7476503489624129
11,0.7476503525300615,0.7476503489624129
12,0.8129502697467179,0.7476503489624129
13,0.7476503525300615,0.7476503489624129
14,0.8129502697467179,0.7476503489624129
15,0.7476503525300615,0.7476503489624129
16,0.8129502697467179,0.7476503489624129
17,0.7476503525300615,0.7476503489624129
18,0.8129502697467179,0.7476503489624129
19,0.7476503525300615,0.7476503489624129
20,0.8129502697467179,0.7476503489624129
