t,1,2,3,4,5,6,7,8,9,10,11,12,13,14,15,16,17,18,19,20,21,22,23,24,25,26,27,28,29,30,31,32,33,34,35,36,37,38,39,40,41,42,43,44,45,46,47,48,49,50,51,52,53,54,55,56,57,58,59,60,61,62,63,64,65,66,67,68,69,70,71,72,73,74,75,76,77,78,79,80,81,82,83,84,85,86,87,88,89,90,91,92,93,94,95,96
lambda,0.71,0.6971684210526315,0.6843368421052631,0.6715052631578947,0.6586736842105263,0.6487894736842106,0.6393473684210527,0.6299052631578947,0.6204631578947368,0.6133473684210526,0.6070526315789474,0.6007578947368422,0.5944631578947368,0.5928842105263157,0.5943368421052632,0.5957894736842105,0.5972421052631579,0.5997368421052631,0.6033684210526316,0.607,0.6106315789473684,0.6156105263157895,0.6231157894736842,0.630621052631579,0.6381263157894737,0.6452631578947369,0.6510736842105264,0.6568842105263157,0.6626947368421052,0.668778947368421,0.6777368421052632,0.6866947368421052,0.6956526315789473,0.7046105263157895,0.715421052631579,0.7263157894736841,0.7372105263157895,0.7481052631578947,0.7554,0.7619368421052632,0.7684736842105263,0.7750105263157895,0.7786842105263159,0.7811052631578947,0.7835263157894736,0.7859473684210526,0.7882315789473684,0.7904105263157895,0.7925894736842105,0.7947684210526317,0.7945263157894737,0.7911368421052631,0.7877473684210526,0.7843578947368421,0.7820736842105264,0.7823157894736843,0.7825578947368421,0.7828,0.7832526315789474,0.7847052631578948,0.7861578947368422,0.7876105263157895,0.7893894736842106,0.7983473684210527,0.8073052631578947,0.8162631578947368,0.825221052631579,0.8324105263157894,0.8394315789473683,0.8464526315789473,0.8534736842105263,0.873,0.896,0.9189999999999998,0.9419999999999998,0.9578947368421052,0.9699999999999999,0.9821052631578947,0.9942105263157895,0.9962105263157895,0.9889473684210526,0.9816842105263157,0.974421052631579,0.9653578947368421,0.9534947368421052,0.9416315789473684,0.9297684210526316,0.9165157894736842,0.8993263157894738,0.8821368421052631,0.8649473684210526,0.8458947368421054,0.8144210526315789,0.7829473684210524,0.7514736842105264,0.72
Irrad,0.0,0.0,0.0,0.0,0.0,0.0,0.0,0.0,0.0,0.0,0.0,0.0,0.0,0.0,0.0,0.0,0.0,0.0,0.0,0.0,0.0,0.008421052631578973,0.03263157894736839,0.056842105263157895,0.0810526315789474,0.10526315789473682,0.12947368421052632,0.15368421052631584,0.17789473684210524,0.20210526315789468,0.22631578947368425,0.25052631578947365,0.27473684210526306,0.2989473684210527,0.34631578947368413,0.394736842105263,0.4431578947368422,0.491578947368421,0.5599999999999998,0.6326315789473687,0.7052631578947368,0.7778947368421051,0.816842105263158,0.8410526315789474,0.8652631578947367,0.8894736842105264,0.9136842105263158,0.9378947368421052,0.9621052631578948,0.9863157894736843,1.0,1.0,1.0,1.0,0.9992631578947369,0.996842105263158,0.994421052631579,0.992,0.9862105263157895,0.964421052631579,0.9426315789473684,0.9208421052631579,0.8978947368421053,0.8494736842105262,0.8010526315789477,0.7526315789473685,0.7042105263157893,0.6336842105263163,0.5610526315789475,0.48842105263157864,0.415789473684211,0.3431578947368422,0.2705263157894734,0.1978947368421057,0.12526315789473694,0.08421052631578939,0.060000000000000143,0.03578947368421055,0.011578947368420956,0.0,0.0,0.0,0.0,0.0,0.0,0.0,0.0,0.0,0.0,0.0,0.0,0.0,0.0,0.0,0.0,0.0
cents/kWh,4.820404,4.820404,4.820404,4.820404,4.820404,4.820404,4.820404,4.820404,4.820404,4.820404,4.820404,4.820404,4.820404,4.820404,4.820404,4.820404,4.820404,4.820404,4.820404,4.820404,4.820404,4.820404,4.820404,4.820404,4.820404,4.820404,4.820404,4.820404,4.820404,4.820404,4.820404,4.820404,4.820404,4.820404,4.820404,4.820404,4.820404,4.820404,4.820404,4.820404,4.820404,4.820404,4.820404,4.820404,4.820404,4.820404,4.820404,4.820404,4.820404,4.820404,4.820404,4.820404,4.820404,4.820404,4.820404,4.820404,4.820404,4.820404,4.820404,4.820404,4.820404,4.820404,30.18066,30.18066,30.18066,30.18066,30.18066,30.18066,30.18066,30.18066,30.18066,30.18066,30.18066,30.18066,30.18066,30.18066,30.18066,30.18066,30.18066,30.18066,30.18066,30.18066,30.18066,30.18066,30.18066,30.18066,30.18066,30.18066,30.18066,30.18066,4.820404,4.820404,4.820404,4.820404,4.820404,4.820404
P_Subs,0.06161733289526971,0.060509718439535794,0.059402669164781534,0.0582962920788274,0.05719072345743163,0.05633979315175657,0.055527591180951866,0.054716158157761215,0.05390564523240302,0.053295655550265296,0.05275676654838795,0.05221862532012022,0.05168136592759218,0.05154748499970234,0.051672561399316704,0.05179775431296276,0.051923062777582636,0.052137499056134747,0.05244923890082741,0.0527611930509136,0.05307334616639995,0.05344277638634411,0.05391955621631276,0.054396668679504316,0.05487407979062412,0.05532014837550198,0.05565259379727415,0.05598516708574802,0.05631786239092133,0.056674179157652056,0.05727750776942552,0.0578811150196247,0.0584849737468418,0.059089060513685183,0.059691849388997784,0.06029476630212936,0.06089786344589632,0.061501126635249294,0.0616553165747517,0.061715071310509066,0.061774978397246806,0.06183505566231608,0.061882914585828334,0.06192552873460767,0.06196834608363038,0.062011395447959514,0.06204295188353392,0.06206578690488799,0.06208900743701503,0.062112685714349636,0.06200217091327658,0.06171764733039471,0.06143483073239792,0.061154293577423496,0.060975905713076935,0.061026909988377405,0.061081629575311186,0.06114214129767319,0.06125280418619639,0.06157097674209075,0.06192622143444064,0.06243583811328605,0.06204251223747339,0.06319092698065165,0.06431398251217205,0.06543229920959767,0.06654866023512164,0.0676653551630014,0.06878131036172432,0.06989644184476812,0.07101067632240117,0.07319566581572855,0.07565436074354988,0.07801751815874106,0.08016405673565768,0.08150707438653859,0.08247692746093777,0.08344103711167804,0.0844075934817399,0.08461069769292896,0.08410994424259152,0.08360926442646442,0.08310808228089153,0.08248324208288046,0.08166636007267321,0.08084117701341788,0.07999573036939861,0.07901316673598834,0.07766969067462084,0.07621456278774152,0.0749651738576463,0.0733131358205713,0.07058462614350622,0.06785619517353007,0.06512779069531432,0.06239920310794183
P_ij_1_2,0.04268763051951246,0.041922146647546135,0.04115722715421195,0.04039297904767751,0.03962953860410536,0.03904215029439678,0.03848170205493636,0.037922022329771876,0.03736326226939722,0.03694299909809748,0.03657194488182622,0.036201638247065925,0.03583221325606777,0.03574043122822586,0.03582677664024031,0.035913238556069906,0.03599981601265508,0.03614773597095173,0.03636264820694912,0.036577774684424906,0.03679310006336283,0.0370494307956296,0.037382601582693936,0.03771610482151042,0.03804990652410726,0.03836218866575453,0.038596210847931064,0.0388303607791677,0.03906463260697995,0.03931522855508968,0.03973621533904945,0.04015748046822567,0.04057899677697669,0.041000740823502926,0.04142583508473193,0.04185126814574794,0.042276880871429424,0.04270265904039133,0.04282202592713778,0.04287699088980348,0.04293210706031354,0.04298739203464945,0.0430281898518437,0.04306275056124131,0.04309751423328267,0.04313250965923779,0.04315966052451613,0.04318089631410011,0.04320251725210395,0.043224595520682314,0.043152469427661766,0.04295832032282953,0.042765878146742195,0.04257571535753751,0.04245651244049001,0.042495411668976565,0.04253802620372226,0.04258643286859644,0.04267151684675668,0.04290010949055851,0.04316577392077253,0.04358581002242574,0.04309150508964653,0.043888074169643874,0.04465928245464004,0.04542575043895108,0.046190261367866275,0.046950669011358706,0.04770991259179111,0.04846833067780747,0.04922585006458642,0.050720684695007116,0.0523965985640707,0.053976970052854095,0.05534071779846813,0.056164099941918295,0.056754667901454926,0.057339491357840666,0.057926760450311775,0.05804951084819733,0.057742426466666205,0.057435415461430786,0.057127901868836525,0.056744725981748095,0.05624416819443835,0.05573530867004246,0.05520618487285173,0.054576992621169454,0.05369185957487373,0.052695073258571465,0.05190401987861757,0.050759999534784175,0.04887069752260585,0.04698146938029366,0.04509226289418422,0.04320286846561883
P_ij_1_3,0.009464724562937921,0.009293664407214025,0.009122604528910495,0.008951544928025138,0.008780485604555775,0.008648718193429421,0.008522844686049573,0.008396971328880261,0.008271098121920612,0.008176237253612667,0.008092321941222528,0.008008406695591306,0.007924491516718736,0.007903442569280453,0.007922807600769102,0.00794217263581293,0.007961537674411939,0.007994795031605962,0.008043207658921586,0.008091620308457214,0.008140032980212895,0.008206407490938258,0.008306460479272429,0.00840651356251185,0.00850656674065696,0.00860170856050185,0.008679169220566647,0.008756629937516315,0.00883409071135106,0.008915200060862867,0.009034618957137159,0.009154037988613993,0.009273457155294115,0.00939287645717827,0.009536993703064406,0.009682233775208491,0.009827474047347696,0.009972714519483353,0.010069962599569845,0.010157107059197378,0.010244251590824725,0.01033139619445218,0.010380371212634153,0.010412647025013813,0.010444922847270105,0.01047719867940305,0.010507650234427027,0.01053669850017781,0.010565746773928714,0.010594795055679748,0.010591567468423452,0.010546381257205875,0.010501195065346622,0.01045600889284565,0.010425557352731133,0.01042878493490738,0.010432012517182392,0.010435240099556172,0.010441274275563387,0.01046063977298806,0.010480005273968328,0.010499370778504196,0.010523086509916882,0.010642507226642221,0.010761928078580113,0.010881349065731306,0.011000770188096542,0.011096615910554034,0.011190216429284751,0.011283817031080936,0.01137741771594295,0.011637731901446915,0.011944356173164018,0.012250981336310243,0.012557607390898184,0.012769509670349502,0.01293089248665179,0.013092275549898575,0.01325365886009169,0.01328032221337232,0.013183492173142746,0.013086662221814229,0.012989832359386368,0.012869005655730415,0.012710850586137547,0.012552695753707767,0.01239454115843935,0.012217862969110864,0.011988700992878992,0.011759539514564392,0.011530378534161815,0.011276379498964706,0.010856791272370922,0.010437204714962477,0.010017619826707128,0.00959803660757261
P_ij_1_10,0.009464977812819337,0.009293907384775637,0.009122837481659086,0.008951768103124754,0.00878069924877049,0.008648924663930373,0.008523044439965932,0.00839716449910908,0.008271284841085193,0.008176419198555147,0.008092499725339198,0.008008580377462987,0.007924661154805664,0.007903611202196029,0.00792297715830729,0.007942343121079932,0.007961709090515613,0.007994968053577058,0.008043383034956695,0.008091798058031481,0.008140213122824227,0.008186938099776251,0.008230494154346393,0.008274050295482043,0.0083176065258599,0.008356251149245602,0.00837721372877644,0.00839817636906401,0.008419139072590322,0.008443750541699506,0.008506673473238916,0.008569596562785038,0.008632519814570996,0.008695443233003988,0.008729020601201447,0.00876126438117293,0.008793508527119204,0.008825753075374606,0.008763328048044071,0.008680973361508207,0.008598619746108536,0.00851626743321445,0.00847435352135048,0.008450131148352545,0.008425909003077606,0.008401687109318674,0.008375641124590768,0.008348192090610072,0.008320743410982365,0.008293295137987568,0.00825813401719136,0.008212945750359305,0.008167757520309108,0.008122569327040342,0.008093835919855791,0.00810271338449346,0.008111590854406533,0.00812046832952058,0.008140013063876324,0.008210227478544182,0.008280442239699782,0.008350657312356118,0.008427920637909975,0.00866034558436556,0.008892771978951894,0.009125199704915292,0.00935762867915883,0.009618070241088659,0.009881181340648451,0.010144294135879722,0.010407408541871803,0.01083724921927452,0.011313406006315151,0.011789566769576716,0.01226573154629137,0.012573464774270791,0.012791367072831043,0.013009270203938793,0.013227174171336438,0.013280864631359317,0.013184025602782569,0.013087186743219409,0.012990348052668643,0.012869510445401959,0.012711341292097316,0.01255317258966764,0.012395004338107534,0.01221831114570802,0.01198913010686812,0.01175995001460567,0.011530775444866914,0.011276756786822429,0.010857137348529444,0.01043752107827393,0.010017907974422974,0.009598298034750393
P_ij_2_4,0.004733857986266749,0.004648299531023196,0.004562741264142732,0.004477183185620021,0.0043916252954499975,0.0043257198792707435,0.004262762413553832,0.004199805049818909,0.004136847788064414,0.004089401803114119,0.004047430403168367,0.004005459048545755,0.003963487739245858,0.003952959825963824,0.003962645506080619,0.003972331188611113,0.003982016873555311,0.0039986509902860765,0.004022865223566805,0.004047079471932785,0.004071293735384107,0.004104491865978301,0.004154534767519369,0.004204577733491201,0.004254620763895173,0.0043022073238154785,0.00434095040675653,0.004379693528320388,0.004418436688507921,0.004459004749091219,0.004518733925795098,0.004578463194297565,0.0046381925546009894,0.004697922006707828,0.004770004558172535,0.004842648744845353,0.004915293067348069,0.004987937525689683,0.005036577804164798,0.005080164599047096,0.005123751442956142,0.005167338335921134,0.005191834050924278,0.00520797736727262,0.005224120690356684,0.005240264020179403,0.00525549490712437,0.005270023915495021,0.005284552929342264,0.005299081948672365,0.005297467613240451,0.005274866920465842,0.005252266240840673,0.0052296655743659555,0.005214434697849536,0.00521604903008456,0.005217663362395037,0.005219277694785447,0.005222295794607381,0.005231981790808886,0.0052416677895404115,0.0052513537910721135,0.00526321563413856,0.005322946046626076,0.005382676550974286,0.005442407147215916,0.005502137835352042,0.00555007686763985,0.005596892934427743,0.005643709057764903,0.005690525237645599,0.005820726454207351,0.005974090711114994,0.006127455573420913,0.00628082104086458,0.006386808513913371,0.006467527644319613,0.006548246942525275,0.006628966408559595,0.006642302684416557,0.006593870968184405,0.006545439312355352,0.006497007716926401,0.006436573593425038,0.0063574689072150746,0.00627836438210436,0.006199260018054301,0.006110890737004443,0.005996270674159867,0.005881650949238967,0.00576703156371216,0.005639989037753126,0.005430124117552407,0.005220260330945511,0.005010397677839495,0.004800536158142978
P_ij_2_5,0.009522329401965984,0.009354603143421432,0.009187292433845327,0.00902048015881663,0.0088542726783104,0.008726764821333563,0.008605467622362407,0.008484759639069903,0.00836476245479322,0.008274975139810254,0.00819610907592535,0.008117833612233344,0.008040259833082099,0.008021491061280481,0.008040238217535437,0.008059077278792497,0.008078007562054105,0.008109920851205167,0.00815605495230636,0.008202357590064574,0.008248816288437995,0.008312709370071465,0.008409276974266385,0.008506130831504087,0.008603239802832105,0.008695902326966013,0.008771886235788052,0.008847976131662487,0.00892416624974544,0.009003943216635016,0.00912055674001771,0.00923739514953251,0.009354434941270924,0.009471655935539624,0.009613564647312533,0.009756754215626783,0.009900094574896963,0.010043572033113051,0.01014092545754044,0.010228600140520776,0.010316330880488347,0.01040412262081787,0.01045411903036125,0.01048764845560034,0.010521292665697577,0.010555067564506557,0.010587230898453483,0.01061822070540827,0.010649425113924346,0.010680883265665513,0.010681389914019193,0.010641965980880342,0.01060359062877296,0.010566612408345397,0.01054513814229848,0.010556626381730992,0.010570438995055163,0.010587866250964634,0.010613474923189235,0.010659132793355565,0.010728851659652091,0.010898279356395325,0.010461764822090491,0.010604507942845821,0.010729256956137172,0.010850599501487534,0.010970518076152784,0.011066146838124461,0.011158888126252604,0.011251022441938933,0.011342502666669642,0.011590207186705248,0.011861665165630869,0.012053632861858477,0.01210479164829862,0.012122344813553971,0.012139033337643636,0.012154572149687395,0.012171528172334845,0.01217110226325441,0.01215292016250651,0.012134665125264435,0.012116034208729117,0.012093068509445278,0.012063769366303833,0.012030684997691206,0.011988151980505648,0.01192171210436961,0.011795481511256303,0.011595284958008876,0.011530403512972782,0.011276226760498846,0.010856598348917534,0.010436985551993478,0.010017362261822723,0.009597623671210379
P_ij_2_6,0.018961796508751808,0.018620841799454568,0.018280031389262076,0.017939389377995527,0.017598945653386315,0.017336867703339823,0.01708666918596669,0.01683664742105868,0.01658683194826523,0.016398749492923782,0.01623252346353775,0.016066453212459468,0.015900561695821783,0.015859143338060065,0.01589767390069243,0.015936228981867643,0.01597480830152491,0.016040894117307063,0.01613700244461022,0.016233156081069792,0.016329352164999117,0.016422164995402336,0.016508604026632075,0.0165950881131089,0.016681614401818843,0.01675843909353758,0.016800223198113008,0.01684202840522832,0.016883854620163275,0.016932940457465438,0.017058071074738352,0.017183253398226215,0.01730848375927469,0.017433758887609476,0.017500641682757702,0.01756489563299008,0.017629175794158885,0.017693481537293575,0.017569567586608357,0.017406100638749086,0.01724272593876367,0.01707945556760231,0.016996764573337392,0.01694936025355322,0.0169020434603917,0.016854827016762046,0.016804115601858318,0.016750768549725136,0.016697591063918365,0.016644616042605257,0.01657683655597762,0.016489948396281855,0.016403717879569405,0.016318368779096155,0.016266353358940597,0.016288913986825658,0.016312864622127103,0.01633899130887368,0.016389395977863333,0.016543232049331606,0.016710068754220708,0.016931528427081493,0.01683830028861301,0.01731278819465347,0.017779910414374222,0.018245695054578712,0.018710942355785,0.019231745468679468,0.01975763559553657,0.020283302080693948,0.020808719036354086,0.021664904449335203,0.022608871091765084,0.023536794412062457,0.024388951180993105,0.024876614188680504,0.025208188585680556,0.025535166066995657,0.025863167219899886,0.025946300318625225,0.025802770953875873,0.02565938675369495,0.0255158748867794,0.025337060468459807,0.025103235685607034,0.024864894087872885,0.024615740276658905,0.02431824302914701,0.023903408222023977,0.023450912893784648,0.023068757493795822,0.022560299859390974,0.021720629089758713,0.020880989978304166,0.020041356416663297,0.019201623637322144
P_ij_6_7,0.004733944660599403,0.004648383096594535,0.004562821777895175,0.004477260704489052,0.004391699876364626,0.004325792235881255,0.00426283267689158,0.004199873250702076,0.004136913957309402,0.004089466461631652,0.00404749373986137,0.004005521077108739,0.003963548473372836,0.003953020237548672,0.003962706214375057,0.003972392194344472,0.003982078177456937,0.003998712807959799,0.0040229277929802795,0.0040471427976439805,0.004071357821951095,0.004104557002903014,0.004154601503666381,0.00420464608831351,0.004254690756847614,0.004302278892504764,0.0043410232712364424,0.004379767700255656,0.004418512179564571,0.004459081633932136,0.004518812886270613,0.004578544258139461,0.004638275749544265,0.0046980073604908764,0.004770092553822384,0.0048427394438340775,0.00491538651075643,0.004988033754613882,0.005036675920573156,0.005080264422490186,0.005123852988471508,0.005167441618608415,0.005191938316558234,0.005208082283317556,0.005224226258898085,0.005240370243309064,0.005255601749783001,0.0052701313509054505,0.005284660959237819,0.0052991905747999096,0.005297576173429917,0.00527497455496036,0.005252372953622416,0.005229771369418893,0.0052145398766774214,0.005216154274133868,0.005217768671700345,0.005219383069388839,0.005222401291280455,0.005232087679488021,0.005241774071159559,0.005251460466982416,0.005263322789887801,0.005323055651901241,0.0053827886337117666,0.005442521735391512,0.0055022549569385465,0.00555019604314098,0.0055970141334069825,0.005643832297638051,0.005690650535815947,0.005820857563692317,0.005974228835230419,0.006127600895793161,0.006280973744476473,0.006386966424897044,0.006467689579651436,0.006548412953090853,0.0066291365453222005,0.00664247350820146,0.0065940393057902095,0.006545605182087966,0.006497171137086497,0.006436733982612006,0.006357625372085452,0.006278516971411356,0.006199408780469482,0.006111035281773627,0.00599640983872952,0.005881784835567659,0.005767160275912493,0.0056401121326107384,0.005430238208364481,0.00522036576074145,0.005010494789523423,0.0048006252944961005
P_ij_6_8,0.004733911222502686,0.004648350856904752,0.004562790714715716,0.004477230795924494,0.004391671100520667,0.004325764317648311,0.0042628055657783,0.004199846934854595,0.004136888424874192,0.004089441511761621,0.004047469299725877,0.004005497141439871,0.003963525036902772,0.0039529969254691495,0.003962682787868006,0.003972368653129348,0.003982054521253193,0.0039986889536211935,0.004022903648738749,0.004047118361746174,0.004071333092643642,0.004104531868498523,0.004154575752421076,0.00420461971273989,0.004254663749457874,0.0043022512773709725,0.004340995156312868,0.0043797390810535715,0.004418483051595045,0.004459051968417448,0.0045187824203327155,0.004578512981108828,0.0046382436507508415,0.004697974429264054,0.004770058603832938,0.004842704451419182,0.004915350460124425,0.0049879966299708695,0.005036638068032121,0.005080225911652809,0.005123813813619121,0.005167401774014193,0.00519189809305444,0.005208041809112602,0.005224185533204544,0.005240329265338686,0.005255560533068439,0.005270089905789138,0.005284619285076162,0.005299148670947545,0.005297534295066689,0.005274933033381583,0.005252331787298831,0.005229730556820989,0.005214499301597874,0.0052161136739145315,0.005217728046331397,0.005219342418859389,0.005222360593700541,0.005232046830759719,0.005241733070973658,0.0052514193149683554,0.005263281452154682,0.005323013370059385,0.005382745397067416,0.005442477533244439,0.005502209778588665,0.005550150073538519,0.005596967384402076,0.005643784762628076,0.005690602208199893,0.00582080699752076,0.005974175567169524,0.006127544855407889,0.006280914861411946,0.006386905536258002,0.006467627141052046,0.006548348945008956,0.006629070948226016,0.006642407646648325,0.006593974401847871,0.006545541228729973,0.006497108127287153,0.006436672140356478,0.006357565041548322,0.006278458133859055,0.006199351417179246,0.006110979543290061,0.005996356172935289,0.005881733203195086,0.005767110637370615,0.005640064658366662,0.005430194203579296,0.00522032509360279,0.005010457328239773,0.0048005909072964485
P_ij_8_9,0.004733623129946727,0.0046480730890298885,0.0045625230828988655,0.004476973111551931,0.004391423174987464,0.004325523780791019,0.004262571982605113,0.004199620203251114,0.0041366684427285565,0.004089226548691106,0.004047258728265336,0.004005290916208653,0.003963323112520926,0.003952796072775274,0.003962480949322578,0.003972165826315584,0.003981850703754295,0.003998483429090859,0.0040226956265503495,0.004046907826795378,0.004071120029825968,0.0041043153155754675,0.004154353885124412,0.004204392466568613,0.004254431059908524,0.0043020133518421495,0.004340752924882625,0.004379492505054191,0.004418232092357152,0.0044587963780142745,0.0045185199339748015,0.004578243506885472,0.0046379670967470745,0.0046976907035604365,0.004769766101154913,0.004842402967921433,0.004915039859774938,0.004987676776718884,0.005036311943747283,0.005079894115979004,0.0051234762972954115,0.005167058487709451,0.005191551542359025,0.0052076930985718245,0.005223834656035522,0.005239976214751429,0.005255205425650501,0.005269732830643537,0.0052842602366589796,0.00529878764369964,0.005297173487412716,0.005274575299496503,0.005251977114009652,0.005229378930952559,0.005214149722000828,0.005215763877732789,0.005217378033480353,0.005218992189245221,0.0052220099587365594,0.005231694893620235,0.0052413798289951226,0.005251064764958691,0.005262925302136979,0.0053226490863589465,0.005382372887568815,0.00544209670577681,0.00550182054098265,0.0055497540191790104,0.005596564615388355,0.005643375222086349,0.0056901858392704036,0.005820371343238132,0.005973716635961966,0.006127062040573577,0.006280407556944678,0.00638638095386172,0.006467089205855083,0.006547797488859042,0.006628505802888742,0.006641840223045773,0.006593415227952859,0.006544990244021254,0.006496565271249798,0.006436139342617144,0.006357045267168668,0.0062779512214783005,0.006198857205529005,0.006110499329340254,0.00599589381524192,0.005881288363521157,0.00576668297469197,0.005639655641330988,0.005429815076417433,0.005219974720897247,0.005010134574739701,0.0048002946379146144
Q_ij_1_2,0.007634682595011468,0.007272342613521657,0.006913355600426682,0.006558423839481151,0.006208430648203047,0.005942886304239892,0.005693130988512857,0.005447834291963509,0.005207718641730829,0.005030678437872074,0.004877209490860154,0.004726979933792827,0.004580274670425971,0.004544074223983968,0.004577400893319388,0.004610931671390786,0.004644663084580647,0.0047030341660244425,0.004788990938750877,0.004876079709704113,0.004964246090060912,0.005086864062814687,0.0052763715570670585,0.005471427536705147,0.00567175367765622,0.005867300131143026,0.006031760204039717,0.006199839651114698,0.006371468944394708,0.006554110535691449,0.006819986072330719,0.007090524671892118,0.007365478563931885,0.0076446425292423514,0.008010079813794847,0.008391442303527018,0.00878537714631975,0.009192213918851904,0.009553714115436884,0.009931600425163748,0.01034334062207668,0.01079430257356547,0.011059838732329165,0.011236463459705984,0.011419411768904403,0.011609253054547483,0.011802627492501066,0.01200128804008769,0.012209364480116452,0.01242814470892323,0.012513556670783736,0.012413344689642279,0.012313204884704101,0.012213156964633818,0.012140809456928801,0.012131685864939928,0.012122811235253094,0.012114266400078448,0.01209005226990769,0.011995305329734517,0.011911055172007407,0.011845174732872853,0.011610405265215042,0.011639374039547812,0.011694480601940305,0.011771719749551053,0.011868266490216585,0.011863600827372986,0.011880310173989987,0.011926712154387112,0.012000010381583714,0.012473035001385207,0.013073973280537379,0.013699905711685502,0.014362419884573461,0.014851488016954436,0.015238980588038097,0.015637644242212412,0.01604652497623294,0.01611713263396753,0.01587295728929274,0.015630903751460607,0.015391049628167473,0.015094599170262568,0.014711342227016835,0.014334384270365161,0.013963849677600842,0.013556447124365366,0.013034898777969381,0.012518433075865204,0.012144578174672923,0.011582407216363486,0.010656806059100691,0.009736172439154889,0.008822430695241237,0.00791859963696193
Q_ij_1_3,0.0047344392560151405,0.0046488599813762676,0.004563281274731671,0.004477703136076877,0.004392125565407411,0.004326205248117178,0.004263233758166379,0.004200262575758699,0.00413729170089236,0.004089835592616679,0.004047855334739865,0.004005875213546172,0.003963895229035072,0.003953365154028153,0.003963052822718045,0.0039727404986868615,0.00398242818193461,0.003999065741888338,0.004023285013105108,0.0040475043298154175,0.004071723692019369,0.0041049288625494024,0.004154982484172793,0.004205036300106502,0.004255090310351425,0.004302687431608255,0.004341439199912428,0.004380191084683473,0.0044189430859218086,0.00445952048740639,0.004519263572178505,0.004579006933766172,0.004638750572170915,0.004698494487394257,0.00477059473959988,0.004843257037490164,0.004915919744853211,0.004988582861691759,0.005037235786188263,0.0050808340173449035,0.005124432395914961,0.005168030921899029,0.0051925332177911124,0.005208680888101101,0.005224828578632648,0.0052409762893857815,0.005256211321983649,0.005270744296121766,0.0052852772866394376,0.005299810293536687,0.0052981955141836795,0.005275588624474372,0.005252981774399561,0.0052303749639591645,0.005215139961887131,0.005216754730839178,0.00521836949999344,0.005219984269349919,0.005223003186515328,0.005232691809169064,0.005242380439102577,0.005252069076315873,0.0052639341564427984,0.005323680968431496,0.005383428057256244,0.005443175422918566,0.0055029230654199835,0.005550875838917915,0.005597705439903558,0.005644535210958588,0.005691365152083737,0.0058216052378762305,0.005975016406262537,0.00612842939977313,0.006281844218433785,0.00638786650973327,0.006468612548101726,0.0065493590920677495,0.006630106141635096,0.006643447007188109,0.006594998666654561,0.006546550508138254,0.006498102531638378,0.0064376481379689226,0.006358517205420001,0.006279386758442062,0.006200256797031568,0.006111859304316142,0.005997203252616358,0.005882548220359268,0.005767894207534115,0.005640814098492844,0.005430888926757614,0.005220967172535474,0.005011048835760394,0.004801133916366334
Q_ij_1_10,0.0021159889208942355,0.002037267942755341,0.0019590369269572028,0.0018813447862747828,0.0018042462527934457,0.0017453000211021391,0.001689381478154347,0.0016338747733953064,0.0015788115835872493,0.0015376284362744277,0.0015014358881028308,0.001465479350747299,0.0014297708436230522,0.0014208542407861467,0.001429056909337285,0.0014372734689611717,0.0014455037618882993,0.0014596699903598547,0.001480361691197984,0.0015011342533881344,0.001521985391560794,0.0015507645730985203,0.0015951672633618484,0.0016408743542673154,0.0016878898866178275,0.001734031877316433,0.0017735555050654773,0.00181430037975468,0.0018562788384167274,0.0019011579342720572,0.0019647661790948285,0.0020298329339243797,0.0020963623389281495,0.00216436065030315,0.0022599283996980854,0.002362020984396671,0.002469760363081007,0.002583415676506208,0.002703347528167084,0.0028373415057949074,0.0029879743539942367,0.0031579493481891903,0.003259444449152696,0.0033271328682157706,0.0033979513057143165,0.0034721836733486275,0.003549283784725968,0.0036298648925740715,0.003715115786684769,0.0038056757886928113,0.003849928577952343,0.0038278910470472202,0.0038058598901087267,0.00378383521204914,0.003766479082651733,0.003759823920085586,0.003753233476432133,0.0037467067147407235,0.003730531491539205,0.0036710266771030485,0.003615829966396567,0.0035644605169729785,0.003424095938565913,0.003364056979386343,0.0033169595743496164,0.0032808924166845177,0.0032544508022566156,0.0031921881665712727,0.0031419877170649124,0.0031065953910851905,0.0030846110418849414,0.003157864454127975,0.003265779626361745,0.003384786375153755,0.0035144913173207346,0.003611647355466244,0.003688633732464242,0.0037667748601039274,0.0038460677172599345,0.00385922677312218,0.0038109878460191758,0.0037627543353906897,0.003714526443222301,0.003654354624439826,0.003575607591640131,0.003496877925350323,0.0034181667786194227,0.0033302600323472688,0.003216279572999059,0.0031023486769644094,0.0030928784163456696,0.002970868889429904,0.0027702325637710035,0.002570940712006016,0.00237328690598456,0.002177649785860035
Q_ij_2_4,0.002366722106896956,0.0023239439882238454,0.0022811660606090033,0.0022383883240470175,0.002195610778532748,0.002162659214586223,0.002131181628374156,0.002099704145603281,0.0020682267662720136,0.002044504751648343,0.0020235199415284877,0.0020025351773802734,0.0019815504592032712,0.0019762867411206994,0.0019811293616525194,0.0019859719846325747,0.0019908146100608716,0.001999131298573159,0.0020112378833634687,0.0020233444834548762,0.002035451098847473,0.002052049468830137,0.002077069899010107,0.002102090394542744,0.0021271109554294437,0.002150903358655445,0.0021702742084430304,0.0021896450974060538,0.002209016025545395,0.002229299394467723,0.0022591630487397013,0.0022890267961237624,0.0023188906366223075,0.002348754570237828,0.002384794952486609,0.002421116214962376,0.0024574376152115547,0.002493759153243271,0.0025180788687712893,0.0025398719131829043,0.002561665007322764,0.0025834581512204826,0.0025957058497451343,0.002603777407503867,0.002611848972094696,0.0026199205435206026,0.002627535901979885,0.002634800327958384,0.0026420647594918344,0.0026493291965865957,0.0026485220369593123,0.0026372218054963544,0.002625921587370984,0.002614621382584228,0.002607006034702709,0.0026078131910873604,0.002608620347548543,0.002609427504090802,0.002610936536024655,0.0026157794771638617,0.0026206224208692877,0.0026254653674149565,0.002631396222862322,0.0026612611306000575,0.0026911261315128686,0.00272099122563395,0.0027508564129643913,0.0027748258374470976,0.002798233810755008,0.002821641841421317,0.0028450499294402102,0.0029101506848716843,0.0029868332745490713,0.003063516478287031,0.003140200295821307,0.003193194963238046,0.003233555337163615,0.0032739158812895466,0.003314276595645503,0.0033209449040663966,0.003296728438317408,0.0032725120338357944,0.003248295690618511,0.0032180779917411356,0.003178524887763463,0.003138971947190114,0.0030994191699819456,0.003055233962494173,0.0029979233496247944,0.0029406130795142467,0.0028833031536539882,0.002819781834795698,0.002714849750394969,0.0026099188158080072,0.002504989030940537,0.002400060395699873
Q_ij_2_5,-0.0007224782569226143,-0.0007985407980341118,-0.0008733703370302626,-0.000946739611713784,-0.0010183725288445363,-0.0010721597858597842,-0.001122231587801852,-0.001170845773002064,-0.0012178075684566962,-0.0012519777924782974,-0.0012812443976925867,-0.0013095374164689717,-0.0013367865949406984,-0.0013434392409110369,-0.0013372943630601474,-0.0013310894140574066,-0.0013248252314131416,-0.0013139461217202084,-0.0012978245035629712,-0.0012813666531104316,-0.0012645858093526573,-0.0012410817876548292,-0.0012046970422776766,-0.0011672577145811652,-0.0011288490371385402,-0.0010915153486382172,-0.0010606404662687194,-0.0010293287193464584,-0.0009976078737938348,-0.0009639607400168181,-0.0009134751037309887,-0.0008622020769380278,-0.0008102277599999463,-0.000757627931231024,-0.000693821222218721,-0.0006288275631099478,-0.0005632055341938849,-0.0004970251686041291,-0.00045337739830788416,-0.00041448430610302396,-0.0003755366938052134,-0.00033654467175736114,-0.0003145439129764349,-0.000299979508151119,-0.00028540920545238615,-0.00027083460672753753,-0.00025713303956132947,-0.00024410818110030493,-0.0002310903484267233,-0.0002180830466243296,-0.0002201851189221087,-0.00024189020333739448,-0.0002635548377904776,-0.00028516804033330704,-0.0002996103791666985,-0.00029776090485731857,-0.0002958440577359035,-0.0002938123322751215,-0.00029007833998569344,-0.00027892118827213454,-0.0002666939325517369,-0.00024794495383895356,-0.00032153242425136795,-0.00026210862450452306,-0.00020254444155311778,-0.0001429812154431688,-8.342822322813503e-5,-3.5532432655555654e-5,1.122130715156963e-5,5.7946495033403e-5,0.00010464841412254964,0.00023433037058375491,0.0003874062546982166,0.000542987394938163,0.0007105718546512636,0.0008353023999495284,0.0009344423601756813,0.00103763867813797,0.0011445301040884197,0.0011632186332676537,0.001099658883044498,0.0010372790277312885,0.0009761141164624778,0.0009013451137675813,0.0008060565095057774,0.0007141583319017963,0.0006257866523747053,0.0005308856513300017,0.0004122826875848011,0.0002973020698429551,0.00024804436203410224,0.00012563092088831927,-7.532431302106358e-5,-0.00027425637746791365,-0.00047043090007694606,-0.000662736514426383
Q_ij_2_6,0.0012459296782558805,0.0010883866689012202,0.0009329545507348879,0.0007801082987270357,0.0006304550789297393,0.0005178351704252119,0.0004128494066297884,0.00031085954111300697,0.000212393171729271,0.00014087837880655995,7.979538419505987e-5,2.0975778517255133e-5,-3.536583288003418e-5,-4.9082938101367206e-5,-3.646617755454587e-5,-2.3705541164438793e-5,-1.0803665035750724e-5,1.1673952206662567e-5,4.5095387488108475e-5,7.931179474264676e-5,0.0001142820288179313,0.0001634856898981388,0.00024139473621980292,0.0003237954125815053,0.0004104946193122139,0.0004971817192536188,0.0005725411308315969,0.0006510817426250388,0.0007327617780992051,0.0008207814448950715,0.0009463711320883588,0.001075833000071874,0.0012090053646057538,0.0013457587680874724,0.0015390380801837353,0.0017462079615171145,0.001965316518262599,0.002196763156471825,0.0024415630515170887,0.002715111865242115,0.0030224541572025725,0.003368966735565067,0.0035757078143138304,0.003713515205456231,0.003857638955231387,0.004008649928132493,0.004165438644865082,0.004329244692127832,0.00450247165712395,0.004686410650088665,0.004776369807892522,0.004731872545661514,0.004687405581375821,0.004642977367114384,0.004607985589039778,0.004594573315991098,0.004581340740081558,0.004568320142203724,0.004535806505079171,0.004415274264566209,0.004304147924398124,0.004204788003435175,0.00402609617215236,0.00390564700204056,0.003811197380021659,0.0037388737290564252,0.0036858592956711582,0.003560984848687738,0.0034603027433720186,0.003389331407261171,0.00334526957638295,0.003492393110904965,0.0037091373373862257,0.003948389038676612,0.004212318570428425,0.004417074099649704,0.004583904805430062,0.004757846062836582,0.0049382997388898245,0.004970120536446162,0.004862397160755864,0.004755613410079554,0.0046498122307959645,0.004519078935755934,0.004350150821625043,0.004184130813155322,0.004021014814957214,0.0038415207961474554,0.0036111263856113372,0.003382247431168129,0.0032300973364689984,0.0029816458336427874,0.0025729817443597637,0.0021672087755099934,0.0017655168880085356,0.0013698135739423295
Q_ij_6_7,0.002366809698822622,0.0023240284384674122,0.0022812474267164392,0.002238466663557269,0.0021956861489782022,0.002162732337174471,0.0021312526355243386,0.0020997730684601985,0.0020682936359786635,0.0020445700946313313,0.002023583948691059,0.002002597862562073,0.001981611836243439,0.0019763477922036515,0.0019811907125866363,0.0019860336361549203,0.0019908765629085196,0.0019991937706327883,0.002011301115122403,0.0020234084795193895,0.0020355158638239415,0.0020521152952853797,0.0020771373416194287,0.0021021594729652613,0.0021271816893261345,0.002150975684972496,0.0021703478442700558,0.0021897200545313894,0.0022090923157586898,0.0022293770932225628,0.0022592428451067063,0.0022891087181285963,0.0023189747122938954,0.0023488408276085304,0.0023848838796973596,0.002421207874136568,0.0024575320478654305,0.0024938564009087155,0.0025181780239060467,0.0025399727934270313,0.0025617676278738076,0.002583562527338898,0.0025958112192194524,0.0026038834342771086,0.0026119556582745933,0.002620027891221276,0.002627643875770945,0.002634908900779292,0.0026421739330945108,0.0026494389727366734,0.0026486317464737242,0.00263733057951233,0.002626029429912925,0.002614728297678354,0.002607112327045816,0.0026079195493425916,0.002608726771750877,0.002609533994282821,0.002611043149579104,0.0026158864868752935,0.0026207298276820367,0.0026255731726959226,0.002631504513056411,0.002661371896261513,0.002691239400874664,0.002721107026968968,0.002750974774542468,0.00277494627469525,0.0027983562929155444,0.0028217663860955443,0.0028451765542167676,0.0029102831825194757,0.0029869728611320507,0.003063663339379622,0.003140354616345961,0.003193354546297345,0.0032337189872017613,0.0032740836497319533,0.0033144485339962663,0.003321117536718645,0.003296898558454612,0.0032726796599580207,0.003248460841220526,0.003218240079264039,0.0031786830094014907,0.003139126152213375,0.0030995695075778412,0.0030553800377696814,0.002998063987712564,0.0029407483834529785,0.002883433228664115,0.0028199062329656247,0.002714965049153836,0.0026100253618220695,0.0025050871707491588,0.0024001504757179305
Q_ij_6_8,0.0023668312227011446,0.0023240491910224447,0.0022812674220366214,0.0022384859157306455,0.002195704672092263,0.0021627503082966076,0.0021312700871504073,0.0020997900082175827,0.002068310071494599,0.0020445861551791184,0.0020235996811471205,0.002002613270316157,0.001981626922685252,0.0019763627985806085,0.001981205792615688,0.0019860487900165914,0.0019908917907833367,0.0019992091260382303,0.002011316657125238,0.0020234242092478506,0.0020355317824062723,0.002052131474608931,0.002077153917972192,0.002102176451165152,0.0021271990741912293,0.0021509934610075927,0.0021703659419902072,0.0021897384768248436,0.002209111065513806,0.0022293961889607913,0.002259262456023858,0.0022891288510897443,0.002318995374164396,0.002348862025254038,0.002384905733041005,0.0024212303984048646,0.0024575552532187157,0.0024938802975086644,0.0025182023889881054,0.0025399975821935247,0.002561792844004002,0.002583588174517289,0.0025958371102647896,0.002603909486673977,0.002611981872529595,0.002620054267841546,0.0026276704060467027,0.0026349355780540032,0.0026422007577822423,0.0026494659452526263,0.0026486587025849506,0.0026373573059980974,0.0026260559277570985,0.0026147545678649616,0.002607138444365597,0.00260794568284235,0.002608752921436932,0.0026095601601621807,0.002611069345740147,0.002615912780315418,0.00262075621860018,0.0026255996613305044,0.0026315311212195343,0.0026613991120500455,0.002691267231168497,0.0027211354786520984,0.0027510038544987453,0.0027749758638908593,0.002798386383722229,0.0028217969827609816,0.0028452076609875696,0.0029103157299707185,0.0029870071474369167,0.0030636994098487396,0.003140392516237403,0.003193393736875887,0.00323375917525046,0.0032741248478084816,0.003314490754664345,0.0033211599275743344,0.0032969403330523456,0.0032727208228174975,0.0032485013968609937,0.0032182798835389066,0.003178721840814573,0.0031391640228152673,0.0030996064294123177,0.0030554159139469994,0.0029980985299848067,0.0029407816170808204,0.002883465179116674,0.0028199367905231165,0.0027149933738165872,0.0026100515383910184,0.0025051112840143255,0.0024001726104586427
Q_ij_8_9,0.0023665390079941465,0.002323767448726478,0.0022809959608297045,0.002238224544300287,0.002195453199134896,0.002162506329735476,0.002131033161769655,0.0020995600324417154,0.0020680869417506955,0.002044368116325401,0.0020233860967404037,0.0020024040943264635,0.0019814221090833158,0.0019761590720008115,0.001981001066078355,0.0019858430610703573,0.0019906850569768237,0.001999000660775347,0.0020111056584667343,0.0020232106618732746,0.002035315670995023,0.002051911823154385,0.002076928876103716,0.002101945953458833,0.0021269630552206644,0.002150752131138929,0.002170120244609452,0.0021894883727110034,0.00220885651544421,0.002229136941461229,0.0022589962138992964,0.002288855521114385,0.002318714863108111,0.0023485742398821658,0.0023846090451100353,0.0024209246011527756,0.0024572402086670895,0.0024935558676600685,0.002517871598378047,0.00253966103904585,0.0025614504983529256,0.002583239976325834,0.002595485600974368,0.002603555786634206,0.0026116259748605397,0.0026196961656560604,0.002627310217600528,0.0026345733937250784,0.002641836571947326,0.0026490997522730345,0.0026482927323413334,0.0026369944535041693,0.0026256961796513817,0.0026143979107837874,0.002606783862834729,0.0026075908816278006,0.0026083979004528843,0.0026092049193134695,0.0026107136937417053,0.002615555807509392,0.0026203979222849086,0.002625240038268237,0.002631169875255632,0.0026610296160232104,0.002690889391645274,0.0027207492021428014,0.0027506090475152203,0.002774574142616827,0.0027979778517178513,0.0028213815823386903,0.002844785334474032,0.002909873842160994,0.002986541649646103,0.0030632096866940635,0.0031398779530416687,0.003192861648531168,0.0032332135430474993,0.003273565501189014,0.0033139175229867923,0.0033205843850331136,0.0032963731582589945,0.0032721619543848064,0.00324795077340816,0.0032177394623025073,0.003178194629281633,0.0031386498573161884,0.003099105146371215,0.0030549288288913923,0.0029976295566805635,0.002940330412451302,0.0028830313972582067,0.002819521921097425,0.002714608821941757,0.0026096961524035194,0.0025047839124196576,0.0023998721019282613
l_ij_1_2,0.001772572293245579,0.0017064313132601956,0.0016417299067660758,0.0015784756236510945,0.0015166778996827488,0.0014700778082408915,0.0014263839025339255,0.0013835003155496489,0.0013414361673248912,0.0013102913483989936,0.0012831452573242228,0.0012563829756927142,0.0012300117212333637,0.0012235082140154526,0.0012296196814108112,0.001235756960666799,0.0012419200513787648,0.0012524940829801467,0.0012679523706084445,0.0012835368322878084,0.0012992467095203676,0.00131825048184407,0.001343477423082789,0.0013690620969533476,0.0013950058273510496,0.001419625538417192,0.001438446581909392,0.0014574734549070549,0.0014767085042422055,0.0014974481090818156,0.0015321692936524896,0.0015674411750560254,0.0016032660470911375,0.0016396466169114586,0.0016780667932839387,0.0017173577820269242,0.0017574865313432749,0.0017984860572676643,0.0018144965035147603,0.0018258771080656285,0.0018382038883072247,0.0018516663565621156,0.001860444105240912,0.0018669606880182018,0.001873690918547143,0.0018806561819960691,0.0018871319728376251,0.0018933176726318652,0.0018998266337865847,0.0019067060389468212,0.001902841659061184,0.0018847284466788274,0.0018668445148827093,0.0018492343659372906,0.0018380193235570488,0.0018409254519940563,0.0018441382055859308,0.0018478270440148161,0.001854112271472363,0.0018703994118336395,0.0018900530300013335,0.0019229248710734672,0.0018773487790601428,0.0019432916225207756,0.002008872076440606,0.0020756642367527026,0.0021438363602943886,0.0022104914176969185,0.002278610169646279,0.0023484075225867983,0.002419817666153688,0.002571556644262158,0.002748922797390265,0.002923178906549836,0.003081227398220858,0.003181235565749118,0.003255084193540952,0.003329581555172587,0.003405599340165318,0.0034211588906203553,0.003380279411944372,0.0033397605790166382,0.0032995395502777632,0.0032498923366272177,0.0031858138600530032,0.0031217825163314685,0.0030565670084814855,0.0029808890274922125,0.002877484769872758,0.0027650871709829893,0.0026784032968302555,0.0025551227333711806,0.002358292568838579,0.0021699043287715654,0.001989958907485874,0.0018184483951616398
l_ij_1_3,0.00010556690180146822,0.00010178536831026352,9.807281495260154e-5,9.442924118511196e-5,9.085464646443261e-5,8.814815556432623e-5,8.560094600743979e-5,8.309108606217008e-5,8.061857551202891e-5,7.877991403713622e-5,7.717108795491897e-5,7.557886137100127e-5,7.400323422124067e-5,7.361061408897959e-5,7.397178617632021e-5,7.433384225371142e-5,7.469678232194144e-5,7.532215515631661e-5,7.623716819795555e-5,7.715770620804202e-5,7.808376919889289e-5,7.936239501736138e-5,8.130942137571635e-5,8.328004577425682e-5,8.527426832170586e-5,8.719248684506593e-5,8.876998085188775e-5,9.036161919214589e-5,9.1967401916293e-5,9.366397879423753e-5,9.619010550992717e-5,9.874985012392007e-5,0.00010134321282108741,0.00010397019378630224,0.00010718524183409199,0.00011047487002449437,0.0001138142266840703,0.00011720331214542258,0.00011950032154057043,0.00012157762100462474,0.000123672823109075,0.00012578592792576634,0.00012698134388721647,0.00012777224494447986,0.00012856560181121832,0.00012936141449108207,0.00013011449798322504,0.00013083491442996458,0.00013155732009374285,0.0001322817149772207,0.00013220112842367992,0.00013107549529364385,0.00012995467557982298,0.00012883866927220112,0.00012808929299383382,0.0001281686164014366,0.0001282479643671523,0.00012832733689098475,0.00012847579487594587,0.00012895282121780065,0.00012943073165302035,0.00012990952618239352,0.00013049708030781395,0.00013347585929189519,0.00013648825866357318,0.00013953427860774465,0.00014261391930930802,0.0001451099135125305,0.00014756833813381115,0.00015004741685235507,0.0001525471497571926,0.00015960777769405524,0.00016812938584834374,0.00017687264644229006,0.0001858375626059107,0.00019216251839694726,0.00019705055028636706,0.00020199998453324775,0.00020701082159396212,0.00020784460950919685,0.0002048246519865129,0.00020182679956967195,0.00019885105216009644,0.0001951688378881291,0.00019040104031929064,0.00018569221297695405,0.00018104235543159886,0.00017591761682319383,0.000169380147374729,0.000162966484267559,0.0001566766261950845,0.00014984967320051575,0.00013890514776756328,0.00012837566262487323,0.00011826120975286206,0.00010856178113223402
l_ij_1_10,8.866349973369102e-5,8.533041752985029e-5,8.206600012021822e-5,7.88702023863001e-5,7.574297172233048e-5,7.338076799677692e-5,7.116215479917997e-5,6.898057440588506e-5,6.683599089389175e-5,6.524420562690347e-5,6.385356878356511e-5,6.247932741032956e-5,6.112146569915057e-5,6.078343254746236e-5,6.10943851645547e-5,6.140620914503078e-5,6.171890470654794e-5,6.225795971811856e-5,6.304725808582698e-5,6.384201052237574e-5,6.464222001174971e-5,6.544470849887161e-5,6.625046543161204e-5,6.706754584556387e-5,6.789629987561162e-5,6.865253897562396e-5,6.911388644878524e-5,6.958318140322621e-5,7.006074850542344e-5,7.061092157714506e-5,7.18480869390162e-5,7.310592088059473e-5,7.438497712897326e-5,7.568583218181524e-5,7.663588381113552e-5,7.761226029856816e-5,7.863650930292749e-5,7.971338365507382e-5,7.927607602137742e-5,7.86217306642942e-5,7.810749874434274e-5,7.776364528253515e-5,7.770632776112693e-5,7.774015228702624e-5,7.780376485733876e-5,7.790027779248649e-5,7.799866052467401e-5,7.811125451854917e-5,7.827020080181218e-5,7.848233801897529e-5,7.82531129148787e-5,7.73920517999734e-5,7.653580205451041e-5,7.568436362323588e-5,7.512163687143332e-5,7.520995388161953e-5,7.52989609586441e-5,7.53886483651829e-5,7.557420851773649e-5,7.624118380835657e-5,7.695348254992984e-5,7.770652815303249e-5,7.800384510831574e-5,8.136343199283403e-5,8.491244630738154e-5,8.863561570783629e-5,9.25220704320142e-5,9.680209299020829e-5,0.00010133832736446859,0.00010609636953450279,0.00011106511248670286,0.00012010375959214827,0.0001306989085038049,0.00014181417986590042,0.00015345444394873216,0.00016131210580646118,0.0001670516452108391,0.00017290008868489076,0.00017885792576549986,0.00018029502935514548,0.00017753054902189854,0.0001747881770575919,0.00017206791330650356,0.00016870450261615116,0.00016435400800600687,0.00016006249155508075,0.00015582995255741526,0.00015117141967799228,0.00014523866058167756,0.000139429721613239,0.00013434317423087358,0.0001281848405495679,0.0001183444290385315,0.00010891842292314625,9.99066086031636e-5,9.130869487841874e-5
l_ij_2_4,2.6411606214469413e-5,2.546529179861221e-5,2.453625241395427e-5,2.36244875710958e-5,2.27299968052837e-5,2.205274522115186e-5,2.14153580679653e-5,2.0787323819620782e-5,2.0168642332958193e-5,1.9708569717584505e-5,1.9306010182550042e-5,1.890760729330771e-5,1.8513361010957555e-5,1.8415121954692007e-5,1.85054924698338e-5,1.8596084348462598e-5,1.868689759133091e-5,1.88433758865343e-5,1.9072327616050306e-5,1.9302662834203502e-5,1.953438154926456e-5,1.9854315541153048e-5,2.034149235521334e-5,2.0834578200819693e-5,2.1333573204390864e-5,2.1813554083814918e-5,2.2208279108708925e-5,2.2606546282951654e-5,2.3008355686039657e-5,2.3432887874517793e-5,2.4065007670725665e-5,2.4705546438550555e-5,2.53545043950232e-5,2.6011881765445025e-5,2.6816421079347408e-5,2.76396354965187e-5,2.847530705558928e-5,2.9323436581919983e-5,2.9898278560807922e-5,3.041815038695275e-5,3.094251852194117e-5,3.147138564338621e-5,3.177058210879566e-5,3.196853677981999e-5,3.216710919261273e-5,3.2366299616740165e-5,3.255479998705782e-5,3.2735128819170396e-5,3.291595991675583e-5,3.3097293854679466e-5,3.307715015231443e-5,3.279543841592218e-5,3.251493263228176e-5,3.223563289413405e-5,3.2048088939862516e-5,3.206793945117592e-5,3.208779688236662e-5,3.2107661644219715e-5,3.214481254048656e-5,3.226417160781101e-5,3.238376270658852e-5,3.250361061330777e-5,3.2650436907532784e-5,3.3395892076276545e-5,3.414977191225235e-5,3.491207941688046e-5,3.568281468864461e-5,3.6307482188846567e-5,3.6922763765203605e-5,3.754323155060307e-5,3.81688850193462e-5,3.9936088546285794e-5,4.2069010693470164e-5,4.425745472746665e-5,4.6501396754623046e-5,4.808456580997796e-5,4.9308080602037614e-5,5.054698450334499e-5,5.18012801958485e-5,5.2010002085860366e-5,5.125406697509946e-5,5.050367151363476e-5,4.975881542617932e-5,4.883713323581834e-5,4.7643737071827236e-5,4.646511553551656e-5,4.530126508770271e-5,4.4018561589641514e-5,4.238226695549042e-5,4.0776963754177053e-5,3.920278683978838e-5,3.749409250016478e-5,3.4754897733701206e-5,3.2119666375013575e-5,2.958838989978182e-5,2.7161059927858174e-5
l_ij_2_5,8.59901258604927e-5,8.311308123949616e-5,8.030520609814557e-5,7.75665830525011e-5,7.489737407705693e-5,7.288918495480835e-5,7.101001684102421e-5,6.91695354403597e-5,6.736840722498626e-5,6.603891555559727e-5,6.488368903240097e-5,6.374844661808422e-5,6.263427857321694e-5,6.23667727483139e-5,6.263522361354984e-5,6.290565470547356e-5,6.317806961454511e-5,6.363822663519443e-5,6.430625974600187e-5,6.49805925017773e-5,6.566113769943007e-5,6.660357370224703e-5,6.80425796446555e-5,6.95039408209751e-5,7.098771333073411e-5,7.242131383065748e-5,7.361039270660184e-5,7.481308105586874e-5,7.60294577672603e-5,7.731608415872146e-5,7.922002235450851e-5,8.115706335036727e-5,8.312730376131488e-5,8.513083335373386e-5,8.759781945108546e-5,9.013266163116874e-5,9.271632799734951e-5,9.534898413201287e-5,9.71632229891531e-5,9.881583381967714e-5,0.00010048690055051605,0.00010217657521790932,0.0001031467488328484,0.00010380064856103333,0.00010445935362246921,0.0001051232046483056,0.00010575785314531577,0.0001063716224489736,0.00010699185087080924,0.00010761936757996103,0.00010763050494615174,0.0001068470160433467,0.00010608829935511546,0.00010536106224373023,0.00010494136758309657,0.00010516893116712258,0.00010544304613421356,0.00010578963210378103,0.00010629956410153733,0.00010720945541494683,0.00010860930594233066,0.00011205561708897166,0.00010330243495706176,0.00010610577396390302,0.00010858978042728446,0.00011104015899633992,0.00011349558516937954,0.00011547787042577881,0.00011742097334264064,0.00011937159511899826,0.0001213284027922326,0.00012672831758371253,0.00013282353886570083,0.0001372916553913193,0.0001386574997671567,0.00013924182414330497,0.00013979020553345084,0.00014033922190781343,0.00014094930819517958,0.00014098041698881476,0.0001404270570177626,0.00013988258694601458,0.0001393397316149899,0.00013868224022036763,0.00013786030680134706,0.00013697578515682455,0.00013589974890705693,0.00013429699286901655,0.00013136648337491456,0.00012687198467955886,0.00012543104081675038,0.00011991980659167975,0.00011114975635860169,0.00010278758948688361,9.482981792163973e-5,8.727008501416926e-5
l_ij_2_6,0.0003404861297520112,0.0003280541105216937,0.0003158970049624167,0.00030401417456032086,0.00029240475089826833,0.00028364794126095795,0.00027543325677444546,0.00026736482595376965,0.0002594418036714828,0.0002535671275786579,0.00024843903819598726,0.0002433749368873617,0.0002383746079142858,0.00023713517563355837,0.0002382880846333346,0.00023944482730645916,0.00024060541085033118,0.00024260074012915478,0.0002455190137998647,0.0002484583333360593,0.0002514187784982127,0.0002542986168152685,0.0002570135055163139,0.0002597580765419507,0.0002625342016671268,0.00026503186669595794,0.0002664309627276627,0.00026784862938736124,0.00026928622588843576,0.0002709812942709052,0.0002752025018173775,0.00027949253699146144,0.00028385379070174744,0.00028828866213081447,0.0002910194547017946,0.000293787689010274,0.00029668970876518645,0.00029974196399740123,0.0002966938794248425,0.0002926342816884412,0.00028896081587495543,0.0002857667012898127,0.0002844644524769359,0.0002838949062203026,0.00028341413620724503,0.000283031994878856,0.0002826316475859462,0.00028225649652610077,0.00028202259813885067,0.000281951582259877,0.0002806311541435974,0.00027752232193626003,0.0002744520910657941,0.0002714270942523282,0.0002695232146895234,0.0002700994300219992,0.0002707212649740652,0.00027141339661154945,0.00027268989046867867,0.0002764498288161161,0.00028076769815526555,0.00028699622095113133,0.0002826390405233393,0.0002970195070274558,0.000311791323094164,0.000327101230994756,0.00034294531561215234,0.00036072730734485945,0.0003793973489734429,0.0003987889273432536,0.0004188707665182489,0.0004541179194277393,0.0004950089829234585,0.0005371251658375098,0.0005776790776144639,0.0006020083964971855,0.0006190906431845025,0.0006362754163993946,0.0006538298261864894,0.0006581901059392371,0.0006501834572496107,0.0006422530974479435,0.0006343855763204953,0.0006246760513245514,0.0006121359135196776,0.000599564026022314,0.0005866713540471679,0.0005716070558943876,0.0005511171277498435,0.0005293947055014733,0.0005116768300258051,0.0004883369118345298,0.0004511247515068458,0.0004155718827007241,0.0003816743826065469,0.00034942396268900064
l_ij_6_7,2.6421556650836502e-5,2.5474655529784084e-5,2.454505367472586e-5,2.3632750220422633e-5,2.2737744352758717e-5,2.2060111815434772e-5,2.142237348165165e-5,2.079400038997215e-5,2.0174992304827673e-5,1.9714681605268362e-5,1.9311917193300397e-5,1.891331478348315e-5,1.8518874310678284e-5,1.842058742672165e-5,1.8511002061962437e-5,1.8601638347977475e-5,1.8692496285997778e-5,1.8849051942444783e-5,1.9078117739840405e-5,1.9308568802926267e-5,1.954040514522189e-5,1.986049056182697e-5,2.034788377096014e-5,2.0841192572954862e-5,2.1340417194521753e-5,2.1820620874261056e-5,2.221552500510879e-5,2.2613975478992797e-5,2.301597244835731e-5,2.3440707397540697e-5,2.4073151537889985e-5,2.4714025116669318e-5,2.5363328527829972e-5,2.6021062183826156e-5,2.6826019517601033e-5,2.7649672138303957e-5,2.8485800730543184e-5,2.933440701808929e-5,2.990953884208516e-5,3.042967591095002e-5,3.0954330877713726e-5,3.1483510180499575e-5,3.178289558831898e-5,3.198098040138034e-5,3.2179687297430914e-5,3.237901692841911e-5,3.256765402980251e-5,3.2748119276710496e-5,3.292909297652255e-5,3.3110576525750635e-5,3.309043701318805e-5,3.280853393099399e-5,3.2527838992624475e-5,3.2248352396000944e-5,3.206068372607649e-5,3.2080547250234045e-5,3.210041853391698e-5,3.212029842237961e-5,3.215747406808798e-5,3.2276899843723095e-5,3.239656990317575e-5,3.251653271906969e-5,3.266327347154407e-5,3.3409234000570255e-5,3.416364277711126e-5,3.492650488819807e-5,3.5697820197615724e-5,3.632300218395117e-5,3.6938820453764705e-5,3.7559854836968475e-5,3.8186104047503574e-5,3.995481434860051e-5,4.208960290158067e-5,4.4280034506693194e-5,4.652604540753176e-5,4.811065180843357e-5,4.933527416995102e-5,5.0575318485982314e-5,5.1830792295811e-5,5.203973842552247e-5,5.128313452931905e-5,5.053208129549726e-5,4.9786578143362856e-5,4.886410366380628e-5,4.7669695337609174e-5,4.649008608174417e-5,4.532526741706112e-5,4.404150036201944e-5,4.2403855079148384e-5,4.0797230868849255e-5,3.922188333222317e-5,3.751184274458917e-5,3.477056551666826e-5,3.213342169477726e-5,2.9600395888873615e-5,2.71714729870363e-5
l_ij_6_8,2.64213541403257e-5,2.547446380959505e-5,2.454487235428536e-5,2.3632578916375853e-5,2.273758268896756e-5,2.205995732564493e-5,2.1422225643575557e-5,2.0793859009729826e-5,2.017485719141229e-5,1.971455109020662e-5,1.9311790657929938e-5,1.8913192146001895e-5,1.85187554901352e-5,1.8420469551003683e-5,1.8510883317186306e-5,1.8601518729878252e-5,1.869237579030003e-5,1.8848929929562814e-5,1.9077993495698426e-5,1.930844230046305e-5,1.9540276357212758e-5,1.9860358595981183e-5,2.0347746916959607e-5,2.0841050711456616e-5,2.134027020473914e-5,2.1820468894610572e-5,2.2215368880553453e-5,2.261381513477774e-5,2.3015807809056716e-5,2.3440538179249496e-5,2.4072975424078713e-5,2.47138419223511e-5,2.536313806556126e-5,2.6020864263706142e-5,2.6825812341356188e-5,2.7649455346001755e-5,2.8485574028790673e-5,2.933417010905155e-5,2.9909294930583893e-5,3.0429425608207307e-5,3.095407407247939e-5,3.148324676045097e-5,3.17826284010604e-5,3.198071071177332e-5,3.217941508978628e-5,3.2378742186987196e-5,3.256737688326238e-5,3.2747839822675016e-5,3.292881120205075e-5,3.311029241784093e-5,3.309015316432596e-5,3.280825370241539e-5,3.252756235337713e-5,3.224807931526234e-5,3.206041302615461e-5,3.208027629865413e-5,3.210014733049592e-5,3.212002696691996e-5,3.215720214113565e-5,3.2276626400384315e-5,3.239629493743422e-5,3.251625622407221e-5,3.266299510410064e-5,3.340894604092063e-5,3.416334500693468e-5,3.492619708662239e-5,3.569750214130652e-5,3.6322675733749584e-5,3.693848566422191e-5,3.7559511566532554e-5,3.818575215344909e-5,3.9954437717953027e-5,4.208919567729165e-5,4.4279595073583096e-5,4.652557211012533e-5,4.811015411983635e-5,4.9334757353245465e-5,5.057478205656114e-5,5.1830235762834416e-5,5.2039178522670585e-5,5.1282586795662626e-5,5.053154555320068e-5,4.978605421591347e-5,4.8863594233668995e-5,4.766920447564642e-5,4.648961333077561e-5,4.5324812325780936e-5,4.404106447231804e-5,4.24034432799846e-5,4.0796842255941465e-5,3.9221517013812556e-5,3.751150012537233e-5,3.4770259767512284e-5,3.21331500685913e-5,2.960015574526784e-5,2.7171261792275122e-5
l_ij_8_9,2.6421354140325697e-5,2.5474463809595043e-5,2.454487235428536e-5,2.3632578916375853e-5,2.273758268896756e-5,2.2059957325644928e-5,2.1422225643575557e-5,2.0793859009729826e-5,2.0174857191412293e-5,1.9714551090206622e-5,1.9311790657929934e-5,1.89131921460019e-5,1.85187554901352e-5,1.8420469551003683e-5,1.8510883317186306e-5,1.860151872987825e-5,1.8692375790300035e-5,1.8848929929562814e-5,1.9077993495698426e-5,1.9308442300463045e-5,1.9540276357212755e-5,1.986035859598118e-5,2.034774691695961e-5,2.0841050711456616e-5,2.1340270204739137e-5,2.1820468894610572e-5,2.2215368880553453e-5,2.261381513477773e-5,2.301580780905672e-5,2.3440538179249493e-5,2.4072975424078713e-5,2.47138419223511e-5,2.5363138065561263e-5,2.602086426370614e-5,2.6825812341356188e-5,2.764945534600175e-5,2.8485574028790676e-5,2.9334170109051547e-5,2.990929493058389e-5,3.0429425608207317e-5,3.095407407247939e-5,3.1483246760450963e-5,3.17826284010604e-5,3.198071071177332e-5,3.217941508978628e-5,3.23787421869872e-5,3.2567376883262386e-5,3.2747839822675016e-5,3.2928811202050744e-5,3.311029241784094e-5,3.309015316432596e-5,3.2808253702415394e-5,3.252756235337713e-5,3.2248079315262346e-5,3.206041302615461e-5,3.208027629865413e-5,3.2100147330495915e-5,3.2120026966919966e-5,3.215720214113564e-5,3.22766264003843e-5,3.239629493743422e-5,3.2516256224072204e-5,3.2662995104100636e-5,3.340894604092064e-5,3.416334500693468e-5,3.492619708662238e-5,3.5697502141306516e-5,3.6322675733749584e-5,3.69384856642219e-5,3.7559511566532554e-5,3.818575215344909e-5,3.9954437717953027e-5,4.208919567729165e-5,4.42795950735831e-5,4.652557211012534e-5,4.811015411983635e-5,4.9334757353245465e-5,5.057478205656114e-5,5.183023576283441e-5,5.203917852267059e-5,5.128258679566262e-5,5.0531545553200686e-5,4.978605421591348e-5,4.8863594233668995e-5,4.766920447564641e-5,4.648961333077561e-5,4.532481232578094e-5,4.404106447231805e-5,4.240344327998458e-5,4.0796842255941465e-5,3.922151701381255e-5,3.751150012537233e-5,3.477025976751229e-5,3.213315006859131e-5,2.9600155745267836e-5,2.717126179227512e-5
v_j_1,1.0609,1.0609,1.0609,1.0609,1.0609,1.0609,1.0609,1.0609,1.0609,1.0609,1.0609,1.0609,1.0609,1.0609,1.0609,1.0609,1.0609,1.0609,1.0609,1.0609,1.0609,1.0609,1.0609,1.0609,1.0609,1.0609,1.0609,1.0609,1.0609,1.0609,1.0609,1.0609,1.0609,1.0609,1.0609,1.0609,1.0609,1.0609,1.0609,1.0609,1.0609,1.0609,1.0609,1.0609,1.0609,1.0609,1.0609,1.0609,1.0609,1.0609,1.0609,1.0609,1.0609,1.0609,1.0609,1.0609,1.0609,1.0609,1.0609,1.0609,1.0609,1.0609,1.0609,1.0609,1.0609,1.0609,1.0609,1.0609,1.0609,1.0609,1.0609,1.0609,1.0609,1.0609,1.0609,1.0609,1.0609,1.0609,1.0609,1.0609,1.0609,1.0609,1.0609,1.0609,1.0609,1.0609,1.0609,1.0609,1.0609,1.0609,1.0609,1.0609,1.0609,1.0609,1.0609,1.0609
v_j_2,1.0605483338635386,1.0605574208257362,1.060566463066863,1.0605754512737364,1.060584373722273,1.060591192515728,1.0605976540497446,1.0606040559549343,1.0606103884032727,1.0606151073541055,1.0606192387045963,1.0606233255808624,1.0606273636580483,1.0606283638440503,1.0606274319064108,1.0606264967479362,1.0606255584173094,1.0606239461218179,1.060621589439319,1.060619217498547,1.0606168310633053,1.0606137721921067,1.0606094244781608,1.0606050062928583,1.0606005212765388,1.0605962250106842,1.0605927842698448,1.0605892980956038,1.0605857673815327,1.0605820023410464,1.0605761827355658,1.0605703039226444,1.0605643691243993,1.0605583810153099,1.0605513079556703,1.0605440363349872,1.0605366084945815,1.060529020453974,1.0605238392661867,1.0605188441248405,1.0605134302713004,1.06050753135497,1.0605040082476196,1.060501620057016,1.0604991526027185,1.060496598684244,1.0604940484576326,1.0604914686564193,1.060488770330504,1.0604859371506887,1.0604853178724092,1.0604877251198743,1.0604901211900737,1.0604925023884315,1.060494113920146,1.0604939920019796,1.0604938446124312,1.06049365823314,1.060493444115956,1.0604932352958314,1.0604926734372715,1.060490954207716,1.0604968316716816,1.0604916718392856,1.0604863423736777,1.0604807683882167,1.0604749679683165,1.0604704414536033,1.0604656582073106,1.0604605135360958,1.060455042393129,1.0604401934427072,1.0604226745343492,1.060405423357007,1.0603890267089928,1.0603780279131634,1.0603696860667717,1.0603612410252596,1.060352655196676,1.06035104394362,1.0603559082926877,1.0603607460275282,1.0603655596618633,1.060371527838256,1.0603792748703569,1.0603869942400492,1.0603947565194634,1.060403577025752,1.0604153490707002,1.060427731519439,1.0604371138872781,1.0604509481498845,1.0604737606091312,1.0604965117087872,1.060519178012555,1.060541723524559
v_j_3,1.0607459111141841,1.0607486960654748,1.0607514810109728,1.0607542659506783,1.0607570508845912,1.0607591961250584,1.0607612454090682,1.0607632946899412,1.060765343967678,1.0607668883488275,1.060768254530667,1.0607696207111126,1.0607709868901642,1.0607713295769987,1.0607710143051143,1.0607706990331556,1.0607703837611226,1.0607698423155016,1.0607690541347758,1.0607682659535862,1.0607674777719325,1.0607663971627084,1.0607647682511725,1.060763139337655,1.060761510422156,1.0607599614656074,1.0607587003669172,1.0607574392670391,1.0607561781659733,1.0607548576639467,1.0607529134622258,1.0607509692576818,1.0607490250503144,1.060747080840124,1.0607447345333503,1.0607423699454406,1.0607400053533549,1.0607376407570932,1.060736057503349,1.0607346387419099,1.0607332199789672,1.0607318012145213,1.060731003872812,1.0607304784038043,1.0607299529345902,1.06072942746517,1.0607289316960062,1.0607284587731765,1.06072798585018,1.0607275129270162,1.0607275654740425,1.0607283011321962,1.0607290367899456,1.0607297724472908,1.0607302682161435,1.060730215669223,1.0607301631223005,1.0607301105753761,1.0607300123354682,1.060729697053855,1.0607293817721672,1.0607290664904052,1.0607286803843783,1.0607267361446455,1.0607247919020892,1.0607228476567097,1.0607209034085068,1.0607193429816437,1.060717819107681,1.0607162952319835,1.060714771354552,1.0607105332755138,1.060705541235288,1.0607005491764487,1.0606955570989955,1.0606921071856228,1.06068947976219,1.060686852333601,1.0606842248998556,1.06068379080161,1.0606853672629872,1.0606869437225082,1.0606885201801726,1.0606904873225682,1.060693062195645,1.0606956370637697,1.0606982119269424,1.0607010883653938,1.060704819272781,1.0607085501697715,1.0607122810563652,1.0607164163196212,1.0607232474723827,1.0607300785902907,1.0607369096733459,1.060743740721549
v_j_4,1.060392755456725,1.060404654245582,1.0604165083092012,1.0604283083344004,1.0604400425970961,1.0604490273380756,1.0604575579378657,1.060466028906573,1.0604744304161726,1.0604807086580599,1.0604862193803384,1.0604916856273892,1.0604971030743575,1.060498449255967,1.060497199002371,1.0604959455278864,1.0604946888811961,1.0604925299123404,1.0604893774392203,1.0604862097074932,1.060483027480963,1.0604788775678329,1.0604728852165568,1.060466822392499,1.0604606927359985,1.0604548325613288,1.0604501185486443,1.0604453591017038,1.060440555114079,1.0604354568260932,1.0604276742541623,1.0604198324727598,1.0604119347040029,1.0604039836223709,1.060394541614316,1.0603848825888773,1.0603750673407113,1.0603650918893386,1.0603583121726636,1.0603518845822062,1.0603450382784705,1.060337706910859,1.060333378770026,1.06033046004141,1.0603274620489507,1.0603243775921656,1.0603213268140543,1.0603182695281061,1.0603150937173351,1.0603117830525426,1.0603112168281483,1.0603143668299349,1.0603175056541645,1.060320629606262,1.0603227416892456,1.0603225667172647,1.0603223662739,1.0603221268407907,1.060321813536031,1.0603212863929572,1.0603204062113925,1.0603183686587703,1.0603238562922996,1.0603167334661157,1.0603094410046876,1.0603019040213737,1.0602941406015876,1.060288038610762,1.060281716794292,1.0602750335516484,1.060268023836002,1.0602488959400096,1.0602263368596614,1.0602040454969364,1.0601826086501522,1.0601681266885392,1.0601571320957035,1.060146034304035,1.0601347957215825,1.0601327461870926,1.060139202189292,1.0601456315759274,1.0601520368607216,1.0601599911382042,1.060170337860458,1.0601806569167396,1.0601910188791799,1.0602027435524455,1.0602182824729587,1.0602344317897874,1.060247581018208,1.0602655904206986,1.0602952999140984,1.0603249480228307,1.0603545113105994,1.0603839537815314
v_j_5,1.0604998106329109,1.060510848095976,1.0605218231159477,1.0605327230746258,1.0605435321986005,1.0605517839771068,1.0605595951774178,1.0605673252054504,1.0605749610957425,1.0605806433851659,1.0605856116754158,1.0605905199129417,1.0605953622356967,1.060596557744723,1.0605954368816763,1.0605943115020267,1.0605931816689151,1.0605912425981752,1.060588408655428,1.060585554288011,1.0605826804983898,1.060578946128827,1.060573566845658,1.0605681023490556,1.060562557519202,1.060557241529295,1.0605529613869178,1.060548629780362,1.0605442479806833,1.0605395864444422,1.0605324403208565,1.060525223916302,1.0605179416573922,1.0605105972756474,1.0605018807118098,1.0604929432131778,1.0604838408317525,1.0604745705340504,1.0604682634096536,1.0604622593972297,1.0604558356623934,1.0604489259495216,1.060444829732538,1.060442059540214,1.0604392093191748,1.0604362717927829,1.0604333584542964,1.0604304309719967,1.0604273837574079,1.0604242002885067,1.0604236038993553,1.0604265168362021,1.0604294117720094,1.0604322827743011,1.0604342020880495,1.0604339880491986,1.0604337336875558,1.0604334171159484,1.0604330024484436,1.0604323805267755,1.0604312472312238,1.060428274661358,1.0604376932961639,1.0604309390382256,1.060424121950827,1.0604170809037057,1.0604098221389624,1.060404127668218,1.0603982079789265,1.0603919308791028,1.0603853315408946,1.0603673879281585,1.0603463423531723,1.0603260130453,1.060307239414177,1.0602945952564247,1.0602849291165677,1.060275116651428,1.0602651092454092,1.0602632698983077,1.0602690283988236,1.0602747461625697,1.0602804270978654,1.060287456629609,1.060296556481561,1.0603056096563102,1.0603147192056763,1.0603251117666659,1.0603391090416194,1.0603541181455498,1.060364499817843,1.060381378069687,1.060409201879632,1.0604369392838826,1.060464557939418,1.060492008765184
v_j_6,1.0601956792416654,1.0602134958774772,1.0602312279938029,1.0602488574586686,1.0602663612908534,1.0602797404628694,1.0602924203068886,1.0603049844893506,1.0603174133380748,1.0603266758838903,1.0603347853349017,1.060342807584128,1.0603507341117366,1.0603526989490168,1.060350872163408,1.06034903918599,1.0603472001169416,1.060344038206601,1.060339414979295,1.0603347616502734,1.0603300797607782,1.0603245327512056,1.0603173004639315,1.0603099175040474,1.0603023909762852,1.0602952225573314,1.0602897208645594,1.0602841171238915,1.0602784129694454,1.0602722358308383,1.0602620140579058,1.0602516637193058,1.0602411909603704,1.0602306008020237,1.0602189442608028,1.0602068893987482,1.0601944667832255,1.0601816653850418,1.0601743161732422,1.0601673342883067,1.0601593346124487,1.0601501555271138,1.0601444187217064,1.0601404204495743,1.0601362297164558,1.0601318290058555,1.060127390772582,1.0601228448527173,1.0601180108940558,1.0601128491678655,1.060111821059964,1.0601165298719075,1.0601212155081075,1.0601258702231562,1.0601290072815506,1.0601287291681152,1.0601283981724718,1.0601279865013724,1.0601274684681328,1.0601267086907489,1.060125202928236,1.060121379461947,1.0601320416631117,1.0601207391598324,1.0601089358158657,1.060096520134201,1.0600835460494396,1.0600721479392405,1.0600599767572363,1.0600469228217781,1.0600330710640646,1.0600006950284617,1.0599628880595153,1.0599252308190532,1.0598893128197204,1.0598661929203292,1.0598491214784462,1.05983190129601,1.059814407380288,1.0598107843833573,1.0598200552654011,1.0598292803991778,1.059838466294901,1.0598498629384132,1.059864672686114,1.0598794821151944,1.059894471611776,1.0599116516597502,1.0599347286829033,1.0599590458897574,1.0599777802630799,1.0600048710450702,1.0600495467937994,1.060094109766482,1.0601385159408703,1.0601826974189685
v_j_7,1.059993408409214,1.0600148808055816,1.0600362686754115,1.0600575538867312,1.0600787134583192,1.0600949086544862,1.0601102785623977,1.0601255328049348,1.0601406517099172,1.0601519415419842,1.060161844359796,1.060171659974126,1.0601813798651425,1.0601837945424761,1.060181553904022,1.060179307073668,1.0601770541515938,1.0601731814934543,1.0601675236328,1.0601618356698657,1.0601561191458928,1.0601491536365464,1.060139783101317,1.0601302618910664,1.0601205971105265,1.0601113953998793,1.0601042382821748,1.0600969791151291,1.0600896195328597,1.0600817089918297,1.060068935095827,1.0600560326307207,1.0600430077418437,1.0600298654501188,1.0600151289501878,1.05999997013247,1.0599844435561996,1.0599685381921817,1.0599591106699973,1.0599502664010887,1.0599404043394163,1.0599293628664226,1.0599225794043388,1.0599178913581468,1.0599130108507149,1.0599079203655473,1.059902831344731,1.0598976646273204,1.0598922098709056,1.0598864273467543,1.0598854682163938,1.0598911427138895,1.0598967940351491,1.0599024144347653,1.0599062022803079,1.059905855189444,1.0599054552163691,1.0599049745678346,1.0599043275767779,1.059903153934724,1.0599012343074412,1.0598969969762633,1.059907152342959,1.0598932976703408,1.0598789421535917,1.059863974295699,1.0598484480312642,1.059835001576946,1.0598208300333054,1.0598057757340846,1.0597899236104829,1.0597519843273921,1.0597076244017631,1.0596634141819388,1.0596209431805896,1.0595932946487323,1.0595727742410923,1.0595521050866132,1.0595311621925594,1.059526969363806,1.0595383096342021,1.0595496041540686,1.0595608594336197,1.0595748383050834,1.059593028036894,1.059611217444052,1.0596295869126826,1.0596505428051821,1.0596785173184131,1.0597077320027015,1.0597313638407095,1.0597638829062768,1.0598175257855151,1.0598710558462627,1.0599244290662777,1.059977577547571
v_j_8,1.0600400972626545,1.060060725853201,1.0600812699177515,1.0601017113243325,1.060122027091723,1.0601375723029094,1.0601523212989503,1.06016695462991,1.0601814526236077,1.0601922745227264,1.0602017633999918,1.0602111650739057,1.0602204710246357,1.0602227818708143,1.0602206367570228,1.0602184854513381,1.0602163280539398,1.0602126194490646,1.060207200400161,1.0602017512490205,1.060196273536885,1.0601896354420983,1.060180758451591,1.0601717307862475,1.0601625595507997,1.0601538271580977,1.0601470521400829,1.0601401750728372,1.0601331975904786,1.0601256871469382,1.060113502322029,1.06010118892828,1.0600887531110235,1.0600761998911832,1.0600621742926897,1.0600477319144923,1.0600329217781317,1.0600177328544147,1.0600087850359525,1.0600003706315677,1.05999093843456,1.059980326826373,1.0599737849469881,1.0599692561100493,1.0599645348118898,1.0599596035360141,1.0599546647257216,1.0599496412967073,1.0599443298287046,1.0599386905929813,1.0599377155416851,1.0599431671460833,1.0599485955742831,1.059953993080877,1.0599576307159262,1.0599572995459894,1.0599569154938417,1.0599564507662347,1.0599558335403907,1.0599547554239066,1.0599529313222011,1.05994878951661,1.0599590618675332,1.0599457962695593,1.0599320298277188,1.0599176510449992,1.0599027138560018,1.0598897401850997,1.059876030349587,1.0598614377586575,1.05984604734351,1.0598093921230085,1.059766544693197,1.0597238469709307,1.0596828884688787,1.0596562851892666,1.059636560835218,1.059616687734813,1.0595965408953156,1.059592479588667,1.0596033422262254,1.0596141591134278,1.059624936760488,1.0596383196299135,1.0596557292293836,1.059673138504664,1.05969072784188,1.0597108122305325,1.0597376563508334,1.0597657406431618,1.0597882420901885,1.059819508243426,1.0598710813971768,1.0599225417356941,1.0599738452367362,1.0600249240023125
v_j_9,1.060001532890853,1.0600228584515428,1.060044099485872,1.0600652378618676,1.0600862505983082,1.0601023326869639,1.0601175945465835,1.0601327407409247,1.0601477515978064,1.0601589600023829,1.0601687907882291,1.060178534370636,1.0601881822297714,1.0601905788389143,1.0601883548231958,1.0601861246155797,1.060183888316245,1.06018004420586,1.0601744279020755,1.0601687814960248,1.06016310652895,1.0601561979947356,1.0601469133438464,1.0601374780179962,1.0601278991219174,1.0601187790798596,1.060111688453437,1.0601044957777088,1.0600972026867932,1.060089361768995,1.060076690380626,1.0600638904232398,1.0600509680421684,1.0600379282583356,1.0600233154666328,1.0600082813209182,1.0599928794167774,1.0599770987250174,1.059967754679111,1.0599589852136693,1.0599491979555093,1.059938231286075,1.0599314898633707,1.0599268295222222,1.0599219767198398,1.0599169139397282,1.0599118510580356,1.0599067092751864,1.059901279453338,1.0598955218637585,1.0598945599628902,1.0599001956732785,1.0599058082074433,1.0599113898199766,1.0599151515264051,1.0599148072060462,1.0599144100034763,1.0599139321254467,1.0599132903140303,1.059912133295008,1.0599102302907595,1.0599060095826192,1.0599161853065109,1.059902433142686,1.0598881801348166,1.0598733147858899,1.0598578910305074,1.0598445268484995,1.059830435649907,1.0598154616957876,1.0597996899173407,1.059761974083195,1.0597178773580616,1.059673930339301,1.0596317225395842,1.0596042559002616,1.059583874020231,1.0595633433935188,1.0595425390273892,1.059538369085874,1.0595496262394815,1.059560837642616,1.0595720098054915,1.0595858849618796,1.0596039389366916,1.0596219925870023,1.0596402262989368,1.0596610305344007,1.059688808339462,1.0597178263158973,1.0597412614463724,1.05977356248375,1.0598268451957282,1.0598800150902796,1.0599330281451624,1.0599858164623868
v_j_10,1.0607225024831628,1.060726337663828,1.0607301652513734,1.0607339844877695,1.0607377945248013,1.060740722543785,1.0607435135357721,1.0607462981453237,1.060749075881527,1.0607511643856251,1.0607530082092755,1.0607548483753557,1.0607566846975947,1.0607571446877442,1.0607567215061988,1.0607562981093772,1.0607558744997239,1.0607551465065468,1.0607540856851945,1.060753023610696,1.0607519603184683,1.0607508000017332,1.0607494460102558,1.0607480718037452,1.06074667731958,1.0607453714608983,1.060744438486492,1.0607434865857284,1.060742515567414,1.060741443816841,1.0607394961259242,1.0607375258316678,1.06073553286991,1.0607335171436953,1.060731522804502,1.0607294477392557,1.0607272851624543,1.0607250309030753,1.0607241266490224,1.0607233091560175,1.0607222338010383,1.060720858689911,1.0607199265999978,1.0607192479467886,1.0607185207859218,1.060717740717458,1.0607169440956759,1.060716114980564,1.060715213495148,1.0607142297315024,1.060714081491241,1.060715113826161,1.0607161460623076,1.0607171781980549,1.0607178864304216,1.0607178538472863,1.060717820261166,1.0607177856881305,1.0607177375565726,1.0607175862688185,1.0607173682159619,1.0607170908498895,1.0607180848741296,1.0607154620561807,1.0607126386757872,1.0607096443535509,1.0607065008589665,1.060703484250036,1.0607002399207415,1.060696766101749,1.0606930844919245,1.0606853782388272,1.0606764268440152,1.0606673035574603,1.060658014475657,1.0606518046186297,1.060647280566657,1.0606427386190203,1.0606381788225405,1.0606371541559676,1.0606393820408153,1.060641609841756,1.0606438375556597,1.0606466172281028,1.0606502554372266,1.0606538933773058,1.060657531030471,1.0606615943808253,1.060666864175533,1.060672133202328,1.060675783343408,1.0606815572986872,1.0606910813052357,1.0607005844763586,1.0607100622624026,1.0607195087953616
q_D_j_6,0.005510220398124684,0.005503331601798254,0.005495376522907566,0.005486113658266131,0.005475233701181608,0.0054655044702448,0.005454891119261281,0.005442752887974028,0.005428817157157658,0.005416938403288214,0.00540531252745765,0.005392522993431169,0.005378455667475784,0.00537471377596357,0.005378161608864741,0.005381535084414695,0.005384835627991864,0.005390336895470721,0.005397982233992031,0.005405218007783869,0.005412066075807501,0.005420737147659195,0.005431043178954721,0.005437935340644923,0.005441512477444982,0.005441468117260111,0.005437060726702557,0.005429895158021173,0.005419984826383539,0.005407547843105432,0.005394314941458823,0.005377933115297348,0.005358469894085248,0.005335974397275421,0.0052806218947335825,0.005213052333775414,0.0051340919478971994,0.005043274417117092,0.004891683219022015,0.004701406999936565,0.004477458683268268,0.004214463477500163,0.004054783257164415,0.003948067148155965,0.003835050481460204,0.0037151614477260657,0.0035876991082402555,0.0034518378686867377,0.0033065638626717108,0.003150584217319811,0.003056933553957077,0.003056603038006475,0.003056266942345285,0.0030559251935526268,0.003060837656591085,0.0030776840698930616,0.0030943993393890506,0.0031109858646770953,0.003150121148327207,0.0032912816509042156,0.003423699238592649,0.0035483813208188144,0.0037073793005458966,0.003947442016547594,0.004161535870354346,0.004353490002931739,0.004526119092348734,0.004747143330264936,0.004941711694920949,0.005106539943739361,0.005244431367970648,0.005357742807238616,0.00544778199988469,0.005515601821326173,0.005562011920340357,0.005579030729542487,0.0055860068864822515,0.005590690752736863,0.0055930872657893715,0.005593375976988724,0.005593278823659004,0.005593178891595531,0.005593076110547934,0.005592943594814513,0.005592762627349143,0.00559257308277625,0.005592374451149097,0.005592140288570075,0.0055918130415228565,0.005591453958768356,0.005552230230622587,0.005549300512932565,0.005543581290368109,0.005536414380471195,0.00552719819432665,0.005514967007756327
q_D_j_10,0.0026182681138682226,0.0026114151278138803,0.0026040727114877925,0.002596191951765383,0.0025877181161536567,0.002580748012047479,0.00257369884763998,0.0025662381320031213,0.00255833418809631,0.0025520640325797147,0.002546278794473348,0.002540257672595958,0.002533988647409829,0.002532375788793861,0.002533860224485823,0.0025353307758570467,0.002536787600678728,0.002539257959757098,0.002542784111867682,0.002546229444888674,0.002549596244212708,0.0025540179230943063,0.0025596590659452204,0.002563995895897262,0.0025670243748606492,0.0025684695704151464,0.002567688296497753,0.002565685837223557,0.002562449858075647,0.0025581384569743786,0.002554262082895635,0.0025489273589665764,0.0025421301493104794,0.0025338642021974916,0.002510377593499657,0.002480927785062895,0.0024458315535944206,0.0024048197951678026,0.002333518565428607,0.002243100643732386,0.0021360449371741375,0.0020096484048470085,0.001932645312373696,0.0018810983133044762,0.00182642152662106,0.0017683310647398677,0.0017064605472885204,0.001640407354012794,0.0015696847336485913,0.0014936534175523746,0.0014477847362863755,0.0014472179739578631,0.0014466448749450105,0.001446065334335109,0.001448188271702634,0.0014564582344081427,0.0014646634835481398,0.0014728050559978233,0.0014919994118026765,0.0015611940892265536,0.0016260810141226194,0.0016871409934746287,0.001839368117833348,0.001959155393953756,0.002066002583764531,0.002161820875694714,0.0022480148896512416,0.002358242911381466,0.0024552878691061473,0.002537526422046027,0.0026063586308823624,0.002663357204578138,0.0027088651319190256,0.0027432855130208587,0.002767011768805608,0.002775886828551161,0.0027796507155073607,0.0027822606956965468,0.002783719794037399,0.0027839058739878193,0.0027836999060314714,0.0027834886929136945,0.0027832720326477047,0.002782993715385791,0.0027826153634359536,0.0027822201019855504,0.0027818067779800874,0.0027813221315264878,0.0027806543981229036,0.0027799380608618195,0.00267476668584489,0.0026697045983947614,0.0026604296201483864,0.0026498133791481213,0.0026375623018892085,0.0026232977459617916
q_B_j_5,0.005456578927368554,0.005447075576546454,0.005436339650474282,0.005424143887464602,0.005410212195276867,0.005398089027585395,0.005385198716836939,0.005370851028093751,0.0053548511924651045,0.005341572243380172,0.005328864708824316,0.00531518371115839,0.005300459003243959,0.005296583156251636,0.0053001246298271095,0.005303606044471295,0.005307028237716677,0.005312784378314845,0.005320878619629203,0.005328636667525229,0.0053360717604548314,0.005345768196912992,0.005359429921539905,0.005372037201808205,0.005383675270637345,0.005393931755624612,0.005401802990359172,0.0054092374445290446,0.00541626288454348,0.0054231871224966095,0.005432435520185843,0.005440896731655096,0.005448656857862615,0.00545579167767666,0.005464073972111042,0.005471731166787815,0.005478760292965761,0.005485231384800333,0.005490228821233849,0.005494927054093967,0.005499570880757944,0.005504170412506947,0.005506668093585315,0.005508248882062952,0.005509823802322301,0.005511394458312799,0.0055129256393287255,0.005514431610724485,0.0055159446477688135,0.005517468260662501,0.005517956285902781,0.005517058914124175,0.005516121245260015,0.005515132338755361,0.005514343255950185,0.005514109301792318,0.005513808262104742,0.005513392791317744,0.005512679640706018,0.005511212798937144,0.005508678876844347,0.00549963586107164,0.005585029555118955,0.005585345339815029,0.005585518770611169,0.005585692950721104,0.005585877395876209,0.005585926059623632,0.0055859936691728335,0.0055860898770484285,0.005586209391891705,0.005586742707266838,0.005587045438561862,0.00558483287238772,0.00557059784170338,0.0055518411129696155,0.005533410326440554,0.005510923186094034,0.005484741314639811,0.005479386977442124,0.005494519839033368,0.005508472860576857,0.005521210948040991,0.005535551819478228,0.005551743677662105,0.005564544722937749,0.00557381808824335,0.00558035390347066,0.005584336561124227,0.005584687220935478,0.00551933381520184,0.005514689350157784,0.005505755408867195,0.005494800815282676,0.005481091175503134,0.005463515083878028
q_B_j_6,0.002714071049084562,0.0027072815156465586,0.0026994503153659677,0.002690343970788623,0.0026796646148532503,0.0026701301290349257,0.002659746180021166,0.0026478927828459506,0.002634314951401649,0.002622768134684054,0.002611492037700349,0.0025991168987033724,0.0025855422441700597,0.0025819352729566335,0.0025852514814171225,0.0025884982118297866,0.002591676674984566,0.002596982384276079,0.002604368023058749,0.002611368481605173,0.0026180030468119855,0.0026265475400130086,0.0026384385436272625,0.002649252224066756,0.002659082852842195,0.002667631903471787,0.002674175670947491,0.002680296685328429,0.002686023320002929,0.002691588954905619,0.002698723791791924,0.0027051362300416285,0.0027109204455797492,0.002716156797779001,0.002722414669712719,0.00272812269335054,0.002733284418019747,0.002737966903134507,0.0027420089833754646,0.0027458715872790617,0.002749616357814773,0.002753242102665818,0.002755159811460461,0.002756349243386394,0.002757523677615066,0.002758684146128067,0.002759815183784542,0.0027609242985230866,0.0027620265258183835,0.0027631238195790706,0.002763575066644463,0.002763175175349465,0.0027627509427981564,0.002762294048977546,0.0027618956062933635,0.0027616951368654003,0.002761446517652133,0.0027611152863554187,0.0027605409607959325,0.0027593174065804154,0.002757435806740935,0.002751540193708096,0.002794918566220671,0.002794889814848164,0.002794834087156173,0.002794797116702458,0.0027947809442745337,0.0027946640927560915,0.0027945727893396387,0.0027945173657574272,0.0027944955181857622,0.0027947688056163106,0.0027950689963850395,0.00279509355928854,0.002791837844970092,0.002782249960746525,0.0027700297892196747,0.002752992718987855,0.002731734307263475,0.002726335522938915,0.0027372232195055535,0.0027471749083089934,0.0027561475942917365,0.0027660612151595354,0.0027768526443760814,0.0027847447017425734,0.0027897394370170513,0.0027925991564368034,0.002793904009535436,0.0027937152627466304,0.0027556986298145165,0.0027527942254111136,0.002747128895107686,0.0027400378790954256,0.0027309327702400342,0.002718871726909557
P_c_j_5,5.780177329801771e-5,6.112913853136328e-5,6.487184409264797e-5,6.911277531162672e-5,7.395829167482417e-5,7.821301704522851e-5,8.278474814711801e-5,8.794557823118377e-5,9.381708862429189e-5,9.888725652340591e-5,0.00010393351840024199,0.00010957032018400115,0.00011590874293376045,0.00011818814613310445,0.00011757091377591712,0.00011704558043576923,0.00011661146310403673,0.00011526852233313632,0.00011299166136006933,0.00011088331802971675,0.00010893101656309209,0.00010645188745021903,0.00010296999379708406,9.977428574372348e-5,9.683362416828665e-5,9.435771930507116e-5,9.28837259757099e-5,9.151567863439337e-5,9.024781219892074e-5,8.891837216884386e-5,8.611741645047999e-5,8.354124700111309e-5,8.116635962055357e-5,7.897257434442536e-5,7.676952973318506e-5,7.472461065908951e-5,7.283033525592279e-5,7.107301101389103e-5,7.118212095048899e-5,7.171571365563348e-5,7.230530766148012e-5,7.295584588327716e-5,7.397911817440889e-5,7.523393902309682e-5,7.660353021191285e-5,7.810379456520223e-5,7.981668735872768e-5,8.175927398990397e-5,8.391644266714056e-5,8.632733254996367e-5,9.006120955266347e-5,9.582132262153556e-5,0.00010262994195233515,0.00011083559795361034,0.0001198111228692634,0.0001280714116903239,0.0001386559338761981,0.0001528548799065222,0.00017242843360950764,0.00019871997877288233,0.00024907104169360664,0.00039912476126019745,-1.0530666751675255e-9,-1.052385141681501e-9,-1.0521153203461188e-9,-1.052018451237738e-9,-1.052022148587265e-9,-1.052080953566295e-9,-1.0521882667597807e-9,-1.052334085477183e-9,-1.0525108414855247e-9,-1.053149698545643e-9,-1.0538908232128474e-9,-1.0544732805254695e-9,-1.0547157287101335e-9,-1.054776171908303e-9,-1.0548032348965726e-9,-1.0548219646997806e-9,-1.0548354670047086e-9,-1.054838033974439e-9,-1.0548321077566701e-9,-1.0548248029471882e-9,-1.0548158543570268e-9,-1.0548020936991582e-9,-1.054778207631186e-9,-1.0547437344784965e-9,-1.0546929259465768e-9,-1.05460718204197e-9,-1.0544387349358314e-9,-1.0543188071066713e-9,3.153668172770679e-7,1.3871716702903632e-7,9.497141817183436e-8,7.22685623567954e-8,5.6904131708633286e-8,4.3874620993248845e-8
P_c_j_6,2.6703511757898436e-5,2.8024078024692103e-5,2.948607754823985e-5,3.111361574037869e-5,3.293658792642411e-5,3.4505940619049395e-5,3.6160623335489656e-5,3.7990529492244206e-5,4.0025206113892444e-5,4.174185600449219e-5,4.341431556441519e-5,4.524188270238891e-5,4.7247515433659075e-5,4.794368009485441e-5,4.772877184541029e-5,4.7538342686047715e-5,4.737211249293283e-5,4.691662524771664e-5,4.616087957807905e-5,4.5450222001366665e-5,4.4781790134928714e-5,4.409060603166806e-5,4.3326633247857334e-5,4.260729659454074e-5,4.1929726730329545e-5,4.137708212844174e-5,4.116062445026574e-5,4.0965011276549496e-5,4.079013603066008e-5,4.057450628834352e-5,3.975208677743835e-5,3.898054492079192e-5,3.825619120540071e-5,3.757573442562336e-5,3.715840346831011e-5,3.6777057701036126e-5,3.642041826616825e-5,3.6087712708933274e-5,3.689631375911911e-5,3.801494309639787e-5,3.922233097488361e-5,4.052974533850848e-5,4.159582476755214e-5,4.2590366235080644e-5,4.367164334209524e-5,4.48523930682667e-5,4.6187377795490045e-5,4.769346377483829e-5,4.936787059027424e-5,5.124330776319817e-5,5.377505757088694e-5,5.72985677435314e-5,6.147935149374016e-5,6.654112422308933e-5,7.201584032399055e-5,7.681998817982119e-5,8.301374525639311e-5,9.138294032791442e-5,0.0001026957113146467,0.000116104001787248,0.0001425080532033431,0.00022351840261490918,-1.0531620939133291e-9,-1.051317642373454e-9,-1.050542744212245e-9,-1.0502087217860289e-9,-1.0501300210084323e-9,-1.0503031800354088e-9,-1.0506117172052427e-9,-1.0510205332319204e-9,-1.0515110893649636e-9,-1.0529087654936759e-9,-1.0545723054635775e-9,-1.0561676725731616e-9,-1.057272123618614e-9,-1.0575389050957751e-9,-1.0576300031374367e-9,-1.0576846781875073e-9,-1.0577198664635638e-9,-1.0577272434638992e-9,-1.0577150056286144e-9,-1.0576995542886354e-9,-1.0576801363895537e-9,-1.0576492338457267e-9,-1.0575924212494256e-9,-1.0575049078933441e-9,-1.057369479785777e-9,-1.057144180723199e-9,-1.056755121097986e-9,-1.0565786878936289e-9,3.1516855382593206e-7,1.386491190151861e-7,9.493937363337344e-8,7.22508928974479e-8,5.6893178127901825e-8,4.386604672829678e-8
P_d_j_5,3.174396572271945e-8,3.17423248636849e-8,3.17406798952767e-8,3.173903080382817e-8,3.173737762501371e-8,3.173609381721003e-8,3.173486070234723e-8,3.1733622121509024e-8,3.1732378055513286e-8,3.173142066162173e-8,3.17305590902219e-8,3.172968975189162e-8,3.172881242072706e-8,3.172851258867328e-8,3.1728578087460814e-8,3.1728631493075796e-8,3.172867256545072e-8,3.1728830788887866e-8,3.1729118013067465e-8,3.172939259956841e-8,3.172965433773734e-8,3.173000552873952e-8,3.1730536156902794e-8,3.1731054034431795e-8,3.1731558984945324e-8,3.173200449696226e-8,3.1732269714492056e-8,3.173252093260808e-8,3.1732757786922125e-8,3.1733014339712425e-8,3.1733617832208625e-8,3.173420642444191e-8,3.173477984642526e-8,3.173533781056729e-8,3.173593100362284e-8,3.173651057492656e-8,3.173707389464539e-8,3.17376206270669e-8,3.1737536784248404e-8,3.173730665883162e-8,3.1737058663889396e-8,3.173679191675693e-8,3.173640762652069e-8,3.173595861327209e-8,3.173548593822558e-8,3.173498781023596e-8,3.1734445015701156e-8,3.1733859213306695e-8,3.1733240863859886e-8,3.173258672748189e-8,3.173167156814373e-8,3.173042556563783e-8,3.172913062976036e-8,3.172777842371609e-8,3.172649718914745e-8,3.172544530606563e-8,3.17242798430371e-8,3.17229683376759e-8,3.1721505636149803e-8,3.171996174703121e-8,3.171791250442603e-8,3.171481627302904e-8,6.110740092921144e-5,3.778147342907942e-5,3.24486897761757e-5,3.052227245924911e-5,3.0019840951994915e-5,3.023274231327985e-5,3.1087946652043866e-5,3.25501460733072e-5,3.4666455077813814e-5,4.726401167876893e-5,8.241441707171533e-5,0.0001970501974735876,0.0004524855305971884,0.0006468109698884703,0.0007914872577531992,0.0009373132595874773,0.0010817222350289087,0.0011088082379404542,0.0010301707748537866,0.0009516062750773409,0.0008734176594663357,0.0007755694808310794,0.0006467302500558976,0.0005216760559771737,0.0004060699328208345,0.0002958473956907117,0.00019293346544512583,0.00016398077781328168,3.861344562213944e-8,5.0513746600724835e-8,6.451588728974511e-8,8.517656527100055e-8,1.2488869558860577e-7,2.834367942844641e-7
P_d_j_6,3.1773524853360724e-8,3.177044654884881e-8,3.1767359435462895e-8,3.176426324521804e-8,3.176115772879408e-8,3.1758745117398874e-8,3.1756426782962184e-8,3.1754096939186564e-8,3.1751755267065455e-8,3.174995352836931e-8,3.174833255826819e-8,3.174669679192882e-8,3.174504572005561e-8,3.1744492284158697e-8,3.174463611919241e-8,3.174476062593506e-8,3.174486556170807e-8,3.174519701334735e-8,3.17457774375402e-8,3.1746338039872276e-8,3.174687866443365e-8,3.1747455000187885e-8,3.174811619463212e-8,3.174875747366443e-8,3.1749378575862413e-8,3.174989176433446e-8,3.17500692046792e-8,3.175022516894923e-8,3.175035912972933e-8,3.175053549385302e-8,3.1751371109689086e-8,3.175218350754676e-8,3.175297232569032e-8,3.1753737177039514e-8,3.1754195514945554e-8,3.175461677519809e-8,3.175501318509976e-8,3.175538409840529e-8,3.175425264829324e-8,3.1752786796682514e-8,3.1751296619464026e-8,3.174978110594277e-8,3.1748593330706314e-8,3.174752543535955e-8,3.1746418669013395e-8,3.1745270048667136e-8,3.1744044061914995e-8,3.174274430930162e-8,3.1741390874715676e-8,3.1739978281579154e-8,3.173824921657889e-8,3.173612009364384e-8,3.173390566204157e-8,3.1731591333505294e-8,3.172942762430374e-8,3.172772310671296e-8,3.172581594982407e-8,3.1723647546040236e-8,3.172125639645344e-8,3.17189364313879e-8,3.17156676381921e-8,3.171040194345095e-8,2.4201176301744133e-5,1.4620601182220178e-5,1.240935260716088e-5,1.1540604066857034e-5,1.1214081087005862e-5,1.1323610746714668e-5,1.1684942316873678e-5,1.2276348293030151e-5,1.312344374414219e-5,1.6805607091346808e-5,2.5387987626679118e-5,5.0025880472645296e-5,0.0001504182087539636,0.0002783585916289027,0.0003826952720908062,0.0004916301801076441,0.0005995450576732172,0.0006238052188870392,0.0005735794272892509,0.0005232092867229393,0.00047296751119632927,0.000410012230670972,0.00032737606509206606,0.0002492568385534083,0.00018194742918638902,0.00012591037142013862,8.218201827455257e-5,7.610427972974618e-5,3.860317739932171e-8,5.050320211457901e-8,6.450006334897692e-8,8.514972871206906e-8,1.2483544281049884e-7,2.83251856575166e-7
B_j_5,0.011718628269932356,0.011776667538563611,0.011838262379209631,0.011903886106249567,0.01197411307557473,0.012048382035353154,0.012126994140976387,0.012210509036483252,0.012299601868173112,0.012393511360374915,0.012492214802266628,0.012596273206768007,0.012706353113805162,0.012818598454197307,0.012930257423781177,0.01304141732663569,0.013152164817981826,0.013261636515429054,0.013368945194649528,0.013474250947417128,0.01357770201351592,0.01367879790658781,0.013776586000130663,0.013871338170477691,0.013963296711796526,0.014052903143026346,0.014141109280314097,0.014228015772363158,0.0143137177910492,0.014398156841436612,0.014479934983256323,0.014559265763479566,0.014636340400087676,0.014711330940096131,0.014784228587099496,0.014855183560372394,0.014924338971419315,0.0149918249238608,0.015059414530830309,0.015127511051111939,0.015196167685960172,0.015265442332399898,0.015335689087920717,0.015407127923720435,0.015479867871647079,0.015554033071233694,0.01562982551954552,0.015707463425773602,0.01578715064289595,0.015869128206095543,0.015954652953411027,0.016045649809453524,0.016143114855223368,0.0162483752756178,0.016362162446030767,0.01648379689193099,0.0166154866351346,0.01676066537844754,0.01692443899931801,0.01711318958971883,0.017349773692051436,0.01772890883123149,0.017664584250892665,0.01762481327909617,0.017590655764032747,0.017558526056763373,0.017526925224761285,0.017495100286007245,0.017462375132057815,0.017428110820684323,0.017391618815453952,0.017341866223720928,0.01725511320455442,0.017047690942306293,0.016571389381802994,0.01589053472725145,0.015057389243342906,0.01407074270485417,0.012932086718519519,0.011764919150170278,0.010680527858760001,0.009678836040805553,0.008759448028765927,0.007943058099513328,0.007262288413204665,0.006713154720695829,0.006285711684189303,0.005974292371059099,0.005771203510979012,0.005598591164309532,0.005598850117053711,0.005598928725997546,0.005598951037384505,0.005598930032976353,0.005598852630116646,0.00559859595648629
B_j_6,0.005858959890354368,0.005885549321902511,0.005913527656247618,0.0059430521551344035,0.005974308480866898,0.006007055694196977,0.006041374858548025,0.0060774324362004575,0.006115422959108374,0.006155044301308928,0.006196254481797692,0.0062392008527893915,0.006284052576613767,0.006329565657448843,0.006374874575295542,0.006420002585309786,0.006464972676530113,0.006509510054518587,0.006553329473509933,0.006596473767213294,0.006638983050074461,0.006680835707430862,0.006721962589946648,0.006762406101966753,0.006802205921962065,0.006841480729045386,0.00688054990114766,0.006919433240570731,0.006958150448369195,0.0069966628077268115,0.0070343938676694735,0.007071391961993165,0.0071077019194569005,0.00714336544217474,0.007178632500000672,0.007213537278904261,0.0072481032499274525,0.007282353150280835,0.007317371222822895,0.007353451994778371,0.007390679786787017,0.007429149624036383,0.00746863223799363,0.0075090596674691305,0.007550514311361311,0.007593090668702429,0.007636935262824922,0.007682210639995956,0.007729076705066322,0.007777724436937906,0.007828777332946861,0.007883177565861012,0.007941549545668843,0.008004730212005689,0.00807311186091598,0.00814605745208354,0.008224887114481378,0.00831166751447969,0.008409195049432399,0.008519460462776145,0.008654809728406017,0.008867118831519714,0.008841642908592837,0.008826251803333476,0.008813188328889278,0.008801039326910091,0.008789234033405513,0.008777313445357792,0.008765012507995742,0.008752089037638836,0.008738273887393677,0.008720582774402616,0.008693857575057157,0.008641197750147716,0.00848286178915608,0.008189851740674223,0.007787013607409082,0.00726950714986375,0.0066384060843212266,0.005981768006967673,0.005377999183939206,0.004827251561521536,0.004329390018624007,0.003897797192098316,0.003553189803078078,0.003290813178918512,0.003099288564747623,0.0029667503273868214,0.002880241935812033,0.002800131163925704,0.0028003899391282603,0.002800468494525941,0.0028004907921273677,0.002800469799182239,0.002800392441972187,0.002800135954867552
