t,1,2,3,4,5,6
lambda,0.75,0.777,0.787,0.796,0.782,0.783
Irrad,0.5,0.8,0.9,1.0,1.0,0.99
cents/kWh,4.0,4.0,6.0,4.0,4.0,4.0
P_Subs,0.8339024579658236,0.8422108154504833,0.7143257838475526,0.8489146592556757,0.8326296115956334,0.8035867997965943
P_ij_1_2,0.833902457965824,0.8422108154504836,0.7143257838475531,0.8489146592556761,0.8326296115956338,0.8035867997965946
P_ij_2_3,0.8339024579658243,0.842210815450484,0.7143257838475535,0.8489146592556764,0.8326296115956341,0.8035867997965951
P_ij_3_4,0.005000250000000023,0.005180259000000149,0.0052469290000000555,0.005306932000000084,0.005213594000000155,0.005220261000000075
P_ij_3_5,0.024995246337705345,0.025895044793418944,0.023894837243612466,0.026528301405710285,0.026061715676062667,0.025546773811193857
P_ij_3_9,0.7962422131017245,0.8045105342782831,0.6835577693314201,0.8111342309184864,0.7955957395425262,0.7680975785050895
P_ij_5_6,0.009997499999999737,0.010357409999999869,0.010490709999999771,0.010610679999999803,0.010424059999999876,0.010437389999999793
P_ij_5_7,0.014997746337705814,0.015537634793419153,0.013404127243612868,0.015917621405710625,0.01563765567606286,0.015109383811194215
P_ij_7_8,0.009997499999999547,0.01035740999999968,0.01049070999999958,0.010610679999999612,0.010424059999999687,0.010437389999999602
P_ij_9_10,0.792408713101724,0.8011970752782824,0.6804109903314195,0.8081607989184857,0.7927156455425254,0.765187482505089
P_ij_10_11,0.024995248689459064,0.025895046464323567,0.021562837272476317,0.026528306911351145,0.026061716382084044,0.024998682254851228
P_ij_10_14,0.005000250000000791,0.005180259000001066,0.005246929000000936,0.00530693200000092,0.005213594000001085,0.005220261000000924
P_ij_10_15,0.7624132144122633,0.7701217698139566,0.6536012240589412,0.7763255600071327,0.7614403351604391,0.7349685392502358
P_ij_11_126,0.014997750000002556,0.015537669000003678,0.015737639000003134,0.01591761200000308,0.015637654000003758,0.015657651000003096
P_ij_15_20,0.2705589851259828,0.27569337676797406,0.2299462270909724,0.2794884693064101,0.2742855227879713,0.26358083096185164
P_ij_15_36,0.022662498766403045,0.022162646506008563,0.01736388727225066,0.02186280691393111,0.021396216386752716,0.02037983713395268
P_ij_15_117,0.4691917305198761,0.47226574653997233,0.4062911096957166,0.47497428378679,0.4657585959857133,0.4510078711544299
P_ij_16_12,0.0050002500000006205,0.005180259000000902,0.005246929000000765,0.005306932000000751,0.005213594000000921,0.005220261000000757
P_ij_16_13,0.00999750000000062,0.010357410000000903,0.010490710000000765,0.010610680000000752,0.010424060000000922,0.010437390000000756
P_ij_17_18,0.007664748766399217,0.006624977506003634,0.0016262482722461937,0.005945194913926774,0.005758562386747707,0.004722186133948305
P_ij_17_19,0.005000250000001247,0.005180259000001615,0.005246929000001459,0.005306932000001416,0.005213594000001642,0.00522026100000143
P_ij_20_21,0.019994998840134143,0.02071478754330388,0.01631590827224176,0.02122137490387928,0.020848122386935352,0.01977842103622734
P_ij_20_23,0.0653199948138274,0.06504011107497808,0.05804119451633066,0.06494696852518987,0.06364055180006023,0.06218254650589871
P_ij_20_118,0.18524399147202,0.18993847814969045,0.1555891243023985,0.19332012587733954,0.18979684860097407,0.1816198634197241
P_ij_21_22,0.00999749884013291,0.01035737754330223,0.0058251982722403095,0.010610694903877881,0.01042406238693367,0.009341031036225902
P_ij_23_24,0.009997500000001203,0.01035741000000163,0.010490710000001421,0.010610680000001375,0.01042406000000166,0.010437390000001415
P_ij_23_25,0.05532249481382498,0.054682701074974804,0.047550484516327804,0.054336288525187106,0.0532164918000569,0.05174515650589586
P_ij_25_26,0.007664750000001184,0.006625010000001616,0.006291760000001402,0.005945180000001357,0.005758560000001648,0.005818545000001399
P_ij_25_27,0.0476577448138226,0.04805769107497156,0.041258724516324986,0.048391108525184384,0.047457931800053595,0.04592661150589305
P_ij_27_30,0.02999249886313942,0.031072197554773848,0.026806618272237973,0.03183205489963562,0.03127218238673311,0.030215811007204826
P_ij_27_127,0.017665245950681998,0.0169854935201961,0.014452106244085612,0.016559053625547406,0.01618574941331883,0.01571080049868682
P_ij_28_29,0.007664750000002324,0.0066250100000032,0.006291760000002761,0.005945180000002672,0.005758560000003265,0.005818545000002761
P_ij_28_33,0.010000495950677323,0.010360483520189678,0.00816034624408006,0.010613873625542038,0.010427189413312284,0.009892255498681274
P_ij_29_35,0.007664750000001156,0.0066250100000015966,0.006291760000001375,0.005945180000001331,0.005758560000001629,0.005818545000001375
P_ij_30_31,0.019995000000003503,0.020714820000004814,0.02098142000000416,0.021221360000004026,0.02084812000000491,0.020874780000004155
P_ij_31_32,0.009997500000002333,0.010357410000003208,0.01049071000000277,0.010610680000002681,0.010424060000003272,0.010437390000002768
P_ij_32_119,1.1662331434804666e-15,1.602765071467573e-15,1.3845587306291773e-15,1.3393816782290591e-15,1.6347460871479309e-15,1.3843291883364632e-15
P_ij_33_34,0.005000245950676163,0.005180224520188079,0.0029134172440786832,0.005306941625540704,0.005213595413310653,0.004671994498679896
P_ij_36_17,0.012664998766401741,0.011805236506006893,0.006873177272249143,0.011252126913929636,0.010972156386751019,0.009942447133951194
P_ij_37_38,0.018831245970058655,0.0188510935330324,0.016550906244080003,0.01889105362448178,0.01851774942526406,0.01801948045700117
P_ij_37_42,0.15641524665482323,0.16073000706968593,0.13321301978612243,0.16381837734969049,0.16085503678853966,0.15425935193628143
P_ij_38_39,0.009997500000001231,0.010357410000001666,0.01049071000000145,0.0106106800000014,0.010424060000001697,0.010437390000001448
P_ij_38_40,0.008833745970056187,0.008493683533029065,0.006060196244077097,0.008280373624478974,0.008093689425260665,0.00758209045699827
P_ij_40_41,0.003833495970054959,0.003313424533027402,0.0008132672440756512,0.0029734416244775776,0.002880095425258969,0.0023618294569968234
P_ij_42_43,0.0050002500000012485,0.005180259000001684,0.005246929000001467,0.005306932000001415,0.005213594000001716,0.005220261000001466
P_ij_42_44,0.15141499665482072,0.15554974806968255,0.12796609078611948,0.15851144534968767,0.15564144278853623,0.14903909093627848
P_ij_44_45,0.009997500000001257,0.010357410000001701,0.010490710000001478,0.010610680000001423,0.010424060000001734,0.01043739000000148
P_ij_44_46,0.13641724665481822,0.14001207906967916,0.11222845178611653,0.1425938333496848,0.14000378878853276,0.13338143993627552
P_ij_46_47,0.008833745965979273,0.008493683530273567,0.006060196244108521,0.008280373633656782,0.008093689422516714,0.007582090457657421
P_ij_46_49,0.1275835006888377,0.1315183955394039,0.10616825554200654,0.1343134597160266,0.1319100993660143,0.12579934947861662
P_ij_47_48,0.003833500000001266,0.003313459000001714,0.0031467790000014864,0.0029734320000014305,0.002880094000001747,0.0029100960000014906
P_ij_49_50,0.05250000472822777,0.05438997101228729,0.030589988297871525,0.05572001807539529,0.05474000394613661,0.04905252001669649
P_ij_49_51,0.04883349596060863,0.04993342452711489,0.04803326724413352,0.05073344164062988,0.049800095419875956,0.04934182946191863
P_ij_51_52,0.013830995960607356,0.01367083452711317,0.011303977244132023,0.013584121640628439,0.013304155419874198,0.012799219461917139
P_ij_52_53,0.003833495960606085,0.0033134245271114493,0.0008132672441305299,0.002973441640626999,0.0028800954198724407,0.0023618294619156413
P_ij_53_120,1.2770669878620793e-15,1.7273493582850827e-15,1.4982461464770751e-15,1.4406553192515856e-15,1.7608545391452512e-15,1.5028811992322978e-15
P_ij_54_55,0.45919423051987257,0.461908336539968,0.3958003996957125,0.4643636037867861,0.4553345359857089,0.440570481154426
P_ij_55_56,0.44919673051986997,0.45155092653996487,0.3853096896957096,0.4537529237867833,0.4449104759857058,0.43013309115442316
P_ij_56_57,0.010000496151990168,0.010360483666257553,0.008160346244196422,0.010613873722109144,0.0104271895410578,0.009892254949401906
P_ij_56_59,0.43919623436787697,0.441190442873704,0.37714934345150997,0.443139050064671,0.4344832864446446,0.4202408362050181
P_ij_57_58,0.00500024615198733,0.0051802246662542,0.002913417244193217,0.00530694172210605,0.005213595541054405,0.0046719939493988045
P_ij_59_60,0.00883375000000715,0.008493718000008336,0.008393708000008042,0.008280364000007753,0.008093688000008432,0.008130357000007764
P_ij_59_62,0.4303624843678663,0.43269672487369154,0.3687556354514979,0.4348586860646594,0.426389598444632,0.4121104792050065
P_ij_60_61,0.003833500000003578,0.0033134590000041715,0.003146779000004024,0.0029734320000038795,0.0028800940000042194,0.0029100960000038854
P_ij_62_63,1.025296276931298e-14,1.173308279752606e-14,1.1458133952189808e-14,1.1028198058239531e-14,1.185650062867217e-14,1.1028218020977563e-14
P_ij_62_64,0.08433025431707683,0.08275978076654103,0.0660251482952214,0.08183619724050821,0.08010956379279158,0.0765576490804598
P_ij_62_125,0.3410319837832748,0.3447567193777799,0.2998170699114791,0.34771554689632383,0.34106643907476725,0.33088083657502765
P_ij_63_122,5.126499947345119e-15,5.866562217116981e-15,5.729087429618204e-15,5.514118784048295e-15,5.928271358447713e-15,5.5141288530006476e-15
P_ij_64_65,0.07433275431707162,0.07240237076653507,0.055534438295215566,0.07122551724050259,0.06968550379278556,0.06612025908045419
P_ij_65_66,0.06433525431706634,0.06204496076652902,0.045043728295209674,0.06061483724049692,0.05926144379277945,0.055682869080448505
P_ij_66_67,0.045585254317060946,0.042619960766522864,0.025368728295203674,0.04071483724049114,0.039711443792773235,0.03610786908044272
P_ij_67_68,0.01875000000000551,0.019425000000006284,0.019675000000006125,0.019900000000005906,0.019550000000006347,0.01957500000000591
P_ij_69_70,0.0276627489795949,0.027342905635259897,0.02261081626925534,0.027169738977378614,0.026609810423004268,0.02560009771350691
P_ij_69_74,0.20922299141607234,0.21280781902824905,0.18863024459001224,0.21548640497812718,0.2114502037683468,0.20584838553259463
P_ij_69_99,0.10414624338759165,0.1046059947142527,0.08857600905219372,0.10505940294080089,0.10300642488339778,0.09943235332890894
P_ij_70_71,0.022662498979589055,0.022162646635253247,0.01736388726924882,0.02186280697737234,0.021396216422997546,0.02037983671350064
P_ij_71_72,0.012665000000012128,0.01180526900001379,0.011538689000013527,0.011252112000013012,0.01097215400001393,0.011038806000013002
P_ij_72_73,0.0076647500000060825,0.006625010000006915,0.006291760000006785,0.0059451800000065265,0.005758560000006986,0.0058185450000065204
P_ij_74_75,0.029992498982091647,0.03107219763727388,0.026806618269073018,0.031832054977180245,0.031272182424295754,0.03021581070827892
P_ij_74_78,0.1792304924339747,0.18173562139096835,0.16182362632093253,0.18365435000094052,0.18017802134404415,0.17563257482430927
P_ij_75_76,0.019995000000012517,0.020714820000014216,0.02098142000001397,0.02122136000001343,0.02084812000001436,0.020874780000013415
P_ij_76_77,0.00999750000000629,0.010357410000007143,0.010490710000007019,0.010610680000006747,0.010424060000007215,0.01043739000000674
P_ij_78_79,0.05532249698164245,0.054682670935137415,0.040552972806662306,0.054336308939944185,0.05321649528218979,0.05010070405223325
P_ij_78_88,0.06265549545232611,0.06359536045582394,0.056996363514263335,0.06430872106098971,0.06309558606184731,0.061584260772069424
P_ij_79_80,0.04765774799476474,0.048057693294678884,0.03892672453774294,0.04839111396332404,0.0474579328565627,0.0453785183522852
P_ij_80_81,0.009997500000006331,0.010357410000007186,0.010490710000007064,0.010610680000006789,0.010424060000007259,0.010437390000006782
P_ij_80_82,0.03766024799475209,0.037700283294664516,0.028436014537728822,0.03778043396331047,0.03703387285654819,0.03494112835227165
P_ij_82_83,0.02766274799474566,0.02734287329465722,0.017945304537721647,0.02716975396330357,0.02660981285654082,0.02450373835226476
P_ij_83_84,0.014997748992749716,0.015537636644303165,0.01107212726888032,0.015917626978145503,0.015637656427125904,0.014561291687828389
P_ij_83_86,0.012664999001989478,0.011805236650346723,0.006873177268834113,0.01125212698515114,0.010972156429407512,0.009942446664429448
P_ij_84_85,0.005000250000006494,0.0051802590000073635,0.005246929000007244,0.005306932000006961,0.005213594000007437,0.005220261000006954
P_ij_86_87,0.007664749001982779,0.0066249776503391365,0.0016262482688266444,0.005945194985143965,0.005758562429399851,0.004722185664422281
P_ij_88_89,0.05765524545231965,0.05841510145581661,0.05174943451425612,0.05900178906098279,0.0578819920618399,0.0563639997720625
P_ij_89_90,0.009997500000006673,0.01035741000000756,0.010490710000007447,0.010610680000007153,0.010424060000007637,0.010437390000007143
P_ij_89_91,0.03766024545230633,0.037700281455801524,0.030768014514241257,0.03778042906096851,0.037033872061824666,0.03548921977204825
P_ij_91_92,0.009997498998008213,0.010357377648288982,0.005825198268932706,0.010610694980917955,0.010424062429363097,0.00934103067412989
P_ij_91_93,0.027662746454291384,0.027342903807504915,0.024942816245301043,0.02716973408004334,0.02660980963245387,0.026148189097911157
P_ij_93_94,0.007664750000006839,0.006625010000007741,0.0062917600000076315,0.005945180000007329,0.0057585600000078195,0.005818545000007318
P_ij_93_95,0.019997996454277762,0.020717893807489493,0.01865105624528584,0.02122455408002874,0.020851249632438288,0.020329644097896574
P_ij_95_96,0.00999750000000687,0.010357410000007778,0.010490710000007668,0.010610680000007363,0.010424060000007854,0.010437390000007353
P_ij_95_97,0.010000496454264067,0.010360483807473992,0.008160346245270558,0.010613874080014069,0.010427189632422635,0.00989225409788192
P_ij_97_98,0.005000250000006883,0.0051802590000077885,0.00524692900000768,0.005306932000007374,0.005213594000007866,0.005220261000007364
P_ij_99_100,0.02765974898126871,0.027339797636278737,0.022607668269076626,0.027166554973999422,0.026606682423348915,0.02559696571393731
P_ij_99_124,0.07648649440631702,0.07726619707796724,0.06596834078311048,0.07789284796679513,0.07639974246004208,0.07383538761496529
P_ij_100_101,0.017662248981262764,0.01698238763627197,0.012116958269069993,0.016555874973993037,0.01618262242334208,0.015159575713930933
P_ij_101_102,0.009997500000012058,0.010357410000013712,0.010490710000013453,0.01061068000001294,0.010424060000013852,0.010437390000012928
P_ij_102_123,6.041397749264189e-15,6.8695032336517195e-15,6.7398251221797156e-15,6.48246094893295e-15,6.939522675784779e-15,6.478027934129751e-15
P_ij_103_104,0.024995248994561584,0.025895046644600322,0.021562837269016883,0.026528306981425803,0.026061716426024978,0.0249986816836516
P_ij_103_107,0.05149124541174349,0.05137115043335332,0.04440550351408025,0.0513645409853565,0.05033802603400337,0.04883670593130088
P_ij_104_105,0.01999499899455544,0.020714787644593342,0.016315908269010033,0.021221374981419214,0.02084812242601793,0.019778420683645017
P_ij_105_106,0.009997498994549206,0.010357377644586257,0.0058251982690030795,0.010610694981412523,0.010424062426010771,0.009341030683638334
P_ij_107_108,0.017662250000012515,0.016982420000014212,0.01678247000001396,0.016555860000013425,0.01618262000001436,0.01625593500001341
P_ij_107_110,0.03382899541172482,0.03438873043333212,0.027623033514059436,0.034808680985336474,0.034155406033981955,0.032580770931280874
P_ij_108_109,0.0099975000000063,0.010357410000007153,0.010490710000007026,0.010610680000006758,0.010424060000007226,0.01043739000000675
P_ij_110_111,0.033828995411712304,0.0343887304333179,0.027623033514045475,0.03480868098532305,0.03415540603396759,0.03258077093126746
P_ij_110_121,6.277519577004855e-15,7.127652108728506e-15,6.999307215795236e-15,6.732478436102739e-15,7.199611573566411e-15,6.725938105364447e-15
P_ij_111_112,0.023831496405664804,0.024031352781348853,0.021797835245175624,0.02419798599940484,0.02373134360530072,0.023239740272413913
P_ij_112_113,0.005000250000007032,0.005180259000007952,0.005246929000007827,0.005306932000007531,0.005213594000008029,0.005220261000007517
P_ij_112_114,0.01883124640565084,0.018851093781333053,0.016550906245160073,0.018891053999389878,0.018517749605284767,0.018019479272398976
P_ij_114_115,0.013830996405643838,0.013670834781325135,0.01130397724515228,0.013584121999382382,0.01330415560527677,0.012799218272391492
P_ij_115_116,0.0038334964056366575,0.003313424781317021,0.0008132672451442913,0.0029734419993746927,0.002880095605268578,0.002361828272383823
P_ij_117_54,0.46919173051987473,0.4722657465399706,0.40629110969571497,0.47497428378678846,0.46575859598571157,0.45100787115442836
P_ij_118_37,0.18524399147201875,0.18993847814968878,0.15558912430239705,0.19332012587733813,0.18979684860097237,0.18161986341972267
P_ij_124_103,0.07648649440631111,0.07726619707796052,0.06596834078310389,0.07789284796678878,0.07639974246003528,0.07383538761495895
P_ij_125_128,0.3410319837832697,0.344756719377774,0.2998170699114734,0.3477155468963184,0.34106643907476136,0.33088083657502215
P_ij_126_16,0.014997750000001898,0.015537669000002741,0.015737639000002333,0.01591761200000229,0.0156376540000028,0.015657651000002305
P_ij_127_28,0.01766524595068082,0.016985493520194486,0.014452106244084212,0.016559053625546053,0.016185749413317185,0.015710800498685423
P_ij_128_69,0.3410319837832646,0.3447567193777682,0.29981706991146767,0.3477155468963129,0.3410664390747555,0.33088083657501666
Q_ij_1_2,0.4606177248375607,0.47854025698423186,0.4569823259410956,0.4236158459789759,0.48469660977694173,0.486732539209264
Q_ij_2_3,0.4606177248375607,0.47854025698423186,0.4569823259410956,0.4236158459789759,0.48469660977694173,0.486732539209264
Q_ij_3_4,0.0024997500000008463,0.002589741000001095,0.0026230710000010285,0.0026530680000009573,0.002606406000001116,0.002609739000000981
Q_ij_3_5,0.012497768289794186,0.012946218157355702,0.013224023601195175,0.013282177961028359,0.013029105505696735,0.013046737581313987
Q_ij_3_9,0.44068127559914866,0.45788631660225293,0.4378125554644956,0.4040894160651923,0.46389609113924535,0.4658982551658662
Q_ij_5_6,0.005000250000000558,0.005180259000000811,0.00524692900000074,0.005306932000000672,0.005213594000000833,0.005220261000000695
Q_ij_5_7,0.007497518289793013,0.007765959157354024,0.007977094601193637,0.00797524596102696,0.007815511505695014,0.00782647658131254
Q_ij_7_8,0.005000250000000365,0.005180259000000621,0.005246929000000546,0.005306932000000479,0.005213594000000642,0.0052202610000005025
Q_ij_9_10,0.4381970946855427,0.45530243069345466,0.43570648626209185,0.4016690750604654,0.4612991287516948,0.463296915492086
Q_ij_10_11,0.01244180774607822,0.01287708158619007,0.012987644442326765,0.012112885260859392,0.0129590546565663,0.012986729209674829
Q_ij_10_14,0.0024997500000024046,0.0025897410000029586,0.002623071000002815,0.002653068000002652,0.002606406000003006,0.002609739000002704
Q_ij_10_15,0.42325553693945966,0.4398356081072587,0.4200957708197594,0.3869031217996007,0.4457336680951225,0.44770044728240577
Q_ij_11_126,0.0075000000000089995,0.007770000000011239,0.007870000000010641,0.007960000000009999,0.007820000000011432,0.007830000000010209
Q_ij_15_20,0.15946425977113265,0.16468694852813281,0.1596272331054464,0.14556163898666033,0.16579152889510565,0.16653130565654375
Q_ij_15_36,0.012267154761389308,0.01272463926586247,0.011282336130713848,0.010782921125447634,0.012858159066865084,0.012893418901574015
Q_ij_15_117,0.25152412240693417,0.2624240203132591,0.24918620158359508,0.23055856168748884,0.26708398013314744,0.26827572272428407
Q_ij_16_12,0.002499750000002231,0.0025897410000027916,0.002623071000002642,0.0026530680000024813,0.0026064060000028397,0.002609739000002534
Q_ij_16_13,0.005000250000002231,0.0051802590000027925,0.005246929000002642,0.005306932000002482,0.005213594000002841,0.005220261000002534
Q_ij_17_18,0.004767154761378968,0.004954639265849923,0.0034123361307018658,0.002822921125436308,0.005038159066852346,0.005063418901562483
Q_ij_17_19,0.0024997500000034168,0.0025897410000041542,0.002623071000003964,0.002653068000003746,0.002606406000004218,0.002609739000003815
Q_ij_20_21,0.009916120253178642,0.010253873820967357,0.010295488462178549,0.009182098711959057,0.010318547134124887,0.01034835047899765
Q_ij_20_23,0.03463201791602705,0.03590230256456343,0.03337234348895844,0.03282342287361863,0.03623299497796884,0.036309966323383285
Q_ij_20_118,0.11491612160192367,0.11853077214259788,0.11595940115430554,0.10355611740107899,0.11923998678300769,0.11987298885415906
Q_ij_21_22,0.004915870253175355,0.005073614820963226,0.005048559462174706,0.0038751667119554384,0.005104953134120685,0.005128089478993909
Q_ij_23_24,0.0050002500000032295,0.005180259000004089,0.005246929000003788,0.005306932000003564,0.005213594000004161,0.005220261000003691
Q_ij_23_25,0.029631767916020575,0.03072204356455524,0.02812541448895085,0.027516490873611486,0.03101940097796051,0.03108970532337589
Q_ij_25_26,0.004864659683907597,0.005064781418941329,0.0036616799512126036,0.004058997216668073,0.00514872742734787,0.005160216778534193
Q_ij_25_27,0.024767108232109775,0.02565726214560984,0.024463734537734483,0.023457493656939873,0.025870673550608497,0.02592948854483803
Q_ij_27_30,0.014919426027352873,0.015436339251846303,0.015532676290313206,0.01445463744722503,0.015534312053079912,0.015571131831823619
Q_ij_27_127,0.009847682204753735,0.010220922893759494,0.00893105824741755,0.009002856209711339,0.010336361497524467,0.010358356713010773
Q_ij_28_29,0.004867376060195585,0.005066092155005843,0.0036714978762459774,0.004047277293609305,0.005149425700559329,0.005161116928867832
Q_ij_28_33,0.0049803061445518396,0.00515483073874558,0.005259560371164143,0.004955578916095047,0.005186935796956919,0.005197239784135687
Q_ij_29_35,0.004867376060192449,0.005066092155001821,0.003671497876242281,0.004047277293605828,0.005149425700555234,0.005161116928864222
Q_ij_30_31,0.010000500000009419,0.010360518000012075,0.010493858000011099,0.01061386400001044,0.010427188000012296,0.010440522000010841
Q_ij_31_32,0.005000250000006272,0.005180259000008044,0.005246929000007393,0.005306932000006954,0.0052135940000081924,0.005220261000007222
Q_ij_32_119,3.1349325688555646e-15,4.021248817736122e-15,3.6955128289532394e-15,3.475747009953396e-15,4.095326984043292e-15,3.609792718400904e-15
Q_ij_33_34,0.0024805561445487073,0.002565089738741562,0.0026364893711604506,0.002302510916091574,0.0025805297969528265,0.0025875007841320795
Q_ij_36_17,0.007266904761385832,0.0075443802658582615,0.006035407130709825,0.00547598912544383,0.007644565066860811,0.007673157901570143
Q_ij_37_38,0.009952752833098431,0.010325995369716076,0.010127928259909321,0.00988804599924795,0.01038204963269496,0.010401300414128288
Q_ij_37_42,0.10004815429942958,0.10313233022778624,0.10078704156727453,0.08981290339814348,0.10375419014405343,0.10434448445031504
Q_ij_38_39,0.005000250000003272,0.005180259000004151,0.005246929000003833,0.0053069320000036025,0.005213594000004225,0.005220261000003744
Q_ij_38_40,0.004952502833091881,0.005145736369707772,0.004880999259901651,0.004581113999240739,0.005168455632686507,0.005181039414120797
Q_ij_40_41,0.0024527528330886127,0.002555995369703623,0.002257928259897822,0.0019280459992371405,0.0025620496326822844,0.002571300414117056
Q_ij_42_43,0.002499750000003306,0.0025897410000041876,0.0026230710000038683,0.002653068000003634,0.002606406000004262,0.0026097390000037798
Q_ij_42_44,0.09754840429942296,0.10054258922777787,0.09816397056726679,0.0871598353981362,0.1011477841440449,0.10173474545030747
Q_ij_44_45,0.005000250000003322,0.005180259000004217,0.005246929000003886,0.005306932000003648,0.005213594000004292,0.005220261000003802
Q_ij_44_46,0.09004840429941632,0.09277258922776943,0.09029397056725902,0.07919983539812891,0.09332778414403632,0.09390474545029988
Q_ij_46_47,0.004951381033817675,0.005144759466605447,0.004874089258006051,0.004563650719841008,0.00516750250180334,0.005180198605301632
Q_ij_46_49,0.08509702326559532,0.08762782976115975,0.08541988130924907,0.07463618467828426,0.08816028164222868,0.08872454684499444
Q_ij_47_48,0.0024721868304396007,0.0025811039958155277,0.002238361393359336,0.002263964088972315,0.0025883795625593824,0.0025940345286787274
Q_ij_49_50,0.035142974505061694,0.03586025444209116,0.03332569737160328,0.022320081268018654,0.03607002877286292,0.03656152443301276
Q_ij_49_51,0.031204048760530272,0.03234257531906434,0.032419183937641885,0.03241610341026194,0.032540252869361436,0.03258802241197784
Q_ij_51_52,0.007451548760526922,0.007734985319060084,0.007494893937637969,0.007206783410258259,0.007774312869357102,0.007790412411974001
Q_ij_52_53,0.0024512987605235675,0.0025547263190558176,0.002247964937634048,0.0018998514102545833,0.0025607188693527595,0.002570151411970157
Q_ij_53_120,3.362062431928956e-15,4.276556978927547e-15,3.928490461272564e-15,3.683284207497863e-15,4.353758627265002e-15,3.852739206123245e-15
Q_ij_54_55,0.24652387240692544,0.2572437613132488,0.24393927258358508,0.22525162968747936,0.2618703861331369,0.26305546172427446
Q_ij_55_56,0.2415236224069194,0.25206350231324176,0.23869234358357821,0.21994469768747282,0.2566567921331298,0.25783520072426785
Q_ij_56_57,0.004958193581411343,0.005131760706970932,0.0052577186898180375,0.0049463533432938765,0.005164063406369219,0.005175426281417085
Q_ij_56_59,0.23656542882550152,0.2469317416062632,0.23343462489375275,0.2149983443441719,0.2514927287267529,0.25265977444284365
Q_ij_57_58,0.0024584435814047822,0.0025420197069633225,0.0026346476898106083,0.002293285343286804,0.0025576574063615166,0.002565687281409955
Q_ij_59_60,0.004921125658243416,0.005132681724503956,0.0046284794738836515,0.004878879708633185,0.0051752019150374615,0.005183661361803487
Q_ij_59_62,0.23164430316725007,0.24179905988174996,0.22880614541986002,0.21011946463553005,0.24631752681170604,0.24747611308103148
Q_ij_60_61,0.0024213756582353576,0.0025429407244946995,0.0020054084738745713,0.0022258117086245287,0.002568795915028099,0.002573922361794777
Q_ij_62_63,2.2500242226794932e-14,2.5516678327543006e-14,2.5196187498436267e-14,2.4060812797684718e-14,2.5786657730962098e-14,2.4144678176734424e-14
Q_ij_62_64,0.04363910230518513,0.04633580546631818,0.04078788279709944,0.03425887266911577,0.04841709914288454,0.04889252070726287
Q_ij_62_125,0.1855764081711795,0.19295363933929593,0.1854271228249367,0.17372712511002236,0.19537527020973805,0.19604810823153396
Q_ij_63_122,1.1250139675906155e-14,1.275835998236986e-14,1.2598114202725732e-14,1.2030426153877517e-14,1.2893349909661617e-14,1.2072358930765787e-14
Q_ij_64_65,0.03863885230517388,0.04115554646630541,0.035540953797086834,0.02895194066910374,0.04320350514287164,0.04367225970725079
Q_ij_65_66,0.033638602305162586,0.03597528746629261,0.0302940247970742,0.023645008669091673,0.037989911142858705,0.03845199870723868
Q_ij_66_67,0.02488610230515125,0.02690769746627976,0.021109734797061516,0.014355688669079552,0.02886397114284572,0.029314388707226517
Q_ij_67_68,0.008752500000011394,0.009067590000012915,0.009184290000012744,0.009289320000012178,0.009125940000013051,0.00913761000001222
Q_ij_69_70,0.014133170274202954,0.0147597650183694,0.013309042333024506,0.012294690868056242,0.015036380913412417,0.015099610870160507
Q_ij_69_74,0.1188302853242055,0.12343101398437425,0.12045829586685829,0.11378997048439209,0.1248203418868563,0.12521497466624837
Q_ij_69_99,0.05261295257273613,0.054762860336512745,0.05165978462501481,0.047642463757536745,0.05551854740942938,0.05573352269508764
Q_ij_70_71,0.011633420274190348,0.012170024018355157,0.010685971333010408,0.009641622868042776,0.012429974913398026,0.012489871870147006
Q_ij_71_72,0.006959589842097286,0.007359804713391,0.005746374438306784,0.0064227231229514814,0.00759090911111286,0.007605055807628141
Q_ij_72_73,0.004459839842084474,0.00477006371337653,0.0031233034382924614,0.003769655122937799,0.004984503111098242,0.004995316807614424
Q_ij_74_75,0.014663175678309883,0.01515852347400647,0.015436027195177742,0.013803914615656781,0.015253910047353098,0.015314044553241972
Q_ij_74_78,0.10416710964588259,0.10827249051035308,0.10502226867166597,0.09998605586872139,0.10956643183948835,0.10990093011299244
Q_ij_75_76,0.010000500000026601,0.010360518000030008,0.010493858000029737,0.010613864000028402,0.010427188000030315,0.010440522000028466
Q_ij_76_77,0.005000250000013332,0.005180259000015039,0.005246929000014903,0.005306932000014235,0.005213594000015192,0.005220261000014266
Q_ij_78_79,0.027750611289560505,0.02897526473359978,0.02624465294848866,0.022164607388000284,0.02955295220353287,0.029727776662230438
Q_ij_78_88,0.031416498356308734,0.03267722577673821,0.03155761572316237,0.030061448480706833,0.03309347963594024,0.033193153450747706
Q_ij_79_80,0.02367310560663457,0.024624880749178568,0.02345119217412188,0.020572186145230407,0.02498236244080147,0.025105076310649347
Q_ij_80_81,0.005000250000013721,0.005180259000015463,0.005246929000015336,0.005306932000014644,0.00521359400001562,0.005220261000014674
Q_ij_80_82,0.018672855606607145,0.01944462174914766,0.018204263174091226,0.015265254145201135,0.01976876844077025,0.019884815310620016
Q_ij_82_83,0.013672605606593217,0.014264362749131971,0.01295733417407566,0.009958322145186273,0.014555174440754402,0.014664554310605126
Q_ij_83_84,0.007140115331026432,0.007363344841388783,0.007571166413652417,0.005782955565259787,0.007408502817837554,0.007460772479374158
Q_ij_83_86,0.006532490275552788,0.006901017907727424,0.0053861677604076005,0.004175366579911549,0.007146671622900925,0.007203781831216005
Q_ij_84_85,0.0024997500000140554,0.002589741000015828,0.0026230710000157064,0.002653068000014997,0.002606406000015988,0.002609739000015025
Q_ij_86_87,0.004032740275538555,0.004311276907711402,0.0027630967603916984,0.001522298579896366,0.004540265622884742,0.004594042831200794
Q_ij_88_89,0.028916748356294743,0.03008748477672245,0.028934544723146726,0.0274083804806919,0.03048707363592432,0.030583414450732743
Q_ij_89_90,0.005000250000014391,0.005180259000016196,0.005246929000016084,0.005306932000015355,0.0052135940000163595,0.005220261000015381
Q_ij_89_91,0.01891624835626599,0.019726966776690093,0.018440686723114594,0.01679451648066122,0.020059885635891637,0.020142892450702013
Q_ij_91_92,0.004626486875028984,0.004758415225920371,0.004952728009268988,0.0030958629064289115,0.004786749229402164,0.004836942999219519
Q_ij_91_93,0.014289761481222464,0.01496855155075336,0.01348795871382935,0.013698653574216792,0.015273136406472949,0.015305949451466955
Q_ij_93_94,0.004383878507407857,0.004713904307875636,0.0030556913857347043,0.0037045897297604186,0.004952933092518157,0.004963704173829401
Q_ij_93_95,0.009905882973799953,0.010254647242861242,0.01043226732807827,0.009994063844440739,0.010320203313938143,0.010342245277621896
Q_ij_95_96,0.0050002500000147785,0.005180259000016619,0.0052469290000165154,0.0053069320000157655,0.005213594000016786,0.00522026100001579
Q_ij_95_97,0.004905632973770445,0.005074388242828058,0.005185338328045293,0.00468713184440926,0.005106609313904625,0.005121984277590369
Q_ij_97_98,0.0024997500000148143,0.0025897410000166586,0.002623071000016556,0.002653068000015804,0.002606406000016826,0.0026097390000158274
Q_ij_99_100,0.014118323481815347,0.014746091213648577,0.01330721629251986,0.012263697546070908,0.015025084085377633,0.015089114934035383
Q_ij_99_124,0.038494629090907916,0.04001676912284965,0.038352568332480574,0.035378766211452105,0.040493463324037075,0.0406444077610385
Q_ij_100_101,0.009118073481802417,0.009565832213633977,0.008060287292505405,0.006956765546057098,0.009811490085362884,0.009868853934021541
Q_ij_101_102,0.005000250000026199,0.005180259000029571,0.005246929000029281,0.005306932000027975,0.005213594000029875,0.005220261000028041
Q_ij_102_123,1.3124882141210517e-14,1.481351652568346e-14,1.4669245073962493e-14,1.4014683440816664e-14,1.4965535627454424e-14,1.4047512794463169e-14
Q_ij_103_104,0.012155712852202709,0.012560325682155064,0.01280524524757393,0.011126513117276308,0.01263897406040216,0.012696504032984229
Q_ij_103_107,0.026338916238679223,0.027456443440665244,0.025547323084877598,0.024252253094148045,0.02785448926360528,0.02794790372802645
Q_ij_104_105,0.009655962852189481,0.009970584682140139,0.010182174247559147,0.008473445117262186,0.010032568060387083,0.010086765032970076
Q_ij_105_106,0.004655712852176156,0.004790325682125105,0.00493524524754426,0.0031665131172479576,0.004818974060371896,0.004866504032955817
Q_ij_107_108,0.009436946881518644,0.009933182961681223,0.008349322901854882,0.009054484144900338,0.010188470606617586,0.010205969188951478
Q_ij_107_110,0.016901969357147228,0.017523260478968964,0.017198000183007805,0.015197768949233454,0.017666018656972482,0.01774193453906069
Q_ij_108_109,0.005000250000013501,0.005180259000015224,0.0052469290000150826,0.005306932000014412,0.005213594000015379,0.005220261000014442
Q_ij_110_111,0.016901969357120076,0.01752326047893835,0.017198000182977475,0.01519776894920447,0.017666018656941555,0.017741934539031647
Q_ij_110_121,1.3609731486366765e-14,1.534359714209834e-14,1.520206300663778e-14,1.4528065525604873e-14,1.549960000671065e-14,1.4556569167608944e-14
Q_ij_111_112,0.0122604933966276,0.012748487755726378,0.01226626431517273,0.012069477626065158,0.01286271927628171,0.012889751951756439
Q_ij_112_113,0.0024997500000143403,0.0025897410000161416,0.002623071000016004,0.0026530680000153013,0.0026064060000163033,0.0026097390000153226
Q_ij_112_114,0.009760743396599016,0.010158746755694198,0.00964319331514083,0.009416409626034659,0.010256313276249209,0.010280012951725896
Q_ij_114_115,0.007260993396584707,0.0075690057556780915,0.00702012231512486,0.006763341626019391,0.00764990727623294,0.007670273951710606
Q_ij_115_116,0.0022607433965702163,0.002388746755661786,0.0017731933151086928,0.0014564096260039306,0.0024363132762164714,0.002450012951695126
Q_ij_117_54,0.2515241224069307,0.26242402031325485,0.249186201583591,0.23055856168748498,0.2670839801331431,0.26827572272428013
Q_ij_118_37,0.11491612160192037,0.11853077214259373,0.11595940115430167,0.10355611740107536,0.11923998678300347,0.1198729888541553
Q_ij_124_103,0.03849462909089506,0.040016769122835125,0.0383525683324662,0.03537876621143837,0.040493463324022407,0.04064440776102472
Q_ij_125_128,0.18557640817116833,0.19295363933928322,0.18542712282492416,0.17372712511001037,0.1953752702097252,0.19604810823152194
Q_ij_126_16,0.007500000000006731,0.007770000000008412,0.007870000000007963,0.00796000000000748,0.007820000000008556,0.007830000000007638
Q_ij_127_28,0.009847682204750569,0.01022092289375545,0.008931058247413824,0.009002856209707834,0.01033636149752035,0.010358356713007137
Q_ij_128_69,0.18557640817115711,0.1929536393392705,0.1854271228249116,0.1737271251099984,0.19537527020971238,0.19604810823150992
l_ij_1_2,0.8554642264454658,0.8844564381339727,0.6778152245187814,0.8484366892861607,0.874920231534721,0.8319919969200245
l_ij_2_3,0.8554645883489598,0.884456819884402,0.6778154839752881,0.8484370421196048,0.874920608189872,0.8319923477514272
l_ij_3_4,2.9859599947193782e-5,3.205927758531305e-5,3.2846353291077705e-5,3.3619007409346626e-5,3.247396323314038e-5,3.2550844700814895e-5
l_ij_3_5,0.0007461797565493785,0.0008011109609219578,0.0007119301098605893,0.0008405798559860795,0.0008114646000057262,0.0007863523527881889
l_ij_3_9,0.7913209808743658,0.8190218506577409,0.6289741615435558,0.784290764807239,0.8107014240076149,0.7712342015166538
l_ij_5_6,0.00011948203028809148,0.00012828761504780204,0.00013143231117444514,0.0001345316337898463,0.00012994769310527626,0.00013025397092515843
l_ij_5_7,0.0002688365155015963,0.0002886264812238687,0.0002324238399052836,0.00030297106050337273,0.0002923561647635996,0.00027692642225234044
l_ij_7_8,0.00011955529068686317,0.00012836913337717462,0.0001315088709881406,0.00013461921396481317,0.00013003079899225796,0.0001303354264278495
l_ij_9_10,0.7911586583918565,0.8199136220150945,0.6288399519643186,0.7852397709689135,0.8122034229349132,0.7723242776739494
l_ij_10_11,0.0007571779214846728,0.0008129906275047183,0.0006141246546547863,0.0008251814804023688,0.000823514921680069,0.0007711219024187074
l_ij_10_14,3.0353949837411332e-5,3.26041299871221e-5,3.335122603418602e-5,3.415544251442011e-5,3.302702465100597e-5,3.3097535346958765e-5
l_ij_10_15,0.7385856539238093,0.7645539330102873,0.5850873033371772,0.730001076432909,0.7567508092762503,0.7196468691156553
l_ij_11_126,0.0002733049953426248,0.00029357315138607456,0.0003002753619319055,0.0003075401844250051,0.00029738239817051176,0.0002980113116695593
l_ij_15_20,0.09672193426923421,0.1012369197024198,0.07662132717645301,0.09724134847953647,0.10084314680547148,0.09537851770071915
l_ij_15_36,0.0006512183053805125,0.0006411194111841622,0.00041930221225071405,0.00058192216959381,0.0006117484738072499,0.0005706353061822765
l_ij_15_117,0.2779197339438348,0.28654689715632214,0.222136799854701,0.2729732299630816,0.28299958713594064,0.2701985395683686
l_ij_16_12,3.037572660316463e-5,3.2628374678383005e-5,3.337327330874192e-5,3.418070188728838e-5,3.305174286355096e-5,3.312164171268352e-5
l_ij_16_13,0.0001214518828829619,0.00013045869130541934,0.0001334370345857656,0.0001366653926243791,0.00013215145289473425,0.00013243093087890248
l_ij_17_18,7.994690980666575e-5,6.722491657681346e-5,1.3979079786599868e-5,4.2439354606962654e-5,5.750944320726707e-5,4.7062670258119776e-5
l_ij_17_19,3.066544711217236e-5,3.2946928710429394e-5,3.36650722324842e-5,3.449127221348224e-5,3.337447905560473e-5,3.344042702378132e-5
l_ij_20_21,0.0004932775717569778,0.0005297302339552075,0.00036728188461804544,0.0005285196969687778,0.0005365948286721844,0.0004937564238746958
l_ij_20_23,0.005412838046635155,0.0054725567670265065,0.004423192876756838,0.00523469242112387,0.005318134741625139,0.005138069397211152
l_ij_20_118,0.047058189930243716,0.04970262650968561,0.03715641115700396,0.04754438123143105,0.049821183547592296,0.046925935821532705
l_ij_21_22,0.00012298667735600845,0.0001319817057744717,5.866856760570987e-5,0.00012622192806132536,0.00013368636378733594,0.00011259624493369348
l_ij_23_24,0.00012383619249652897,0.00013308810331620716,0.00013586725672570476,0.000139243907628503,0.0001348185477696999,0.00013506558163923737
l_ij_23_25,0.0039034328445838144,0.003904035145882741,0.003013976625378769,0.003669893642758952,0.003765595892345478,0.003614037917079542
l_ij_25_26,8.172427244847924e-5,6.90528518352478e-5,5.235974972022195e-5,5.1294336963735025e-5,5.925510231387626e-5,6.001837345005443e-5
l_ij_25_27,0.0028605523921964686,0.0029469288878209887,0.002273214239915579,0.002862582914095056,0.0029012131200359965,0.0027602101748901656
l_ij_27_30,0.0011133574332776145,0.0011959417633411412,0.0009488415540678972,0.00121044177292536,0.0012114457526494187,0.0011471963525537803
l_ij_27_127,0.0004058366422272064,0.00039042128886030125,0.0002853143128649813,0.00035183126225571187,0.0003664538150118938,0.0003515935729488019
l_ij_28_29,8.181727533959167e-5,6.912345779119419e-5,5.246963078879284e-5,5.1240430258542753e-5,5.9311240525674304e-5,6.007654392579561e-5
l_ij_28_33,0.00012387095664409393,0.00013307906139379286,9.319472630445159e-5,0.0001359250207281271,0.00013479795265828467,0.0001240092153765583
l_ij_29_35,8.182561261282219e-5,6.913028665758266e-5,5.247379468743215e-5,5.1244644058398105e-5,5.9316879869538495e-5,6.008228018096559e-5
l_ij_30_31,0.0004960184755787297,0.0005330927250755099,0.0005441511585797771,0.0005577130321728033,0.0005400222729540181,0.0005410013534335949
l_ij_31_32,0.00012403466043768536,0.00013330667597871563,0.0001360722450182272,0.0001394640431699676,0.00013503971967929778,0.00013528456997729022
l_ij_32_119,1.1107291521986647e-29,1.862963984808409e-29,1.5404831632836366e-29,1.3750049030729708e-29,1.933203253290836e-29,1.4849767637738773e-29
l_ij_33_34,3.0929441895186656e-5,3.321669496066012e-5,1.526952549268071e-5,3.3161362820292246e-5,3.364325788690618e-5,2.833489536036687e-5
l_ij_36_17,0.0002091775875629516,0.00019276779128689456,8.184453792237266e-5,0.00015341178095231394,0.00017563898669944103,0.000154828422179679
l_ij_37_38,0.00045066751733963996,0.00045957085424633233,0.00037261470231781903,0.0004507860315190414,0.00044838074111290836,0.0004303350902734622
l_ij_37_42,0.03424696237414033,0.03627944775950497,0.027615238492949872,0.034606540268312926,0.03645121804011338,0.034479117802928755
l_ij_38_39,0.00012419102972175978,0.00013348168407433235,0.00013623193060955679,0.0001396295676256798,0.0001352188327918433,0.00013545959059157181
l_ij_38_40,0.00010193732405391632,9.815846397203217e-5,5.995454314427123e-5,8.883828947880004e-5,9.179728667838565e-5,8.387883795332497e-5
l_ij_40_41,2.0591652796415695e-5,1.743490602361334e-5,5.704346341431702e-6,1.246222366807068e-5,1.4795101872885088e-5,1.2127804209582633e-5
l_ij_42_43,3.110033010976424e-5,3.342839428865587e-5,3.4112635987993004e-5,3.4964087414163086e-5,3.3863769438602586e-5,3.392331517568489e-5
l_ij_42_44,0.03228552102334544,0.034188509270757186,0.025786126123415135,0.03250128459034997,0.03434241677405082,0.0324301599251755
l_ij_44_45,0.0001245679611296642,0.00013389993500919926,0.000136617265162037,0.00014003327929731332,0.0001356447966357835,0.00013587943507461456
l_ij_44_46,0.02663615366426471,0.028165732959201262,0.020602250256054822,0.026470124562307528,0.02826991393809258,0.026547985979465644
l_ij_46_47,0.00010236745538902174,9.858677307647051e-5,6.01286249343179e-5,8.904496512479323e-5,9.219936454752089e-5,8.424033143395727e-5
l_ij_46_49,0.02347690349804381,0.024969535689326902,0.018459545666181538,0.023519137683472403,0.025169363101617652,0.02367441438594918
l_ij_47_48,2.077515039607697e-5,1.7640953491774536e-5,1.4828002159279785e-5,1.3915808433795307e-5,1.4996262389193582e-5,1.5186250478409874e-5
l_ij_49_50,0.003990170971972636,0.004249817870462659,0.0020372313770605998,0.0035941084874762702,0.00430373784397031,0.003745029371666271
l_ij_49_51,0.0033574705237567884,0.0035440516298602055,0.0033432348088484557,0.0036158347230826997,0.0035440419417023116,0.003498589456956279
l_ij_51_52,0.0002468933992670234,0.0002471912941593,0.0001832386247702345,0.00023602730224283038,0.00023792379540789834,0.00022476983622074495
l_ij_52_53,2.0713574264620584e-5,1.7541333910789278e-5,5.693306467760785e-6,1.242945481970628e-5,1.4884653575479282e-5,1.2199753803504889e-5
l_ij_53_120,1.2940573410649183e-29,2.1317249712038668e-29,1.7611924220217473e-29,1.5615803945616826e-29,2.210487622848714e-29,1.7125138845016818e-29
l_ij_54_55,0.2684597773789022,0.27661116857859785,0.21291330379452147,0.26280468858469636,0.2730494206787722,0.2604021510930549
l_ij_55_56,0.2580622212050093,0.2656847064508951,0.2030688843487312,0.251787972524225,0.2621225324361427,0.2496986553063795
l_ij_56_57,0.00012390224695856184,0.00013312021600558633,9.335008960970328e-5,0.0001360883649873093,0.0001348489328898125,0.00012404741076957353
l_ij_56_59,0.24747564947518658,0.2545641697234576,0.1948862303474748,0.24077003232733327,0.251010033489719,0.2392928252332728
l_ij_57_58,3.0877551242255966e-5,3.316231203981883e-5,1.5286086598641434e-5,3.317492564989296e-5,3.3591350892571364e-5,2.827799475939678e-5
l_ij_59_60,0.00010234709745079812,9.873471211998171e-5,9.156065230928668e-5,9.22418694303847e-5,9.253519381591756e-5,9.31416877855065e-5
l_ij_59_62,0.23909166609189433,0.2463095342774637,0.1876841901824105,0.2329340194044231,0.2431233117435853,0.23149861353355033
l_ij_60_61,2.058399020729837e-5,1.749455803125211e-5,1.387986343406153e-5,1.378068335214997e-5,1.4937500036026084e-5,1.5125536707784162e-5
l_ij_62_63,6.2042335718137e-28,8.019968797561686e-28,7.732293121718284e-28,7.088250069691756e-28,8.19195761490296e-28,7.158041795253332e-28
l_ij_62_64,0.009149262534497826,0.009147090381674152,0.006078730064159384,0.007963874805134821,0.008910418860238144,0.00838291781845265
l_ij_62_125,0.15297010363504887,0.15870653011225347,0.1254239719528434,0.1528732203409323,0.15711918380051976,0.15027184322925263
l_ij_63_122,1.551064562684729e-28,2.005000084328689e-28,1.9330808469396256e-28,1.7720695312068607e-28,2.0479974598284204e-28,1.7895175390890492e-28
l_ij_64_65,0.0071347534146663835,0.007064760734620385,0.004393786820865622,0.005991071101209616,0.00684863774353093,0.006389910351115718
l_ij_65_66,0.0053639101322146875,0.0052451032430220765,0.0029807635652623556,0.0042946896007610555,0.0050534568354959645,0.00466471400624396
l_ij_66_67,0.0027503370551096415,0.0025954009006192037,0.0011033436036205016,0.0018940539389690576,0.0024624677121149745,0.002207412806993496
l_ij_67_68,0.00043730713587648254,0.0004702391686799993,0.0004780672119828153,0.0004908057320386368,0.0004763303214975833,0.00047692380751539686
l_ij_69_70,0.000984312500119399,0.0009869079730942217,0.0006981237241128781,0.0009043998693760872,0.0009550938415245495,0.0009021526687149079
l_ij_69_74,0.05905512464221273,0.061865293591707116,0.05080062297218732,0.060387157784605745,0.06164141638275092,0.059287139608503854
l_ij_69_99,0.013887401935319637,0.014250725644694895,0.010663276044781542,0.013532409664015869,0.013999253326884072,0.013269384075676518
l_ij_70_71,0.000662424772699029,0.0006539706472308767,0.0004218481479703098,0.0005810105978958583,0.0006264812307823376,0.0005839125556718759
l_ij_71_72,0.00021336261702591984,0.00019814241982097307,0.00016873775439950927,0.00017095335244019059,0.0001822843453303881,0.00018379697430677934
l_ij_72_73,8.038820528473497e-5,6.827040344339755e-5,5.013114822665492e-5,5.049416450599841e-5,5.9431315092475976e-5,6.0184800840768116e-5
l_ij_74_75,0.0011398019949677013,0.0012250047821222778,0.0009727834227229724,0.0012272862351498906,0.0012410154213229143,0.001174988340973386
l_ij_74_78,0.04394766840183494,0.04586433049443196,0.03783566992473096,0.04457820316865592,0.045584997315047865,0.043952702389172635
l_ij_75_76,0.0005116933492765697,0.0005504214453322953,0.0005600762175195801,0.0005746153651807742,0.0005576489102327709,0.0005584309377987758
l_ij_76_77,0.00012804398530494646,0.0001377401170377171,0.0001401568067175268,0.00014379720096223959,0.00013954966190335153,0.00013974537853280909
l_ij_78_79,0.003923776218146745,0.003931603899649398,0.0023758059032354182,0.003516415787357742,0.003804721629417871,0.0034808239065940386
l_ij_78_88,0.005032106423764077,0.005248117066183385,0.004321743302161758,0.005145703764194916,0.005212336430059368,0.005019877676394442
l_ij_79_80,0.002903180527384456,0.002996289523533829,0.002104473255995852,0.0028256082479723565,0.00295627251440719,0.002760948555114588
l_ij_80_81,0.0001281331456015649,0.00013783519937733566,0.0001402234064460848,0.00014386649066665372,0.00013964445683799896,0.00013983750820174688
l_ij_80_82,0.0018119476537777255,0.001849372949052921,0.0011618612373078322,0.0016971528697260832,0.0018116343008524373,0.0016595737043851298
l_ij_82_83,0.0009771306412760545,0.0009782599918067225,0.0004996399453832398,0.0008564809553622112,0.0009464013461971178,0.0008379427234632314
l_ij_83_84,0.00028320412719123265,0.0003041399353756623,0.00018351087007185244,0.00029341155788966235,0.00030809925219624907,0.00027512145091709
l_ij_83_86,0.00020844144999088585,0.00019236568846259686,7.777555529940239e-5,0.00014735777676266827,0.0001764320098374895,0.00015492914651682352
l_ij_84_85,3.2081898610922937e-5,3.451201753679194e-5,3.510338554016984e-5,3.601726735839273e-5,3.4965056149960496e-5,3.5012298497793645e-5
l_ij_86_87,7.708328048183579e-5,6.43476995833928e-5,1.0492638008056197e-5,3.8565155938231485e-5,5.5394589411880216e-5,4.4655134778589966e-5
l_ij_88_89,0.0042692330618614854,0.004440769650119343,0.0035854579503783496,0.004329626410071072,0.004402862951198593,0.004225567126143446
l_ij_89_90,0.00012836332408003474,0.00013809166289988992,0.00014047854420615343,0.0001441358639552036,0.0001399057169269518,0.00014009817379019918
l_ij_89_91,0.0018246010936936814,0.0018642020277349085,0.0013137883146949077,0.001750537397674292,0.0018269652306111093,0.0017130038600818237
l_ij_91_92,0.0001247210434650181,0.0001338334220977469,5.9714946067044154e-5,0.0001251611974559739,0.00013556975717608172,0.00011387563465424434
l_ij_91_93,0.0009963191160905756,0.0010009780664022847,0.0008212954471002568,0.0009485064802657893,0.0009699381081638113,0.000944753688785525
l_ij_93_94,8.015094556792335e-5,6.812258418810975e-5,4.998374222658089e-5,5.0282894749564435e-5,5.946060809446924e-5,6.0214628302986065e-5
l_ij_93_95,0.0005119986558709799,0.0005506435408414986,0.0004665913747775048,0.0005639764503402277,0.0005578693343043688,0.0005355616551251029
l_ij_95_96,0.00012847694267553855,0.0001382171288436774,0.00014059289377034998,0.00014425938219105437,0.00014003297829660012,0.00014022379962656717
l_ij_95_97,0.00012757485407401207,0.0001371638540931456,9.552244843442573e-5,0.00013798009987048732,0.00013896208561609626,0.00012776664636091767
l_ij_97_98,3.213672355340422e-5,3.457325759237708e-5,3.5167058639249297e-5,3.60845045250432e-5,3.502749915057636e-5,3.507511558337232e-5
l_ij_99_100,0.0009847854929018092,0.000987421776631424,0.0006986224502797514,0.0009043868246005369,0.0009556409434248716,0.0009026551565521061
l_ij_99_124,0.007487091754787748,0.007748037314185276,0.00591102135165802,0.007450490352089482,0.007652590751666827,0.007262693092520629
l_ij_100_101,0.00040357930757631304,0.0003888958345550041,0.0002150600329147936,0.00032838603347360476,0.0003666898401534951,0.00033464046337735887
l_ij_101_102,0.0001276883766380178,0.0001373411599835575,0.00013975520806536266,0.00014337150093899172,0.0001391416759834432,0.0001393399206092187
l_ij_102_123,2.1335850485697344e-28,2.7308763432368765e-28,2.6475671326524332e-28,2.429064793800641e-28,2.7876939810522817e-28,2.448636350030273e-28
l_ij_103_104,0.0007894922047150732,0.0008483336088671227,0.0006389368903954843,0.0008430719903441908,0.000859404744052739,0.0008043875048566817
l_ij_103_107,0.0034185612262576798,0.0034748484417200793,0.0026662719575289507,0.0032870042087401693,0.003390459421687735,0.0032396187433455285
l_ij_104_105,0.0005042445242218787,0.0005417085198523629,0.0003760296137666751,0.0005323418618898491,0.0005487723801652929,0.0005047572537047139
l_ij_105_106,0.00012449778245142488,0.00013359297000266608,5.9303354933396446e-5,0.00012511573995924622,0.00013532570362220496,0.00011369887786767398
l_ij_107_108,0.00041006328318320606,0.00039666678423979566,0.0003571467706181443,0.00036296523319732975,0.00037482274314291897,0.00037719720206105795
l_ij_107_110,0.0014623594206421768,0.0015265801129224186,0.0010762336580923944,0.0014705104119095284,0.0015156411801933584,0.0014090818993791076
l_ij_108_109,0.00012784298832688572,0.00013751065978972655,0.00013992071712903826,0.0001435454568852289,0.00013931241972323558,0.00013951044066217987
l_ij_110_111,0.0014630276945610176,0.0015272979809249753,0.0010766825867000796,0.0014711556454251574,0.0015163546524930784,0.0014097311026214268
l_ij_110_121,2.2980775555164736e-28,2.934633948562822e-28,2.8482278968838293e-28,2.6146312025967203e-28,2.9951358913121613e-28,2.633811063525352e-28
l_ij_111_112,0.0007363169829231248,0.0007603296773035456,0.0006373179475098378,0.000747183158991935,0.0007487606593895756,0.0007248695439234001
l_ij_112_113,3.206811847645477e-5,3.4496225361135335e-5,3.5086958394639436e-5,3.60061461480696e-5,3.494833589627232e-5,3.49949426044092e-5
l_ij_112_114,0.0004616474577873998,0.00047161163064957963,0.00037413395380629763,0.00045571467173195925,0.00046093757618457566,0.00044217000334008643
l_ij_114_115,0.00025047742831538694,0.0002512116153729479,0.0001805943217727617,0.0002356042474220423,0.0002423483028697566,0.00022882537394922536
l_ij_115_116,2.03512086272897e-5,1.718254921766697e-5,3.8848836481322615e-6,1.1227139309355233e-5,1.465760782578718e-5,1.1913379147439203e-5
l_ij_117_54,0.2779198020445243,0.28654696880628483,0.22213684921883378,0.2729732953493993,0.28299965772657576,0.270198605681906
l_ij_118_37,0.04705819477970644,0.04970263178031248,0.03715641460886732,0.047544386068878335,0.049821188841009556,0.04692594068213931
l_ij_124_103,0.00748709205956537,0.007748037636585531,0.005911021568688934,0.007450490649938103,0.007652591069100685,0.007262693387232278
l_ij_125_128,0.15297013197667722,0.15870656019546095,0.12542399324891143,0.15287324830486074,0.1571192135182156,0.15027187111907314
l_ij_126_16,0.00027330499741463047,0.0002935731536937053,0.00030027536431543624,0.00030754018689700013,0.00029738240052327547,0.0002980113140292773
l_ij_127_28,0.0004058366460679957,0.0003904212925188958,0.000285314315151366,0.0003518312653436228,0.0003664538183597893,0.00035159357610375154
l_ij_128_69,0.1529701603183159,0.1587065902786797,0.1254240145449865,0.15287327626879926,0.15711924323592244,0.15027189900890386
v_j_1,1.0608999999999753,1.0608999999999678,1.06089999999997,1.060899999999972,1.0608999999999673,1.0608999999999713
v_j_2,1.0608995511872232,1.0608995420928993,1.0608995939050756,1.060899558811078,1.0608995432803,1.0608995526436518
v_j_3,1.0466064575637917,1.0462444658932475,1.0476281825609917,1.0470950744211194,1.046220148423624,1.0464202348455547
v_j_4,1.0464912658848586,1.0461251273138727,1.0475073080925645,1.0469728176525448,1.0461000418997228,1.0462999747327486
v_j_5,1.045784926915107,1.045393393315596,1.0468145846764596,1.0462227607738306,1.0453636077278428,1.045574533758179
v_j_6,1.0455221659959586,1.0451211730033583,1.0465388608852995,1.0459438838516408,1.0450896356761439,1.045300211358588
v_j_7,1.0451440968829033,1.0447295365088687,1.0462051662472662,1.0455421122263437,1.0446954900932681,1.044921082876953
v_j_8,1.044815472400315,1.0443890815449068,1.0458603296235367,1.0451933321088231,1.0443528442994225,1.0445779989171307
v_j_9,1.0363638869313554,1.0357396608958984,1.0381008011585153,1.0372143043181878,1.0356949467601364,1.0360362070927378
v_j_10,1.029561236426064,1.0287605210578123,1.0317691279725223,1.0306497141827327,1.0287004352559548,1.0291359220315963
v_j_11,1.0288231457687456,1.0279961111190539,1.031087530134419,1.029888085600851,1.0279311233771744,1.0283869196813535
v_j_12,1.028658793510948,1.0278258421799746,1.030915069831903,1.029713653071241,1.0277597587563767,1.0282153359242123
v_j_13,1.0284945056861388,1.0276556399934722,1.03074267714107,1.02953928892651,1.0275884613177089,1.0280438194351114
v_j_14,1.0294133681033923,1.0286073294755242,1.0316139648125988,1.0304927766029368,1.028546257884849,1.028981547502727
v_j_15,1.019737821849269,1.0186859627137683,1.0226411338689745,1.0211910547560963,1.0186054513212999,1.019176357083189
v_j_16,1.0288231301687287,1.0279960949574356,1.0310875137648008,1.0298880690440322,1.0279311071115562,1.0283869033949353
v_j_17,1.019103031849311,1.0180567071668363,1.0221503510963619,1.0206146310695587,1.0179908599354017,1.0185833611530615
v_j_18,1.0186940036098704,1.0176754886346582,1.0219839069656949,1.020326389999003,1.0176352268794722,1.0182608092041143
v_j_19,1.01887290851792,1.017818299395515,1.0219088750139556,1.0203703935071755,1.0177509180085378,1.0183431123950892
v_j_20,1.0098359382491406,1.0085215399385936,1.0134067619755711,1.0116135550549639,1.0084268299021755,1.0091500023681754
v_j_21,1.009180555754315,1.0078429896435508,1.0128232199799292,1.0109476645502582,1.0077439413533964,1.0084897821519094
v_j_22,1.0087557345275093,1.0074034283467426,1.0125129124220351,1.0105353644255735,1.0073015881465897,1.0080774789786693
v_j_23,1.009014439103162,1.007686050620314,1.0126447206700744,1.0108166289803238,1.0075957019842954,1.0083267200081785
v_j_24,1.0083239117409604,1.006970664273073,1.0119201272913374,1.0100837492732404,1.0068757121213066,1.00760580944204
v_j_25,1.0084312032843026,1.0070948045374843,1.0121160671297673,1.0102601321072218,1.0070087648936468,1.0077464556556095
v_j_26,1.0078263587751037,1.0065301451787894,1.0116357085541001,1.0097770754919129,1.0064816246883879,1.0072158758105625
v_j_27,1.0078876985063157,1.0065390032186816,1.0116112767384713,1.0097274319196041,1.0064538503065836,1.007199315770997
v_j_28,1.0076080134876826,1.0062582145885512,1.0113686670775668,1.009468860093609,1.006176869515748,1.0069253308782464
v_j_29,1.0075053475485238,1.006158813829579,1.0112884129871897,1.0093858523986803,1.006081210785402,1.0068291963661902
v_j_30,1.0076439686388192,1.0062866657675529,1.0113752994247955,1.0094801390368928,1.0061999001446225,1.006949310244471
v_j_31,1.007399914440731,1.006033825618333,1.0111192052196014,1.0092211161813216,1.0059454329674156,1.0066945176616666
v_j_32,1.007257433918743,1.0058862157975534,1.0109696956585286,1.009069896853985,1.0057968732764893,1.0065457679967111
v_j_33,1.0073126588928285,1.0059523226777713,1.0111038649981376,1.0091619610741482,1.0058690297001807,1.006627783191857
v_j_34,1.0071158954091683,1.0057486030852034,1.0109575851641441,1.0089618979380197,1.005664026543788,1.0064367718494
v_j_35,1.006955454222037,1.0056455138883686,1.0108513550307308,1.0089472984122274,1.0056020445877742,1.0063468946263368
v_j_36,1.0192779305280233,1.0182265473307506,1.0222637597213975,1.0207613523360037,1.018154307294002,1.0187380648418467
v_j_37,1.0066692101966916,1.0052637226618049,1.010447054279294,1.0085613327330556,1.00515913603684,1.0059340640106933
v_j_38,1.006131494299577,1.0047148127122498,1.009934011942718,1.0080247307820647,1.004612940932809,1.00539381763615
v_j_39,1.0057370062535456,1.0043061230965613,1.0095200624864158,1.0076060474692101,1.0042016213968137,1.0049819721160935
v_j_40,1.0058293045936082,1.0044157646904783,1.0096938882021023,1.0077428237407375,1.0043221132635238,1.0051138683410485
v_j_41,1.0056500897735172,1.0042483318564972,1.0096059273063578,1.0076030811629946,1.004166795729852,1.0049729830628278
v_j_42,1.0048526821011907,1.0033937455854338,1.0087395595646615,1.0068129806534782,1.0032821270919363,1.0040841344625262
v_j_43,1.0046390271049077,1.0031723990092845,1.0085153642552287,1.00658622148409,1.0030593561491452,1.0038610786464066
v_j_44,1.003087031202942,1.0015764772854159,1.0070854519890124,1.005118626239251,1.0014581661047013,1.0022873207082907
v_j_45,1.0024294356224601,1.0008952082640366,1.00639541502656,1.004420698129833,1.0007725131127854,1.0016007909222675
v_j_46,1.001795361072367,1.0002478710321245,1.0058890366807143,1.0038916325070697,1.0001250119980587,1.0009760391858844
v_j_47,1.0015537590783377,1.000008780145176,1.0056971695812202,1.0036665366037616,0.9998924945142611,1.0007522190423837
v_j_48,1.0013877586025615,0.9998534997085304,1.005555354502626,1.0035285791157837,0.9997483646195191,1.0006071536342833
v_j_49,1.0002777278373538,0.99868439654025,1.0044757372234068,1.002447882329574,0.9985540856581638,0.9994300224109798
v_j_50,0.9999024940285367,0.9982990354663775,1.004177805707917,1.0021420698301249,0.9981663741981328,0.9990564329847585
v_j_51,0.9997109235225081,0.9981003392246783,1.0039004434952439,1.0018590460627377,0.9979686631164809,0.9988464117688226
v_j_52,0.9995646636752384,0.9979519659775155,1.0037664410950575,1.0017165476574887,0.9978217282729905,0.9987018495508146
v_j_53,0.9995201508637243,0.9979090026593954,1.0037392052510572,1.001682036772855,0.9977808816721148,0.9986635112381356
v_j_54,1.0118214492365558,1.0105653561861865,1.0152692258089726,1.0135734435836392,1.01046044378694,1.0111303754688379
v_j_55,1.0079404946439783,1.0065850309187694,1.011664551748982,1.0098472271602432,1.0064683800282077,1.0071879102833017
v_j_56,1.0055798820047885,1.0041644594896897,1.0094779452320666,1.0075859666502753,1.0040408158126068,1.0047911875394133
v_j_57,1.005468541848857,1.004049167123157,1.0093733532530211,1.0074713794474424,1.0039247895051486,1.0046779812690612
v_j_58,1.0054131059301232,1.0039917915463616,1.0093274234535425,1.0074161252750222,1.0038670526823423,1.0046231390223432
v_j_59,0.9990768605431579,0.9974978914106823,1.0034567678614332,1.0013662532462813,0.9973556708216721,0.9981894495570531
v_j_60,0.9987753647994212,0.997199131400616,1.0031713415698824,1.0010777599606355,0.9970646939584948,0.9978974859132119
v_j_61,0.9986382057134673,0.9970706241680128,1.0030583592112319,1.0009636826477832,0.9969450654504992,0.997777089740096
v_j_62,0.985430575326706,0.9835027101909845,0.9908272824924006,0.9883170853302741,0.98331603013431,0.9843293698613471
v_j_63,0.9854305753267032,0.9835027101909815,0.9908272824923975,0.9883170853302711,0.9833160301343069,0.9843293698613441
v_j_64,0.9836807054040763,0.9817575652019197,0.9894046777434041,0.9866831948448962,0.9815984648676294,0.9826671398774111
v_j_65,0.9826004506362488,0.9806858371464213,0.9885605928221498,0.9856928724029754,0.980547025600693,0.9816546325203306
v_j_66,0.9807283416708537,0.9788411640262142,0.9871750513113672,0.9840183166577027,0.9787448527280781,0.9799307080015208
v_j_67,0.9791030630960076,0.9772725115574247,0.9861726468317643,0.9826728470744388,0.9772321010776721,0.9785138300052021
v_j_68,0.9786072968679663,0.9767588977451739,0.9856524228031396,0.9821466738510778,0.9767151821572344,0.9779962500631271
v_j_69,0.9803534781795816,0.9782929901246548,0.9860424397681087,0.9833638523781362,0.9780973566223629,0.9791726855164083
v_j_70,0.9796211645766084,0.9775551749813457,0.9854127994378645,0.9826726440569047,0.9773674349394679,0.9784592543043279
v_j_71,0.9787943112131998,0.976727253844984,0.9847361286487644,0.9819134540439043,0.9765515750162577,0.9776663213352671
v_j_72,0.9782350993046749,0.9761809212848339,0.9842437289138323,0.9814097423570975,0.976022227473343,0.9771346769282668
v_j_73,0.9779426626183253,0.9759058794312542,0.9840167619595113,0.9811753592560772,0.975762754165923,0.9768735012852052
v_j_74,0.9778529262842097,0.975720517475094,0.9836369496466643,0.9808859158593454,0.9755166168851046,0.9766183521332616
v_j_75,0.9767764735610932,0.9746061048513066,0.9826181218318459,0.979786242026697,0.9743950847069067,0.9755207006069153
v_j_76,0.9758561170614551,0.9736526155176812,0.9816523610782254,0.9788094369950812,0.9734354596632837,0.9745598484212931
v_j_77,0.975330075248196,0.9731076361991446,0.9811003678688455,0.9782511312839421,0.9728869733993254,0.9740106607682506
v_j_78,0.9762725716904933,0.9740962123178873,0.9821195446424894,0.9793222696423158,0.9738878990289112,0.9750051547795027
v_j_79,0.9753705793647288,0.9731791984099187,0.9813611514144063,0.9785202019386497,0.9729731647281405,0.9741126032319679
v_j_80,0.9751770763617135,0.9729809643786973,0.9811861209373129,0.9783380178602454,0.9727746618567231,0.9739177755086347
v_j_81,0.9750857293450774,0.9728863288694622,0.9810902674678562,0.9782410682265891,0.9726794173673772,0.9738224092232667
v_j_82,0.9744528832406629,0.9722412984404407,0.9805590373172682,0.9776793110590895,0.9720350113167633,0.9731958086520949
v_j_83,0.97425741823167,0.9720426861353788,0.9804027578914384,0.9775123575500427,0.9718368688023202,0.9730042521754466
v_j_84,0.9741084997536615,0.9718887549405825,0.9802691356610934,0.9773727894212004,0.9716819697963297,0.972854226024021
v_j_85,0.9740576225564072,0.9718360461642267,0.9802157485221077,0.9773187917558477,0.9716289218386589,0.9728011102300874
v_j_86,0.9731211609633397,0.9709350582376245,0.9796761435261839,0.9766001319444572,0.9707636386616417,0.971988265165712
v_j_87,0.9726338810108224,0.9704791887953668,0.9794926041397831,0.9762896437166871,0.9703340734385874,0.9715994141482542
v_j_88,0.9744854879987529,0.9722595762576473,0.9804080537355413,0.9775509552339422,0.9720463051806055,0.9731819628016367
v_j_89,0.9734284088410585,0.9711739463426531,0.9794040863176837,0.9765096170588252,0.9709581013883267,0.9721057115596616
v_j_90,0.9731980597286712,0.9709353046622197,0.9791623733157518,0.9762651398675448,0.9707179240471441,0.9718652270863292
v_j_91,0.9730063479947415,0.9707424735553724,0.9790254108332647,0.97611094809519,0.9705265278711793,0.9716817119720005
v_j_92,0.9727180934588553,0.9704445315356931,0.9788125383139511,0.9758411210892977,0.9702267134076051,0.9714021513090266
v_j_93,0.9727493890168141,0.9704806726276586,0.9787881331648723,0.9758616830380189,0.9702652115664764,0.9714221725005792
v_j_94,0.9724323322391188,0.9701820674655235,0.9785422889305687,0.9756076778472572,0.9699829386225549,0.9711380433377496
v_j_95,0.9725675573425331,0.9702923677946813,0.9786074996095637,0.9756735068291148,0.9700756988332433,0.9712348066678432
v_j_96,0.9722060010782191,0.9699177955048518,0.9782281065695433,0.9752897751139228,0.9696987161683184,0.9708573419278994
v_j_97,0.97244667998622,0.9701672358963503,0.9784942708812226,0.9755516260720495,0.9699497668329167,0.9711119119604223
v_j_98,0.9723152799986532,0.9700311055092309,0.978356388494269,0.9754121668852451,0.9698127604458802,0.9709747303734024
v_j_99,0.9792881582792884,0.977203221267511,0.9850652090337875,0.9823451232267221,0.9770078477419415,0.9780989305211453
v_j_100,0.9789756205995704,0.9768853302394215,0.984789716906712,0.9820563304901264,0.9766908350711621,0.9777867580480861
v_j_101,0.9785738498910468,0.9764809415606159,0.9844732238628472,0.9817157272803352,0.9762897300245293,0.9773956689894463
v_j_102,0.9784518227919987,0.976354521486002,0.984345176760246,0.9815862158525456,0.9761624964359218,0.9772682726980401
v_j_103,0.9785072260772238,0.9764026950128439,0.9843386199712584,0.9815892058183938,0.976206768901167,0.9773091897047668
v_j_104,0.9777748289006485,0.9756445887326379,0.9836606520036456,0.9808472067246534,0.9754438268472929,0.9765659630479547
v_j_105,0.9769302385396711,0.9747705422733225,0.9829052773164294,0.9800018235132931,0.974564217482972,0.9757151329546152
v_j_106,0.9760312161767477,0.9738411999665485,0.9822438272468581,0.9791575543854728,0.973629027541619,0.9748431611157923
v_j_107,0.9779247690615226,0.9758082304494705,0.9838041979566944,0.9810311040911998,0.9756134867924531,0.9767231246610657
v_j_108,0.9773903750846784,0.9752773015601979,0.9833087126659181,0.9805260324459898,0.975093172242777,0.9762010231929025
v_j_109,0.9766341575186888,0.9744938601618324,0.9825151883666728,0.9797234335359528,0.9743046893939716,0.9754115320540093
v_j_110,0.9774780778458017,0.9753495763321531,0.9833939954921112,0.9806008340840674,0.9751544429935703,0.9762733283700543
v_j_111,0.9754765079715042,0.9733012910715403,0.9816244216405714,0.9786286103932017,0.9731096410531054,0.9742873586391103
v_j_112,0.9745270882695374,0.9723336800819203,0.9807280817907931,0.9776746703367039,0.9721468494144969,0.9733367172920816
v_j_113,0.9741489232558145,0.9719419011277033,0.9803312606363931,0.9772733112021393,0.9717525493601883,0.9729419130177549
v_j_114,0.9742134783136039,0.9720154515358136,0.9804406757651454,0.977364215475547,0.9718311822920153,0.9730262297223015
v_j_115,0.9732422167106833,0.9710372211228805,0.9795964279651902,0.9764273890524877,0.970865999724738,0.972083244256918
v_j_116,0.9730685205354411,0.9708745952735612,0.9795223991242312,0.9763012020451073,0.970714296049225,0.9719458450072525
v_j_117,1.0197375719755597,1.0186857079952647,1.0226409066135855,1.0211908101463594,1.0186051972432202,1.0191761077060408
v_j_118,1.0098358341830374,1.0085214329916945,1.0134066678291618,1.011613452127385,1.008426722758493,1.009149897840008
v_j_119,1.0072574339187432,1.0058862157975537,1.010969695658529,1.0090698968539853,1.0057968732764895,1.0065457679967114
v_j_120,0.999520150863724,0.997909002659395,1.0037392052510568,1.0016820367728545,0.9977808816721143,0.9986635112381353
v_j_121,0.9774780778457993,0.9753495763321505,0.9833939954921086,0.980600834084065,0.9751544429935678,0.976273328370052
v_j_122,0.9854305753267022,0.9835027101909802,0.9908272824923963,0.98831708533027,0.9833160301343057,0.984329369861343
v_j_123,0.9784518227919967,0.9763545214859997,0.9843451767602437,0.9815862158525434,0.9761624964359195,0.977268272698038
v_j_124,0.9792881184150783,0.9772031806052449,0.985065172865492,0.9823450839552007,0.9770078072148057,0.9780988908307453
v_j_125,0.9854303927504449,0.9835025237656406,0.9908271142571792,0.9883169045449729,0.9833158441488086,0.9843291871739447
v_j_126,1.0288231379687378,1.0279961030382454,1.0310875219496107,1.0298880773224424,1.0279311152443662,1.0283869115381452
v_j_127,1.0078876889675312,1.0065389937861646,1.0116112686314838,1.0097274230572413,1.0064538411113166,1.0071993067327705
v_j_128,0.9854302101741848,0.983502337340298,0.9908269460219591,0.9883167237596728,0.9833156581633083,0.9843290044865434
q_D_j_3,3.819175112217018e-5,3.261936611119444e-5,0.0018844078232451997,0.0008431483236580855,1.8332309025220096e-5,1.6954480979453372e-5
q_D_j_9,1.556908639586327e-5,5.85509120400125e-6,0.0005170017975984109,0.00023272699527515758,9.44361245171203e-6,8.39932622185736e-6
q_D_j_18,0.00014515892666347384,0.00011820307390278296,0.0016702042507959316,0.001162669168324375,6.619390158395541e-5,6.263351562346758e-5
q_D_j_26,0.00013559031609559197,0.00011547758106273136,0.001585249048791144,0.0012479347833354519,6.486657265626204e-5,6.0044221469462245e-5
q_D_j_35,0.0001328739398106751,0.00011416684500219347,0.0015754311237614034,0.0012596547063976372,6.416829944885491e-5,5.914407113937928e-5
q_D_j_41,2.688709038236124e-5,8.21776393381346e-6,0.0003804140898435189,0.00038202910826093124,1.7644306317684087e-5,1.536089887954299e-5
q_D_j_48,2.7563169563735073e-5,8.637004188710961e-6,0.0003847096066445644,0.00038910391103134413,1.8026437444932155e-5,1.5704471325092562e-5
q_D_j_53,2.7745339632099628e-5,8.704368615801464e-6,0.0003858573325513961,0.00039246331961410776,1.816516365314022e-5,1.58201711034299e-5
q_D_j_61,7.837434177270524e-5,4.680027551456444e-5,0.0006176625261345158,0.00042725629138413415,3.761008498127142e-5,3.581663821393923e-5
q_D_j_67,0.005388988733250792,0.004152207330517314,0.01021391114760635,0.00809339037787873,0.002388045636979986,0.0023478969189523187
q_D_j_73,0.0005404101579283761,0.0004101952866379816,0.0021236255617219043,0.0015372768770759247,0.00022909088891641911,0.0002249441923993336
q_D_j_79,0.0005728759686855953,0.00043417395593262466,0.002152926210286405,0.0015644867293722353,0.00024255947116265226,0.00023842479566602863
q_D_j_87,0.0006004708321030104,0.0004545405823672608,0.002176625849273025,0.0015897673611395885,0.0002539946691859188,0.00024983655255487807
q_D_j_94,0.0006163714926068503,0.00046635469214090653,0.0021912376142817318,0.0016023422702552718,0.00026066090749855174,0.0002565568261863145
q_D_j_101,0.0005479997008306845,0.0004158361254419821,0.0021305720672447435,0.001544646997506334,0.00023226500095261957,0.0002281115005156689
q_D_j_108,0.0005635531185082705,0.0004273350383491309,0.002144535098175188,0.0015593798551283957,0.00023871739341307707,0.00023455281107731549
q_D_j_116,0.00014664871887126545,9.75368388843282e-5,0.0007892501050814102,0.0005786633636783507,6.550534606741834e-5,6.378046093638867e-5
q_B_j_3,2.312730026174145e-5,2.9658409267859704e-5,3.984530135204292e-5,0.0008725997235885695,3.025455897737626e-5,2.5499056938738065e-5
q_B_j_7,2.481710207784691e-6,4.0408426472845494e-6,-0.00010709460119247585,-1.5245961025932376e-5,4.4884943063387266e-6,3.5234186885336477e-6
q_B_j_11,5.8442253933048356e-5,7.317741382399662e-5,0.00012928455768655621,0.0011540467391531264,7.453934344800877e-5,6.353179033795263e-5
q_B_j_18,8.793631196097328e-5,0.0001074166602514469,0.0001643886185061643,0.001321341706243062,0.00010924103156791486,9.420858281786277e-5
q_B_j_22,8.437974682792092e-5,0.0001066441790408969,0.00019836953782912712,0.00143176528804817,0.00010864086588350935,9.217152100982135e-5
q_B_j_30,8.132397265970176e-5,0.00010443774816980793,0.00020811070970160945,0.001466158552788906,0.00010646994693649391,8.965116819085084e-5
q_B_j_34,1.9193855454417584e-5,2.4651261262451935e-5,-1.3418371156765938e-5,0.00035055708391189207,2.587620305126154e-5,2.2238215871521023e-5
q_B_j_37,8.503553061093333e-5,0.00010781245491275169,0.0002024976728860331,0.0014517639963196952,0.00010984699374915995,9.305701029178468e-5
q_B_j_41,2.0110076532289314e-5,2.5527866366709095e-5,-1.5271349737517135e-5,0.0003429928925055217,2.6712061004251612e-5,2.3077687007137583e-5
q_B_j_47,2.0555796625259867e-5,2.60855292143148e-5,-1.2656864642817433e-5,0.0003533813691349652,2.728306076035249e-5,2.3574923380912495e-5
q_B_j_50,0.002357025494941651,0.002989745557913087,0.006024302628400636,0.01747991873198502,0.003029971227141409,0.002588475566991071
q_B_j_53,2.0705899851053828e-5,2.6310312336928548e-5,-1.0751270177590987e-5,0.00036075327013867245,2.7521967002801322e-5,2.3767416934113978e-5
q_B_j_58,4.1306418601776825e-5,4.772129304428607e-5,-1.1576689803180514e-5,0.00035978265672026655,4.874859364618477e-5,4.40517185971745e-5
q_B_j_62,7.095730914828491e-5,8.012592390235609e-5,3.1931202213821625e-5,0.0005196011436441301,8.124854095519448e-5,7.425485780150571e-5
q_B_j_67,0.003474908961620724,0.0039050952032287367,0.00409135405535761,0.013370920953066058,0.0039379832202003735,0.0035727143738455863
q_B_j_71,0.00032641956791966013,0.0003700396950502127,0.00030733210531059917,0.002088032254922292,0.00037452819772935275,0.0003354449374947559
q_B_j_75,0.00033757432172987727,0.00038225352603838715,0.0003047598048667071,0.0021168813843856727,0.00038687195269221765,0.00034673844680057584
q_B_j_79,0.0003498683484021125,0.00039570105966153953,0.0003005420153620603,0.002150024027872446,0.0004004447661214798,0.0003591358527674731
q_B_j_84,0.00035988466900165923,0.0004066551586428516,0.0002988335863789744,0.002177044434770187,0.0004114971821944005,0.00036922752065587206
q_B_j_87,0.00036703889237275244,0.0004144415099374506,0.00030720639035127065,0.0021948660589793173,0.00041933370794561514,0.00037638161625962505
q_B_j_92,0.0003737631249855979,0.0004218437740960338,0.0002942009907473081,0.002211069093586647,0.00042684477061440547,0.0003833180007960639
q_B_j_97,9.386702625914782e-5,0.0001050937572052199,6.0803671987779875e-5,0.0006190041556223099,0.00010620268612898662,9.749372244124875e-5
q_B_j_101,0.0003344268174061342,0.0003788496609683277,0.00030299864029370376,0.002112451456478463,0.00038343291372923774,0.0003435565655047844
q_B_j_106,0.0003445371478372762,0.00038993331789004477,0.00031168375247074613,0.0021404188827663837,0.00039461993964340933,0.00035375696705855356
q_B_j_111,0.0003587740395215181,0.0004054862768037881,0.0003151931322108778,0.002178640676875622,0.0004102946193560727,0.0003680784127397486
q_B_j_116,9.235788457306512e-5,0.00010345740547025258,6.062757982612677e-5,0.0006179950103332383,0.00010458737773264003,9.594558738402357e-5
P_c_j_3,3.076634536733731e-8,2.143879565426406e-8,-6.25400956862013e-9,3.9864654929913356e-8,3.2613451274821e-8,1.1652141003923416e-8
P_c_j_7,2.9930381586825706e-8,2.1276948466028775e-8,-6.2657709596744566e-9,3.657772887945958e-8,3.235123776355799e-8,1.1587896396362454e-8
P_c_j_11,3.084103803804934e-8,2.1454172417695574e-8,-6.254035512887772e-9,3.9853866730949594e-8,3.261604994671962e-8,1.1652178263883997e-8
P_c_j_18,3.087642603710865e-8,2.1461715209005336e-8,-6.254125707257557e-9,3.98571709789093e-8,3.2618457482724975e-8,1.165221349280563e-8
P_c_j_22,3.091034214561452e-8,2.1468408203563605e-8,-6.254131021184899e-9,3.985177042766481e-8,3.261855421102638e-8,1.1652213711609435e-8
P_c_j_30,3.0920932550092e-8,2.1470463012992352e-8,-6.254134410857468e-9,3.9849360000978254e-8,3.2618448381299205e-8,1.1652211671133058e-8
P_c_j_34,2.9764687882667867e-8,2.1230864098831748e-8,-6.265471933107904e-9,3.676250559945607e-8,3.222159647868127e-8,1.1587990085593713e-8
P_c_j_37,3.091357027922905e-8,2.146907024760378e-8,-6.254149008309005e-9,3.9851500484246054e-8,3.261867539272163e-8,1.1652215393072961e-8
P_c_j_41,2.9772959081181512e-8,2.1233050861123273e-8,-6.265477995573588e-9,3.676067117051458e-8,3.222750107277676e-8,1.1587993988072971e-8
P_c_j_47,2.9771225261551735e-8,2.123259459742491e-8,-6.265465321797785e-9,3.676721527188973e-8,3.22261279154172e-8,1.1587996539635476e-8
P_c_j_50,3.372059693329643e-8,2.2024663766878493e-8,-6.243816334004659e-9,4.184092136437162e-8,3.330851754942151e-8,1.170464056099339e-8
P_c_j_53,2.9768935242037e-8,2.1232062653988157e-8,-6.265456092740522e-9,3.6772075408859244e-8,3.222481003777702e-8,1.1587997262152991e-8
P_c_j_58,2.985094583363358e-8,2.1256022374080073e-8,-6.265490061176175e-9,3.6818300670797905e-8,3.2285144637803204e-8,1.1588086956222011e-8
P_c_j_62,2.9900809136983326e-8,2.1267270188149815e-8,-6.265272699072323e-9,3.695359278662746e-8,3.230401337670725e-8,1.158821879570874e-8
P_c_j_67,3.351640402041241e-8,2.198816783383683e-8,-6.244892974006421e-9,4.1289492718734274e-8,3.324189087865393e-8,1.1698688235163277e-8
P_c_j_71,3.097516568965466e-8,2.1485498881095467e-8,-6.255365579843497e-9,3.990708559283625e-8,3.263715100819684e-8,1.1652483073267538e-8
P_c_j_75,3.097633931223258e-8,2.1485882235743623e-8,-6.255441017614987e-9,3.990725128617598e-8,3.263782057754951e-8,1.1652492189746142e-8
P_c_j_79,3.097857518549545e-8,2.1486478651429533e-8,-6.255501916779734e-9,3.9907229387047574e-8,3.263851501283781e-8,1.1652501588382326e-8
P_c_j_84,3.098130657713739e-8,2.1487192401355598e-8,-6.2555231246984866e-9,3.990853104160526e-8,3.263928470904451e-8,1.165251226595848e-8
P_c_j_87,3.0985609404244034e-8,2.1488315868040626e-8,-6.255541540877404e-9,3.99134148996844e-8,3.264046220978342e-8,1.165252919529106e-8
P_c_j_92,3.0983770629744956e-8,2.1487945691739964e-8,-6.2555015945073485e-9,3.991074379239703e-8,3.264044303752385e-8,1.1652528377852385e-8
P_c_j_97,2.9981520123178406e-8,2.1280964751222078e-8,-6.2650953237465116e-9,3.7047965331315304e-8,3.233267603952398e-8,1.1588319584736864e-8
P_c_j_101,3.0975943625963255e-8,2.1485687337881324e-8,-6.255442131618439e-9,3.990508077859357e-8,3.2637328795515876e-8,1.165248512041864e-8
P_c_j_106,3.0982126704328396e-8,2.148722798412138e-8,-6.255463995106864e-9,3.9910368367599226e-8,3.263871321794237e-8,1.1652504940203136e-8
P_c_j_111,3.0987479247989544e-8,2.1488598401721005e-8,-6.255520733980564e-9,3.991379735920518e-8,3.264008408557335e-8,1.1652524313735947e-8
P_c_j_116,2.996056397906348e-8,2.1276587326031766e-8,-6.265120611382633e-9,3.700301181223243e-8,3.231923543440846e-8,1.158834221481606e-8
P_d_j_3,3.223995097547518e-8,5.406001410591982e-8,0.004665505473469593,2.493317528531376e-8,3.023640634366866e-8,0.0010963701718295197
P_d_j_7,3.3592674935105405e-8,5.5483528741111164e-8,0.002333505490615402,2.717201754693559e-8,3.067517434469193e-8,0.0005482787767014545
P_d_j_11,3.215158218728216e-8,5.398985346852862e-8,0.00466550547349211,2.494251945228345e-8,3.0233970620400734e-8,0.001096370397330925
P_d_j_18,3.211002806421392e-8,5.3955713188849385e-8,0.004665505473629556,2.4943245620079604e-8,3.0231711417700943e-8,0.0010963705182666145
P_d_j_22,3.207021045454648e-8,5.392510761365752e-8,0.004665505473630107,2.4947893937873474e-8,3.0231622212498525e-8,0.0010963706159892385
P_d_j_30,3.205779781154818e-8,5.391569558934911e-8,0.004665505473633173,2.494972975775699e-8,3.0231721816756095e-8,0.0010963706450123948
P_d_j_34,3.3814012872412494e-8,5.5710677613721144e-8,0.0023335054904507547,2.7136966222731095e-8,3.080828745202874e-8,0.0005482780893115629
P_d_j_37,3.2066434667958195e-8,5.392210146728144e-8,0.004665505473657844,2.4948336035675725e-8,3.023150844704609e-8,0.0010963706257767893
P_d_j_41,3.380290534539997e-8,5.570002511940405e-8,0.002333505490447794,2.713619498382615e-8,3.080224379634498e-8,0.0005482781309986065
P_d_j_47,3.380524851977243e-8,5.5702324454673855e-8,0.0023335054904291283,2.7133561349682523e-8,3.080361469069255e-8,0.0005482781303420973
P_d_j_50,2.89923704266665e-8,5.1012378195538855e-8,0.024500005458313635,2.376552750789364e-8,2.9362382691969383e-8,0.005757491687945562
P_d_j_53,3.3808331709395325e-8,5.570495465729092e-8,0.0023335054904163716,2.71314512893099e-8,3.0804941115540814e-8,0.0005482781260846244
P_d_j_58,3.36989613406589e-8,5.5589771526783554e-8,0.0023335054903199266,2.709619771405311e-8,3.074409362718316e-8,0.0005482786386912537
P_d_j_62,3.363330985495885e-8,5.5537917142721605e-8,0.002333505489947074,2.7025781978319606e-8,3.072695801431691e-8,0.0005482790387162756
P_d_j_67,2.919935406468278e-8,5.1221657501347294e-8,0.016334505459915577,2.4049013367059637e-8,2.9449130305170628e-8,0.0038385976182572987
P_d_j_71,3.199559471861203e-8,5.385026620011813e-8,0.004665505475405772,2.492973265529373e-8,3.0214174235606454e-8,0.0010963709390018233
P_d_j_75,3.199426630155339e-8,5.3848629529316526e-8,0.004665505475506761,2.49300910369919e-8,3.0213546210993845e-8,0.0010963709442332434
P_d_j_79,3.199170377534616e-8,5.384602726525494e-8,0.004665505475585741,2.4930615987249994e-8,3.021289514249214e-8,0.0010963709525602862
P_d_j_84,3.1988569840049274e-8,5.384290395443133e-8,0.0046655054756110335,2.4930399452861206e-8,3.0212173669192396e-8,0.0010963709646977752
P_d_j_87,3.19836334066206e-8,5.383798440903788e-8,0.004665505475639376,2.492827819825489e-8,3.021107011229462e-8,0.0010963709881141675
P_d_j_92,3.198576918800946e-8,5.3839664376851e-8,0.004665505475573256,2.4929833093198058e-8,3.021108768552412e-8,0.0010963709784057346
P_d_j_97,3.352726978796426e-8,5.5473506296210564e-8,0.002333505489649437,2.696796597240564e-8,3.0700269097699004e-8,0.0005482794904523567
P_d_j_101,3.199469891825201e-8,5.384943590074509e-8,0.00466550547550802,2.4931107117163547e-8,3.021400746050601e-8,0.001096370938573547
P_d_j_106,3.1987583840533377e-8,5.3842648929919497e-8,0.004665505475539997,2.4928962647791203e-8,3.0212709721211904e-8,0.0010963709688734018
P_d_j_111,3.1981438439482596e-8,5.3836636927260875e-8,0.004665505475616866,2.4927886321702696e-8,3.021142486778598e-8,0.0010963709936779248
P_d_j_116,3.355493455650296e-8,5.549527847900323e-8,0.0023335054897431467,2.7003644865338706e-8,3.071397510994642e-8,0.0005482793159661226
B_j_3,0.011663745291237598,0.011663708752815496,0.006752644418149062,0.00675265604388959,0.0067526551986373615,0.005598592402947086
B_j_7,0.00583361807315229,0.005833579882541408,0.0033772523606948983,0.0033772585069259966,0.003377256950457968,0.002800132404258275
B_j_11,0.011663745455215412,0.011663709005254534,0.006752644670540193,0.006752656276197114,0.006752655435977552,0.005598592402952143
B_j_18,0.01166374553257519,0.011663709125717098,0.0067526447907721165,0.006752656398804476,0.006752655563250189,0.005598592402956927
B_j_22,0.011663745606708768,0.011663709238425414,0.006752644903475059,0.006752656501484426,0.006752655666115932,0.005598592402956954
B_j_30,0.011663745629835591,0.0116637092734117,0.006752644938454965,0.006752656532242128,0.006752655696668249,0.005598592402956676
B_j_34,0.0058336176827559405,0.005833579209260767,0.0033772516878439944,0.0033772580465618466,0.003377256226815272,0.002800132404271273
B_j_37,0.011663745613750007,0.01166370924925996,0.006752644914263259,0.006752656511550895,0.006752655676417276,0.005598592402957183
B_j_41,0.005833617702305715,0.00583357924210112,0.0033772517206830475,0.003377258078468705,0.003377256270693247,0.0028001324042717917
B_j_47,0.005833617698192087,0.005833579235133687,0.003377251713747158,0.0033772580805231838,0.003377256270000154,0.0028001324042721417
B_j_50,0.061250001516282425,0.0612499687424728,0.03546048338099837,0.035460498113484,0.03546049884875946,0.029399992401881365
B_j_53,0.0058336176927711045,0.005833579226438723,0.0033772517050742116,0.0033772580786892957,0.0033772562655180307,0.0028001324042722427
B_j_58,0.00583361788580788,0.005833579563482631,0.0033772520421996312,0.003377258496835512,0.003377256805032331,0.002800132404284323
B_j_62,0.00583361800228485,0.00583357974522857,0.0033772522245461185,0.0033772588818461163,0.003377257226006185,0.002800132404302225
B_j_67,0.040836251104421635,0.040836218075646864,0.023641995869335717,0.02364200977953536,0.02364201036017975,0.019601392402038467
B_j_71,0.011663745746834007,0.011663709473567206,0.006752645135570957,0.006752656805249628,0.00675265600591443,0.0055985924029935425
B_j_75,0.011663745749347284,0.011663709478167479,0.006752645139993027,0.0067526568094519466,0.006752656011413919,0.005598592402994781
B_j_79,0.011663745754168758,0.011663709486294773,0.006752645147979085,0.006752656816864712,0.006752656020171735,0.005598592402996058
B_j_84,0.011663745760062459,0.011663709496154232,0.006752645157791632,0.006752656828141845,0.006752656032939526,0.005598592402997508
B_j_87,0.01166374576934639,0.011663709511683924,0.00675264517327406,0.006752656850496916,0.006752656057574863,0.0055985924029998075
B_j_92,0.011663745765351365,0.011663709505568843,0.006752645167266275,0.006752656840314876,0.006752656047356112,0.0055985924029996964
B_j_97,0.0058336181905814235,0.005833580014335883,0.0033772524941364916,0.0033772593019535495,0.0033772577014374618,0.002800132404315886
B_j_101,0.011663745748515995,0.011663709476302226,0.006752645138125378,0.0067526568044527285,0.006752656005461981,0.005598592402993821
B_j_106,0.011663745761879474,0.011663709498273498,0.006752645160042253,0.006752656833650265,0.006752656037340763,0.005598592402996512
B_j_111,0.011663745773433234,0.011663709517457575,0.006752645179091386,0.00675265685709004,0.006752656063435342,0.005598592402999144
B_j_116,0.005833618141552274,0.005833579938230079,0.0033772524179039296,0.003377259145461867,0.003377257517749741,0.0028001324043189966
