t,1,2,3,4,5,6,7
lambda,0.705,0.75,0.777,0.787,0.796,0.782,0.783
Irrad,0.3,0.5,0.8,0.9,1.0,1.0,0.99
cents/kWh,4.820404,4.820404,4.820404,4.820404,4.820404,30.18066,30.18066
P_Subs,0.6750923728863127,0.9856639820647685,0.8761327270050261,0.7266412594499124,1.0021666507780196,0.9648480470914568,0.754490914349013
P_ij_1_2,0.6750923728863127,0.9856639820647685,0.8761327270050261,0.7266412594499124,1.0021666507780196,0.9648480470914568,0.754490914349013
P_ij_2_3,0.6750922841663214,0.9856638034440979,0.8761325865816365,0.7266411494881182,1.0021664586441295,0.964847871653657,0.7544908017494396
P_ij_3_4,0.004700435944006367,0.005000478140735016,0.0051805034860724864,0.005247179842313813,0.00530718928158947,0.005213842099356204,0.00522050921688534
P_ij_3_5,0.021172118053110745,0.02734470305345758,0.026230507674598395,0.023907740043034142,0.028879663807840246,0.028099360624039935,0.02444040101517087
P_ij_3_9,0.6438289458408708,0.9368443549581673,0.8342218995344005,0.6933088750349506,0.952911401573082,0.9176392959708807,0.7197253263999797
P_ij_5_6,0.009398567116082186,0.009998541403511613,0.01035852597544163,0.010491854970959055,0.010611854492135872,0.010425192537836386,0.010438522978940018
P_ij_5_7,0.011767802756009174,0.017337124623182317,0.01586375171927203,0.013408536197641286,0.018257680525918994,0.017664659753641343,0.013994455231840378
P_ij_7_8,0.00939879745835068,0.009998803179583031,0.010358806405528082,0.010492142647712718,0.010612149784785972,0.01042547723616879,0.010438807633525782
P_ij_9_10,0.638410200774835,0.9301695389684967,0.8286686222302518,0.6884014570037226,0.9468778189414667,0.9119651336396605,0.7150131907186489
P_ij_10_11,0.018835532285910818,0.02967164126947144,0.026541213959806263,0.02157001624553722,0.031205955131366744,0.030099422286641715,0.022794025654497597
P_ij_10_14,0.004700495940994495,0.005000547381013154,0.005180577103486054,0.005247255418049779,0.00530726783365265,0.0052139175152835495,0.005220583871249028
P_ij_10_15,0.6139380004690818,0.8936169325869846,0.7954648050707918,0.6604199382745888,0.9083370993598356,0.8748007251876392,0.685806570925455
P_ij_11_126,0.014099335476352778,0.014999403419129293,0.015539437464764253,0.015739453614213576,0.015919479316489415,0.01563945274163085,0.015659445883946993
P_ij_15_20,0.21000447983755313,0.31996271459823306,0.2836998330285499,0.23088520310505223,0.3290411011322061,0.316827057051653,0.24192757205187784
P_ij_15_36,0.01743345690866518,0.027337281775842652,0.022782193011337604,0.01736686149593437,0.026536614566604964,0.025432091949855583,0.01819033795948421
P_ij_15_117,0.3851988151042719,0.5437029905879157,0.4869257968393391,0.41055272165390844,0.5499446844065995,0.529972936091936,0.42403549337005936
P_ij_16_12,0.0047005251416039695,0.005000580733825324,0.005180612744968275,0.005247291975591164,0.00530730551671057,0.0052139538007289,0.0052206200292431665
P_ij_16_13,0.009398810251734424,0.009998822590674798,0.010358824618582535,0.01049216153476776,0.010612173692907956,0.010425498837955714,0.010438825751978369
P_ij_17_18,0.0033328814142565646,0.012332866483221742,0.00723997261761217,0.0016263195541006297,0.010612520585721213,0.009788577317784198,0.00252963095299012
P_ij_17_19,0.004700644072257533,0.005000717326293157,0.005180758298077101,0.005247441373180428,0.005307460207757719,0.005214102504365322,0.005220767683209363
P_ij_20_21,0.014132679307711192,0.02467064897687706,0.021378785499790304,0.01631988100760711,0.02589809400400081,0.024853108365783902,0.017581156720424353
P_ij_20_23,0.05601842127126024,0.07236885422195681,0.06605460556840531,0.05807569748867685,0.07199766833764161,0.06968393490044106,0.058918799780387936
P_ij_20_118,0.139412572995828,0.22198386283690064,0.1955373682997137,0.15592710581118335,0.2301198806544084,0.2213555495458584,0.16485037442785802
P_ij_21_22,0.004732477254264879,0.014666082084382678,0.011016235496581251,0.005825729346294595,0.015279551084004335,0.014421934927337109,0.007140085802685548
P_ij_23_24,0.00940012266709865,0.010000330990422772,0.010360431362914304,0.010493811037325189,0.010613882445830405,0.010427141069867437,0.01044045568557263
P_ij_23_25,0.04660815227434435,0.0623517031359191,0.05568011026897621,0.04757007171116586,0.06136619959069304,0.059240527543272095,0.04846644081548042
P_ij_25_26,0.007999512449701268,0.007666144849730706,0.006626069970068813,0.006292752332292498,0.00594613939790105,0.005759454799859944,0.005819443220594533
P_ij_25_27,0.038602903033524275,0.05467532748143365,0.049045870203240104,0.04127078686783977,0.05540956262306642,0.05347142620353582,0.04264038141969104
P_ij_27_30,0.023530440287042036,0.03466261596043226,0.031726192580824424,0.026810460448501557,0.03650272751801971,0.035273020420964946,0.028023766040365116
P_ij_27_127,0.015067958030262124,0.02000392959432729,0.0173126742969033,0.01445483669540869,0.01889746504375022,0.01818980838940822,0.014610986810554566
P_ij_28_29,0.00799954927251082,0.007666179040616835,0.006626095880577267,0.006292776600220718,0.005946163008724351,0.005759476777851696,0.005819465185535493
P_ij_28_33,0.0070676067980928875,0.012336318509625825,0.010685501124169619,0.00816124046425649,0.012949929123900089,0.012429078233360822,0.00879069660052037
P_ij_29_35,0.007999375552955656,0.0076660188026351165,0.006625974121048504,0.006292662609081723,0.00594605278419179,0.005759373979771005,0.005819362005352035
P_ij_30_31,0.018796982442513172,0.01999692672752453,0.020716876009993068,0.020983530265605742,0.021223539741250765,0.02085021698234907,0.02087686615068346
P_ij_31_32,0.009398029925633839,0.009997935091248975,0.010357874286418241,0.010491186538731824,0.010611172228269987,0.010424533539117506,0.010437861092945483
P_ij_32_119,1.6800441250084405e-36,-8.185610146175866e-34,-9.47901874441646e-32,-6.853180175926727e-29,5.595457888963182e-33,1.5649744856822937e-34,7.160534160328524e-34
P_ij_33_34,0.002366796341751196,0.007334476035371999,0.005504084981553765,0.002913535477489551,0.007641224957389175,0.0072138806182053235,0.003569606343710076
P_ij_36_17,0.00803380734524907,0.017334870656351985,0.012421404113917598,0.0068739673866697,0.015921081798385087,0.015003646208043179,0.007750654242499475
P_ij_37_38,0.015768249361054833,0.021171442348964335,0.01917954408099228,0.01655521467810716,0.02123136952674765,0.02052663224202681,0.016918975297400805
P_ij_37_42,0.11881791178887295,0.18593824943639192,0.16518238515100256,0.1334238397766075,0.19337947318322105,0.1861941918263273,0.140669764202256
P_ij_38_39,0.00939906462688234,0.009999120758631177,0.010359139019351168,0.010492484659557749,0.01061251375993481,0.010425823922352582,0.01043914425140793
P_ij_38_40,0.006367423335312276,0.011169194460241245,0.008817844371439116,0.0060606392610270225,0.01061555774112008,0.010097767713012502,0.0064777112583008995
P_ij_40_41,0.001666753270251656,0.00616758802434791,0.0036367495227223076,0.0008132779655650666,0.005307350103940621,0.004883039597801717,0.0012569798563564112
P_ij_42_43,0.004700618632367251,0.005000689669990725,0.005180727949517843,0.005247410329157559,0.005307429486048156,0.005214072499901134,0.005220736772596966
P_ij_42_44,0.11406983384793476,0.18083605699399513,0.15992277379356898,0.12811448408126638,0.18795957506802283,0.18087779674987248,0.13538582831136461
P_ij_44_45,0.00940001478635476,0.01000021142661931,0.010360301376205867,0.010493677775300702,0.01061374845624313,0.010427010985173298,0.010440323338438334
P_ij_44_46,0.09992563804254675,0.1657396287085388,0.1443083540486508,0.11231642012334203,0.1719326310921991,0.16514066626555346,0.11966657559848641
P_ij_46_47,0.006367457184964965,0.011168548325316456,0.008825072563371074,0.006060672922307644,0.0106150380297031,0.010095321956168078,0.006472720175949916
P_ij_46_49,0.09353080783558866,0.15450685384714322,0.135435460403083,0.10621974135161925,0.16124663919782128,0.15498123216194448,0.11315699156822744
P_ij_47_48,0.004000392145659762,0.0038336914286581382,0.0033136043048791384,0.003146915150169095,0.0029735636919385375,0.0028802167639231657,0.0029102190849860463
P_ij_49_50,0.024851431568159006,0.07700960827425851,0.05791251578718299,0.030592175295662962,0.08023057495120468,0.0757295905583606,0.03747134699211688
P_ij_49_51,0.04397334458180368,0.05117621136099533,0.05027438741438222,0.04804153148886033,0.05307708622666423,0.051810171461684255,0.04823874559631529
P_ij_51_52,0.011064653900442433,0.016165303275749113,0.014003626905966972,0.011304342391830856,0.015918398730600997,0.015305379708227353,0.011688293030210465
P_ij_52_53,0.001666681639238626,0.00616711945471094,0.003645707974198479,0.0008132639350299064,0.005307021184852961,0.004880685475417443,0.0012505238434067974
P_ij_53_120,1.432316096345364e-30,4.523568765495382e-33,3.67234615106911e-33,-6.263721051920446e-28,2.4058711893829854e-33,3.26931130643282e-36,8.392709826248235e-36
P_ij_54_55,0.3751266718612714,0.5324110399914139,0.47553506256922135,0.39923579208712523,0.53794723852835,0.5182815532902905,0.4127548337005261
P_ij_55_56,0.365408605929748,0.5217911534978886,0.46468388253923765,0.38835289310439786,0.5266706933335629,0.5072495870807769,0.40191680523683476
P_ij_56_57,0.007067129873385919,0.012334615309356109,0.010679164937637297,0.00816058454162835,0.012948044169221842,0.012431243586541088,0.008791175781717111
P_ij_56_59,0.3581527785822694,0.5090853441043647,0.45371212465271415,0.3799615381770504,0.5133260967525486,0.49445668215657607,0.3928896637700508
P_ij_57_58,0.002366732989105679,0.007333917174466488,0.005498580619901364,0.0029134371714580965,0.0076406133334023405,0.007217197912253438,0.003570681363832938
P_ij_59_60,0.008701448032435255,0.00883482386861615,0.008494722012640005,0.008394708781770947,0.00828137787791186,0.008094650166196215,0.008131316065771365
P_ij_59_62,0.3489400542388117,0.49925229043144653,0.4444289084237615,0.3709428286812575,0.5039791801700134,0.48539003797437735,0.38412081252963537
P_ij_60_61,0.0040003579050974115,0.0038336598268798277,0.0033135803416721463,0.003146892698173549,0.0029735420071606033,0.0028801965378793637,0.0029101988038341786
P_ij_62_63,1.2138037033362335e-40,-5.307108427476816e-48,1.3503152850407493e-42,1.3955039667251718e-26,-1.6947220243427652e-49,3.196575276187832e-44,-5.223732942626918e-46
P_ij_62_64,0.06581441551177789,0.10094545843843518,0.0850393745269431,0.06613696950470041,0.0984455355993478,0.09435038137224484,0.06916351491104089
P_ij_62_125,0.27971308844818604,0.3889068577551109,0.3522616243297752,0.30061182180939766,0.3956847164116985,0.38182388448807336,0.31006676756911133
P_ij_63_122,5.810527917802311e-41,-5.4571173468307405e-48,7.247449971622439e-43,4.360948535263901e-29,-7.071958536173926e-50,6.742038290148723e-44,-8.426273027818263e-46
P_ij_64_65,0.05637780739547434,0.09085753834774143,0.07461824512813311,0.05560157971236856,0.08774304786739816,0.08384368674012806,0.058679866799141965
P_ij_65_66,0.046960471304809376,0.08080929755716539,0.06422696319156886,0.04508881787139159,0.07708179158006331,0.07337444052609372,0.04821941309793592
P_ij_66_67,0.02930871547710971,0.061979989606144495,0.044752556077055174,0.025384950799800153,0.05710469235692424,0.05375618887561699,0.02861374655056023
P_ij_67_68,0.0176290809725091,0.018754710339863007,0.019430007725692623,0.019680135687493733,0.019905340973723578,0.019555128527704642,0.019580075191777246
P_ij_69_70,0.022141989284333627,0.03235037539241757,0.02800389508734362,0.022622799409393726,0.03185705099577549,0.03059305361600064,0.023450220753171627
P_ij_69_74,0.17361974193243265,0.23530996505142351,0.2167441752951712,0.18891752390689032,0.24160752398497293,0.23362807078692235,0.1942468665976601
P_ij_69_99,0.0836308054194017,0.12064842295802994,0.10702666389695266,0.08867480207077458,0.12157359078166258,0.11701082357209666,0.09196564537157527
P_ij_70_71,0.01743722046568333,0.027340457425142104,0.02281646248421953,0.01737067226055265,0.026540235671495105,0.02537050992295267,0.01822458855223203
P_ij_71_72,0.012701326451240023,0.012668111464796943,0.01180798738791244,0.011541349853750629,0.011254786874787925,0.010974674533853864,0.011041315143961476
P_ij_72_73,0.007998771707040225,0.007665466302929371,0.006625552711863554,0.006292268009005086,0.005945674042869488,0.005759019924970003,0.00581900475057168
P_ij_74_75,0.023544200150416732,0.034684424738831376,0.03175399653891407,0.02682818977058654,0.036527321230501154,0.0352561041272604,0.02807031642809169
P_ij_74_78,0.1499741040323025,0.20044759895301,0.1848401825131076,0.16196199754988003,0.2048851062987975,0.19819248425604338,0.16604764805358063
P_ij_75_76,0.018803973808404047,0.020005000915372228,0.020725460483415815,0.020992345378132046,0.021232707529714075,0.02085901558323979,0.020885573447760368
P_ij_76_77,0.009399578096478421,0.00999972313425439,0.010359775319105455,0.010493138656722202,0.010613202513623582,0.01042648203538534,0.010439789325602968
P_ij_78_79,0.03960821149876646,0.06937021513774898,0.056654940128565666,0.04056979474749501,0.06838278606384329,0.06513574674306491,0.0436413579993497
P_ij_78_88,0.052733223522419936,0.06973007934193336,0.06464726434367876,0.05704895715931426,0.07138940221510034,0.06909540193641411,0.05838907574661317
P_ij_79_80,0.03626915746453609,0.05701978201078196,0.0493633719785802,0.038935969539657195,0.05775168626887149,0.05540089028684298,0.04107611087923463
P_ij_80_81,0.009397898824961472,0.009997786963717465,0.010357715244341174,0.01049102344201812,0.010611005632946693,0.010424372635335752,0.010437699639870401
P_ij_80_82,0.02686979287007794,0.04701847037744603,0.03900306805352955,0.02844313276179099,0.04713693024141809,0.04497313305851602,0.03063650589669364
P_ij_82_83,0.017468451391429912,0.037009858344256776,0.028638191438927058,0.017947926982097715,0.03651467469678337,0.03453875245672874,0.020194245195954894
P_ij_83_84,0.009432698313583388,0.01966438890343392,0.016192175369585386,0.011072577325802916,0.020584376136115648,0.019594034661723346,0.012398892458583503
P_ij_83_86,0.008035207400223052,0.017342999204459766,0.012444565111947303,0.006874718098870542,0.015927820964099906,0.01494254511519182,0.007794611871148068
P_ij_84_85,0.0047003044496536275,0.005000330124170271,0.005180344207265805,0.00524701649688689,0.005307022930178471,0.0052136812915242175,0.005220347431298458
P_ij_86_87,0.003333009050864368,0.012333701549618069,0.0072595827990922235,0.0016263456999174625,0.010613116270757473,0.009722212416840377,0.0025725443976440804
P_ij_88_89,0.04801044266811692,0.06469122852133205,0.05943410549178091,0.05177412735307501,0.06604046029377714,0.0638430465196881,0.0531405244164553
P_ij_89_90,0.009398495496082052,0.009998475294690796,0.01035844741994984,0.010491775310571386,0.01061178687760637,0.010425122627876406,0.010438442365605993
P_ij_89_91,0.02920235937102313,0.044674036577845994,0.03870050853394707,0.03077690743824756,0.04479500496763419,0.04297271848211281,0.03224970508430829
P_ij_91_92,0.004732376354080339,0.014665208990936927,0.011018217553808784,0.0058255746185902285,0.015278603729858745,0.014375263903775266,0.0071789069698865015
P_ij_91_93,0.024467416024086544,0.03000291458864604,0.027677926213531732,0.024948240331126987,0.029510195663360553,0.028591853243886068,0.0250675701746393
P_ij_93_94,0.007998845568116628,0.007665535587762408,0.006625604986498017,0.006292317024836969,0.005945722112566178,0.005759064519373849,0.005819049058370491
P_ij_93_95,0.016467103196859,0.022335146256264687,0.021050405788524882,0.018654250211744626,0.023562159044051463,0.022830645743032205,0.01924685132468481
P_ij_95_96,0.009398977660339095,0.009999031779546539,0.010359039217236594,0.010492383046551255,0.010612418598464608,0.0104257289976448,0.010439042681398999
P_ij_95_97,0.007067373585062475,0.012334801721793033,0.010690224702402013,0.00816088952603647,0.012948262171344975,0.012403549823762227,0.008806812575988088
P_ij_97_98,0.004700476330743697,0.00500052843917779,0.005180555141866329,0.005247233107978196,0.005307248031242333,0.0052138973781369925,0.005220561405018518
P_ij_99_100,0.022130443739118568,0.03233152450105377,0.027991618203871322,0.022610617190023875,0.031838273884878664,0.030574633759609626,0.023436508466856083
P_ij_99_124,0.06148094842319064,0.08827723107061468,0.07900420993918823,0.06604067003760528,0.08969325624652014,0.08639791170785703,0.06850490808733306
P_ij_100_101,0.012731361148557096,0.02233096928054029,0.017631940848870223,0.012118264443857798,0.021224470304830417,0.020147745562529656,0.012997421199114753
P_ij_101_102,0.009397982187007952,0.009997882849729613,0.010357817354643755,0.01049112827503404,0.010611114320978686,0.010424477065462732,0.010437803234785268
P_ij_102_123,3.4306107511974007e-37,-9.253832559425631e-32,-1.38696081240376e-31,2.57877799118719e-26,-4.628553368547079e-32,5.676486743490137e-33,-3.493821056402939e-34
P_ij_103_104,0.018838381884564038,0.029686709353513852,0.026574733994836702,0.021574217040037678,0.031222673685895125,0.03003637130204572,0.022846962257587675
P_ij_103_107,0.04263189432267733,0.058569068022673414,0.052412525557483956,0.044453305908539555,0.05844755869080584,0.05634054833250758,0.045644412470158977
P_ij_104_105,0.014133936666439157,0.024676788997174872,0.021386954519482148,0.016321687558755345,0.025904912020040607,0.024812941785762228,0.017620834049317878
P_ij_105_106,0.0047328936969428925,0.014669819997655705,0.011022677485413555,0.00582638153412283,0.01528366433052322,0.01437938281842481,0.0071785160004584295
P_ij_107_108,0.017401540386872083,0.017668795950621364,0.016989048457748825,0.0167892045858844,0.016562805242064087,0.01618925428036355,0.016262515436390613
P_ij_107_110,0.025224879658331843,0.04089001059814753,0.03541531074328816,0.02765763435030746,0.04187399270664567,0.04014146211564438,0.029375300752347448
P_ij_108_109,0.009400418794205558,0.010000691623554653,0.010360805920365907,0.010494197046231503,0.010614301158372624,0.01042753709195011,0.010440834962443152
P_ij_110_111,0.025222537290528195,0.04088411584400355,0.035410995139465835,0.0276546525605679,0.04186762604632034,0.040135726121496525,0.029372149367341893
P_ij_110_121,-2.784073734329329e-32,-2.2695775586847642e-31,2.5906961858943713e-30,3.177862834513687e-26,9.921244590202913e-34,3.710095226905311e-34,1.1049071643457783e-37
P_ij_111_112,0.020476290255446592,0.026185572754669855,0.024372584359482957,0.021811491582703325,0.026553058971995464,0.02572616124624078,0.02217224684184033
P_ij_112_113,0.004700928598640286,0.005001050283993834,0.005181110085637316,0.005247802775838435,0.0053078401523430525,0.005214465842233298,0.005221124199558107
P_ij_112_114,0.01576913568537994,0.021174432630542275,0.01918275894002251,0.016556141722156352,0.021234353331055715,0.020501641528176105,0.016943517214442507
P_ij_114_115,0.011067396516329325,0.016171491133311847,0.014000302821410935,0.011307419678738473,0.0159245742264562,0.015285436404531673,0.011721435311057288
P_ij_115_116,0.0016667560243920515,0.006167605400020362,0.0036381571756010944,0.000813278683260699,0.005307363557310106,0.004855471647411257,0.0012805019393227774
P_ij_117_54,0.38519878603254043,0.5437029347950362,0.4869257523014196,0.41055268604253103,0.5499446246347846,0.5299728814683077,0.4240354570237954
P_ij_118_37,0.13941256865126717,0.22198385310678276,0.19553736087904455,0.15592710014967393,0.2301198699249405,0.2213555398050898,0.16485036861870397
P_ij_124_103,0.061480947687226506,0.08827722959115157,0.07900420877027664,0.06604066913097201,0.08969325465877655,0.08639791026022768,0.06850490715406228
P_ij_125_128,0.27971307265901196,0.3889068282952373,0.35226160034740644,0.3006118022696271,0.3956846845650504,0.38182385533151175,0.3100667476678777
P_ij_126_16,0.014099335434845586,0.014999403371814709,0.015539437414157533,0.01573945356228625,0.015919479263053968,0.01563945269015773,0.015659445832584266
P_ij_127_28,0.015067957990758668,0.020003929523786722,0.017312674243837336,0.01445483665503477,0.018897464976122463,0.01818980832766849,0.014610986769914966
P_ij_128_69,0.27971305686983794,0.3889067988353638,0.3522615763650377,0.3006117827298565,0.39568465271840236,0.3818238261749502,0.31006672776664396
Q_ij_1_2,0.29531765799016746,0.3487359070215461,0.3029456672495876,0.3807276714738638,0.4141406746638325,0.37780873822677363,0.34619015902931655
Q_ij_2_3,0.2953175692701762,0.3487357284008755,0.30294552682619796,0.3807275615120696,0.41414048252994246,0.37780856278897385,0.3461900464297431
Q_ij_3_4,0.002349968677938427,0.002499981244690594,0.0025899888124136083,0.002623325255134409,0.0026533287820192583,0.0026066574748576485,0.0026099905939858214
Q_ij_3_5,0.010276949141721368,0.0109671983914802,0.010182127228710348,0.011632317783846862,0.0117355861019826,0.01111010953416984,0.010812241755307253
Q_ij_3_9,0.2821371690962135,0.3299658115109163,0.2880599372376056,0.36268002897034984,0.3915061322112581,0.35748824956364916,0.3298668462851543
Q_ij_5_6,0.004701164879129056,0.005001305896204619,0.0051813905059149715,0.005248089904948543,0.005308122836956849,0.005214742298800312,0.0052214097460425634
Q_ij_5_7,0.005569953834149759,0.005956726162882562,0.0049923889848518775,0.006376773853637958,0.006417189548200517,0.005885722853533776,0.005583302996226342
Q_ij_7_8,0.004701398876673663,0.005001571826031757,0.005181675385893347,0.005248382146646604,0.005308422815092925,0.00521503151458774,0.005221698917630284
Q_ij_9_10,0.27955094945673237,0.32419724346642537,0.2829743018997677,0.3582717373653489,0.38413900588517674,0.350712934398879,0.3251524831089906
Q_ij_10_11,0.00869406766891948,0.009415792221818159,0.007396560790100449,0.010054791710018432,0.010183636098570967,0.009153881354766346,0.008540326685189177
Q_ij_10_14,0.002350029629206431,0.002500051584278358,0.0025900635996484005,0.002623402031732461,0.0026534085804180577,0.002606734087937734,0.0026100664348002512
Q_ij_10_15,0.266586085307177,0.30842330121218625,0.26994696879546776,0.3432048298167003,0.367142097458312,0.33515443672580536,0.31155641375061793
Q_ij_11_126,0.007051471229198638,0.0075016770756006785,0.0077717937672633864,0.007871840577000907,0.007961894033320203,0.0078218244773195,0.00783182056444142
Q_ij_15_20,0.10377801259180026,0.11614847004873917,0.0992171815428855,0.12792107142286674,0.13340116519447834,0.12158618008209342,0.1141741585082379
Q_ij_15_36,0.0032908058600511674,0.004325174427240373,0.0032178706768198817,0.006361932856977038,0.007085377748153405,0.006057387205503954,0.005358148554804232
Q_ij_15_117,0.15685494209544854,0.18260158407817464,0.16330337829876698,0.20561726163449456,0.2208967445468565,0.2022554908546833,0.18864176389633447
Q_ij_16_12,0.002350059293073661,0.002500085466105814,0.002590099806502002,0.0026234391692005763,0.00265344686114681,0.002606770948911031,0.0026101031663865507
Q_ij_16_13,0.0047014118531105925,0.005001591514865693,0.0051816938595479435,0.0052484013039456765,0.005308447065302504,0.005215053425462234,0.005221717295329412
Q_ij_17_18,-0.0037619200109964396,-0.0031815775122816287,-0.004556740226462358,-0.0015110084120171074,-0.000881188724644744,-0.0017685498698989048,-0.0024749477362676644
Q_ij_17_19,0.0023501796441838555,0.0025002236916910206,0.0025902470989589673,0.0026235903521567793,0.002653603402415032,0.0026069214306449857,0.00261025258468327
Q_ij_20_21,0.006328438775936997,0.006914969500650572,0.004806855065361396,0.007418221775862145,0.00752935453652337,0.006513849991383772,0.005919875994322799
Q_ij_20_23,0.01755297488031627,0.020271256155544252,0.019649084068717956,0.024804538937646965,0.026411122126160324,0.024510860965920957,0.023485547941829676
Q_ij_20_118,0.07899285387801849,0.08703638332298666,0.07326648887862247,0.0945450294925518,0.09735828482168551,0.08864562193906024,0.08358526950776876
Q_ij_21_22,0.0016256152066226118,0.0019075514920473705,-0.0003786174832035902,0.002167801869793174,0.002214447110517408,0.0012930407708288383,0.0006958814084446459
Q_ij_23_24,0.004702741334275485,0.005003119536434581,0.005183321500987267,0.005250072260223716,0.005310178049480139,0.005216717020894376,0.005223368427131107
Q_ij_23_25,0.01282947438848367,0.015233723090150352,0.014436988076930286,0.01953029399060632,0.02106496290887522,0.019260863495145303,0.018237825678817987
Q_ij_25_26,-0.0006976467253267554,-8.727824352843283e-5,0.00100857857393884,0.0015612952768858288,0.0022135943109462507,0.0021198372737545267,0.002057296666068742
Q_ij_25_27,0.013515370583036035,0.015300045823250112,0.01341167489324534,0.017955618329051674,0.018829866679249695,0.017121267446609592,0.01616697726079841
Q_ij_27_30,0.011031591230151959,0.011914363994735146,0.00998800508801342,0.012668715315464813,0.012835501436694752,0.011728260395335035,0.011139457989031966
Q_ij_27_127,0.0024745149365068653,0.003367620884977655,0.0034092667395555186,0.005275612826637467,0.0059750947391338655,0.005375325620053255,0.005015943535991398
Q_ij_28_29,-0.000697600284075284,-8.705101127309852e-5,0.0010087531052603606,0.0015613067114535134,0.0022137491525305577,0.00211998555796189,0.0020574454026219395
Q_ij_28_33,0.0031703177738348163,0.003451462229835564,0.0023980990798195584,0.0037124690614913584,0.003758268455962737,0.0032525308427779013,0.0029566489909766975
Q_ij_29_35,-0.0006979914262183544,-8.74117986784772e-5,0.0010084789548748447,0.0015610500521594255,0.002213500974023282,0.0021197541006481332,0.0020572130849761663
Q_ij_30_31,0.009403913486408347,0.0100044434690937,0.01036472607393136,0.010498177119905121,0.01061832531700327,0.010431479932816382,0.010444791763444145
Q_ij_31_32,0.004701013566816147,0.005001141615564405,0.005181210444088613,0.005247905552278025,0.005307940704238001,0.005214564405285133,0.005221226392440002
Q_ij_32_119,9.554797218279332e-37,-4.016115706777757e-33,-1.7356287973235352e-35,-1.408591826185826e-28,-5.741563737216201e-33,-1.5452219251926172e-34,-3.2121326348736316e-34
Q_ij_33_34,0.0008199691838345845,0.0009500972471117202,-0.00019281541816895708,0.0010886111067135785,0.0011034032411619153,0.0006444985616838111,0.0003460690132220891
Q_ij_36_17,-0.0014114551526164822,-0.00068005165414832,-0.0019658119150104403,0.0011127908573781784,0.001773528789877708,0.0008393494512337112,0.00013556349764774016
Q_ij_37_38,0.0051835109267386135,0.005914914734065307,0.005498380831802644,0.007127866355970332,0.007526102306769393,0.006929172608244086,0.006602247943490078
Q_ij_37_42,0.0719917827914845,0.07878404521965487,0.0678182404071079,0.0849987161384151,0.08714368027027705,0.07998848804264969,0.07602658569472161
Q_ij_38_39,0.004701670237340227,0.0050018943723330895,0.005182013210361582,0.005248729515524816,0.005308792476966973,0.005215383621883545,0.0052220408100377156
Q_ij_38_40,0.0004778927264358289,0.0009060112770434443,0.00031062814340210244,0.0018744506597918925,0.002209917703249683,0.0017069738334980465,0.0013754558851772475
Q_ij_40_41,-0.0018723135637210486,-0.001595114567312593,-0.002279960664994277,-0.0007490588211377222,-0.0004444441862900549,-0.0009005825091163909,-0.0012347602474786883
Q_ij_42_43,0.0023501537912377153,0.002500195582423363,0.002590216255684953,0.0026235588017990423,0.0026535721759583394,0.0026068909344963806,0.0026102211705169736
Q_ij_42_44,0.06954441924407043,0.0760759439585791,0.06506644917107138,0.0822482761382953,0.08425974131599068,0.07717201224445366,0.07328691529569815
Q_ij_44_45,0.004702631717544619,0.005002998038416395,0.005183189417822627,0.00524993684851763,0.00531004188893267,0.00521658483167683,0.005223233946661887
Q_ij_44_46,0.062402008956505974,0.0683766293196483,0.057142234391127665,0.07425758012950717,0.07607897442488255,0.0691513105628025,0.06533377333380429
Q_ij_46_47,0.00047459694985054477,0.0009052683352919493,0.0003111948635832579,0.001872428218447258,0.0022093223000002383,0.0017044659744299146,0.0013790735336877626
Q_ij_46_49,0.06187125011670401,0.0673395858499871,0.05673292385889943,0.07231127784070816,0.07372407436804973,0.06731530414793353,0.06387906534041345
Q_ij_47_48,-0.0003429516373118939,-4.5155614566738825e-5,0.0005029127014282573,0.0007854765546858894,0.0011057129529223975,0.001058730176843016,0.001027446044504132
Q_ij_49_50,0.01901901326443114,0.021268322954821818,0.009671693598813794,0.023116770299186008,0.02357023699529374,0.018522888878808406,0.015413635945638507
Q_ij_49_51,0.02516367539964588,0.027175765233571153,0.02752653033697679,0.029435457428229044,0.030092068600853523,0.029096024702613466,0.028804608725814952
Q_ij_51_52,0.0028233379350645553,0.003406043155515127,0.0029022048818090106,0.004494987898451423,0.004863561384779161,0.004311953869670719,0.003990934986965758
Q_ij_52_53,-0.0018775571447804844,-0.0015956074986113425,-0.0022790965508478326,-0.0007526958027201749,-0.00044479938133922534,-0.0009029392140847498,-0.001230102692211412
Q_ij_53_120,-1.3700596001613943e-35,9.795700958820461e-37,4.553679043644434e-34,-1.2817307199386432e-27,3.6510187381691364e-37,5.0061842362599e-36,-2.9149260343985796e-36
Q_ij_54_55,0.15077377077650683,0.17495111651063744,0.15600752358501055,0.19867875659717846,0.2127505915657467,0.1944472198838214,0.1816950190132046
Q_ij_55_56,0.14541613067562256,0.1686739011187494,0.14981418469590602,0.19262716399468613,0.20607748787299382,0.18798637004016433,0.17565275840666536
Q_ij_56_57,0.0031693868884798476,0.0034503368973933545,0.0023967589656865066,0.00371140734769506,0.0037570266441570317,0.003255368635961577,0.0029553096292307614
Q_ij_56_59,0.1418588656459523,0.16446055415945535,0.14681598466862017,0.1884413952985685,0.20150532571570762,0.18398758643234664,0.17221240820257502
Q_ij_57_58,0.0008192889566582207,0.0009496652614882845,-0.0001936510839968284,0.0010878872467788795,0.0011029327365282453,0.0006480337209171664,0.00034509058112934814
Q_ij_59_60,0.002007486380912313,0.0024554764127499296,0.0030935168279528627,0.0034089244381208072,0.0037596569002261455,0.0036659836802385225,0.003638029535804822
Q_ij_59_62,0.13880364061782152,0.15995944425611613,0.1421066373284207,0.18375373048097407,0.19556210181487424,0.1783297332414823,0.16726790264385433
Q_ij_60_61,-0.00034314598195182773,-4.5200707485003817e-5,0.0005028805273527135,0.0007849536617533342,0.0011056720965070637,0.0010587057519934496,0.0010274220221070081
Q_ij_62_63,1.2929916450186948e-40,-2.9371380026911954e-42,1.2748976579221107e-42,2.8520612295420184e-26,-3.500795559341235e-33,-7.300368147028142e-44,6.130680781421075e-46
Q_ij_62_64,0.019615116730792533,0.023983095528272602,0.02038043128067221,0.0313666555113158,0.03418411268406632,0.03030148048924278,0.027810850523991612
Q_ij_62_125,0.11623245434809393,0.1307949567786285,0.11858907320701836,0.1486803489280103,0.15575192913319177,0.14327160614109447,0.13643637804692532
Q_ij_63_122,2.332833467991708e-43,1.9375374062211043e-47,6.233908228434434e-45,4.360948535263901e-29,1.944459157961781e-47,-3.8746673392347035e-47,-2.6205888553602462e-48
Q_ij_64_65,0.014896295462806054,0.018939707610004124,0.015169772817489949,0.026098410527057487,0.028833380745282012,0.02504846288350373,0.022568520549773166
Q_ij_65_66,0.010186686133917976,0.013915295328777437,0.00997338432388792,0.020840980650401787,0.023502364798932092,0.01981335163872548,0.017337276834913144
Q_ij_66_67,0.0019465952635847983,0.0051250296378151095,0.0008822671265004485,0.011642944425834436,0.014176330883151575,0.010654910852784177,0.008185063717115195
Q_ij_67_68,0.008229292385953851,0.008754741940607873,0.009069973484824854,0.009186734389720574,0.009291862098070355,0.009128380981936341,0.009140025596086286
Q_ij_69_70,0.005622201354684628,0.006837300103420508,0.0058215737146373675,0.008973735954668218,0.00975159589587517,0.008610010085180588,0.007954789847198761
Q_ij_69_74,0.08242734675011562,0.09103187572592873,0.08448595060931702,0.10105496468586089,0.10459782515961445,0.09746665523595197,0.09392555957912976
Q_ij_69_99,0.027526045023533275,0.03170019128897549,0.02728383437843876,0.037838754751763105,0.04007762382434488,0.035981969545404766,0.033728097495949294
Q_ij_70_71,0.003267839441142577,0.004327747591868839,0.0032245592800582727,0.006345394465783628,0.0070885070303026146,0.005994529843720417,0.005339604897935949
Q_ij_71_72,0.001646199482354962,0.0024140242728588534,0.003599926500292955,0.004180042447249422,0.004868238582202869,0.004727858573829164,0.004668636455106626
Q_ij_72_73,-0.0007059164564489896,-8.815309778688866e-5,0.0010079805669866869,0.0015547896522689136,0.002212960423693841,0.002119364255045888,0.002056820502637018
Q_ij_74_75,0.011034730550724788,0.011931528759758758,0.010004553895337385,0.012676554565325761,0.012854924137084814,0.011706277775069517,0.011132911439106474
Q_ij_74_78,0.07118399894054622,0.07873439209457653,0.07417291387429471,0.08811652921638066,0.09134166491557691,0.08539125327230845,0.08252754756185975
Q_ij_75_76,0.009409262496683566,0.010010637763164043,0.010371304082757734,0.010504932875840513,0.010625366803949333,0.01043823267324958,0.010451463140194982
Q_ij_76_77,0.004702189902189144,0.005002504041781264,0.005182657203382989,0.00524939142156243,0.005309489583326392,0.005216049708171232,0.005222693682661997
Q_ij_78_79,0.008165308189881251,0.010626384426473068,0.006108590211400405,0.014868619266047016,0.016455508609337418,0.013291493564747948,0.011361998496838086
Q_ij_78_88,0.020605191400271602,0.022913495041793207,0.021279389579054373,0.025886431992998837,0.026913601748263478,0.02498403430047153,0.024042740226978318
Q_ij_79_80,0.011942252374173288,0.013769995637893438,0.010635298920505182,0.016385405885677853,0.01729734614623014,0.015096133042905392,0.013840267277188279
Q_ij_80_81,0.004700746048190105,0.005000839379327409,0.005180885924916101,0.00524757276168337,0.00530760079997513,0.005214236104881889,0.0052208969526569005
Q_ij_80_82,0.007238498971326196,0.008761924608831602,0.005449101736892051,0.0111341126590648,0.011982050571318823,0.009874952686886368,0.0086154610869831
Q_ij_82_83,0.0025306930842080573,0.00373888483894527,0.0002535293891254927,0.005877963223621132,0.006651378181595262,0.004640192070857181,0.003385210722558905
Q_ij_83_84,0.003967510263738812,0.004406288608847182,0.0022104896565457227,0.004784624007738899,0.0048664903404001475,0.003858725568933338,0.0032778955945977585
Q_ij_83_86,-0.0014379409512701822,-0.0006724909893427273,-0.0019599483776977403,0.0010920385827708917,0.0017797854641049536,0.0007769920722087627,0.00010578938365964957
Q_ij_84_85,0.002349907252049155,0.0024999141164039353,0.0025899155279858195,0.0026232502177614228,0.002653254250089696,0.0026065847971220167,0.00260991603514236
Q_ij_86_87,-0.003789697034816394,-0.0031814164509626486,-0.004554479411864487,-0.0015324962055729319,-0.0008811650259650955,-0.0018362478167020867,-0.0025057816080103737
Q_ij_88_89,0.018209279590109526,0.020334736958247182,0.01862230922701713,0.0232062536777653,0.02417454792407729,0.022298291509093897,0.021375096634955685
Q_ij_89_90,0.004701091999430108,0.005001238564006319,0.005181310534506981,0.005248008804592765,0.005308053937165639,0.0052146710853985334,0.005221327683505396
Q_ij_89_91,0.008783528124241597,0.010289839618544825,0.008224445005804963,0.012681169211591162,0.0135125281496759,0.011826763401552809,0.010902844962435335
Q_ij_91_92,0.0016169881775702235,0.0019064570054776716,-0.00037890298334891616,0.002160788621299146,0.002213303957740678,0.0012460282273829347,0.0006674577114661018
Q_ij_91_93,0.007161260659476451,0.008371221918526212,0.00859437139368003,0.01051402056671074,0.011286461784176294,0.010569215448599864,0.010228748657831663
Q_ij_93_94,-0.0007068996955205244,-8.810673122022857e-5,0.0010080241052932537,0.0015541342265668512,0.0022129915455957826,0.002119405912370236,0.0020568617848032884
Q_ij_93_95,0.00786514683051533,0.008454742935798296,0.007582413272372477,0.008956450061346809,0.009068716597808535,0.008445408181959138,0.008168457378005855
Q_ij_95_96,0.004701581846182146,0.00500180391508912,0.005181911760838278,0.005248626223524539,0.005308695722719876,0.005215287116107876,0.005221937564078175
Q_ij_95_97,0.003162020591724456,0.0034502428240552867,0.0023981562885139313,0.003705815917400024,0.003756984727222644,0.0032273136191287802,0.0029444740449392787
Q_ij_97_98,0.0023500096892232307,0.002500032314076885,0.0025900412631249064,0.0026233793400971778,0.0026533884292914314,0.0026067136000991376,0.0026100435856052573
Q_ij_99_100,0.005616841610318367,0.006828468642246149,0.005815181256037005,0.008968545760719673,0.009743032799069648,0.008601103493733131,0.007950549492474097
Q_ij_99_124,0.021869439707308227,0.0247904728967337,0.021405492992013792,0.028822044105428303,0.030248439210597035,0.02730246193391226,0.025727920701656734
Q_ij_100_101,0.0009136603391636369,0.0018219352642090028,0.0006302592051856875,0.003718238282755482,0.004429676832555332,0.003381693012946027,0.002726797885232495
Q_ij_101_102,0.004700914646981787,0.005001033301745646,0.0051810924382366475,0.005247784781104124,0.005307820610737998,0.005214447306349039,0.005221106468871013
Q_ij_102_123,2.619822408614332e-30,-4.7351751886783415e-32,-7.411524128009365e-33,5.279817327843586e-26,-2.5890165087683353e-34,-1.1310546585543994e-36,8.675675265254043e-37
Q_ij_103_104,0.008675800679158295,0.009430546312504017,0.0074084924538720094,0.010042373229112044,0.010200135870486753,0.009089811134342903,0.008510558880761718
Q_ij_103_107,0.0131717801573197,0.015315985050667282,0.013962282695210017,0.018752742961605395,0.020001145767701522,0.018169654760041457,0.017189642745446678
Q_ij_104_105,0.006321765952650021,0.006920989272683213,0.004811124682046014,0.0074136225890836715,0.007536085135150192,0.00647343060016141,0.005894869743753126
Q_ij_105_106,0.0016180923564245884,0.0019111429394296788,-0.0003760936960014966,0.0021620357597189354,0.0022184433373385634,0.001250209896099408,0.0006696144252879858
Q_ij_107_108,0.003999302055826106,0.004918001432867694,0.006194406328709279,0.006807945858471775,0.007526429566768131,0.007339215900528481,0.007283284725717792
Q_ij_107_110,0.009161219681784138,0.010376879831845017,0.00775108140701547,0.011931497103399684,0.012452585618132029,0.010810218461806116,0.009892792082467013
Q_ij_108_109,0.004703040125068753,0.005003483502593008,0.005183699480094465,0.005250461801672386,0.0053106006735722635,0.005217116716775421,0.005223751165679633
Q_ij_110_111,0.00915641035214473,0.010364776772804727,0.007742220645976019,0.01192537491808335,0.0124395136453364,0.010798441367438719,0.009886321685593903
Q_ij_110_121,-4.1780789247467467e-29,-7.6024363895997e-35,1.615798333000416e-31,6.51087790164208e-26,5.091605103659595e-34,5.658046439253689e-33,4.0350910617648365e-35
Q_ij_111_112,0.007524862811116653,0.008424534440074183,0.008096534116177475,0.009746418342508067,0.010189763280204992,0.009517690755293682,0.009201943092146819
Q_ij_112_113,0.0023504676997274164,0.002500560784957841,0.0025906032531974733,0.002623956241129134,0.0026539880687066705,0.0026072892821521042,0.0026106135260716454
Q_ij_112_114,0.005168078430445397,0.005913736810689254,0.005497088550783288,0.007114805059144839,0.007524751417769754,0.0069002011170000745,0.0065836133306775265
Q_ij_114_115,0.002816790160835411,0.0034112611357162152,0.002905122532252837,0.004489918246921652,0.004868800159461042,0.004291150836229999,0.003972030304709639
Q_ij_115_116,-0.0018864760488438233,-0.0015954615440194819,-0.0022799365928494217,-0.000760488464076996,-0.00044475142953727,-0.0009284283184911497,-0.0012518223126309382
Q_ij_117_54,0.156854913023717,0.1826015282852952,0.1633033337608475,0.20561722602311716,0.22089668477504157,0.20225543623105494,0.18864172755007053
Q_ij_118_37,0.07899284953345766,0.08703637359286877,0.07326648145795335,0.09454502383104237,0.0973582740922176,0.0886456121982916,0.08358526369861471
Q_ij_124_103,0.02186943897134409,0.024790471417270598,0.02140549182310221,0.028822043198795035,0.030248437622853445,0.027302460486282903,0.025727919768385954
Q_ij_125_128,0.11623243855891985,0.13079492731875492,0.11858904922464962,0.14868032938823972,0.1557518972865437,0.1432715769845329,0.13643635814569163
Q_ij_126_16,0.007051471187691446,0.007501677028286093,0.007771793716656665,0.00787184052507358,0.00796189397988476,0.007821824425846382,0.007831820513078692
Q_ij_127_28,0.002474514897003409,0.0033676208144370863,0.0034092666864895533,0.005275612786263548,0.005975094671506106,0.0053753255583135285,0.005015943495351799
Q_ij_128_69,0.11623242276974578,0.13079489785888135,0.11858902524228088,0.14868030984846914,0.1557518654398956,0.14327154782797133,0.13643633824445792
l_ij_1_2,0.5117939777976179,1.0303989239167506,0.8100524374228559,0.6343303607869719,1.108351865718949,1.0120380777170999,0.6495467678800554
l_ij_2_3,0.5117939777976178,1.0303989239167506,0.8100524374228558,0.6343303607869719,1.108351865718949,1.0120380777171,0.6495467678800554
l_ij_3_4,2.6285131155442067e-5,2.9842687274709718e-5,3.198079204809543e-5,3.281224076826087e-5,3.365455106278131e-5,3.245343931998144e-5,3.246881309917685e-5
l_ij_3_5,0.0005271733796464121,0.000828797827501181,0.0007547824773833245,0.0006739751164414677,0.0009289248763882151,0.0008720219134919663,0.0006807553317796116
l_ij_3_9,0.47029695031443375,0.9419849584205167,0.7425696964974469,0.5837068072168858,1.0145354743936097,0.926320884539712,0.5974324152827873
l_ij_5_6,0.00010517923434993409,0.00011943310790025608,0.00012798537151798958,0.0001313107153666547,0.00013469634433456277,0.0001298848257239708,0.0001299354135864147
l_ij_5_7,0.0001614399852247732,0.00032113345190496113,0.0002638806616233171,0.00021034306409449362,0.00035831919889671454,0.00033139039700377917,0.0002165350944492918
l_ij_7_8,0.0001052349420959998,0.00011951634486744928,0.00012806622114241152,0.00013139004043352524,0.00013479593115807743,0.00012997662709979686,0.00013001306924155994
l_ij_9_10,0.46555540811406304,0.935125778661015,0.7370068811346258,0.5789763762376142,1.008267642374132,0.9205305737200589,0.592782928562092
l_ij_10_11,0.0004144330189909308,0.0009397082080283508,0.0007336675087624079,0.0005474795619616238,0.0010475355170096754,0.0009604227570716588,0.0005723284372337883
l_ij_10_14,2.659497356770457e-5,3.0308921753266696e-5,3.242094566155419e-5,3.326836177157163e-5,3.422799523174045e-5,3.2972513312438605e-5,3.290687364125695e-5
l_ij_10_15,0.4314045429423919,0.8666045838703815,0.6819538169064818,0.5354733206884349,0.9331606796938072,0.8515843859407459,0.5480766538780069
l_ij_11_126,0.00023944018268937174,0.00027294096568717654,0.00029193211767105585,0.00029955022512204204,0.0003082500147998391,0.0002969300500890369,0.00029629325945310103
l_ij_15_20,0.05319778384484913,0.11336332081717447,0.08798673313632883,0.06788640709332659,0.12375527500073503,0.11277386649821909,0.0696631402351687
l_ij_15_36,0.00030515259215121673,0.0007494840277955876,0.0005156522158877978,0.00033331606203881414,0.0007405790631452101,0.0006693063454634702,0.00035004325339875144
l_ij_15_117,0.16770444750918,0.3218492169744372,0.2569233681971742,0.20542933143743236,0.3448022761530369,0.31510422449940073,0.2096686297422399
l_ij_16_12,2.6609275077645096e-5,3.033204206192238e-5,3.2442424800021154e-5,3.3288977587443495e-5,3.4255717765561176e-5,3.299780671731062e-5,3.292705272744239e-5
l_ij_16_13,0.00010640824045295423,0.00012129656208993345,0.0001297365647585157,0.00013312219754623824,0.00013698857704460386,0.00013195775590906173,0.00013167473679395815
l_ij_17_18,2.449736285341929e-5,0.00015880441634996044,7.131299306686538e-5,4.803565593645102e-6,0.0001113905585310855,9.694412461292391e-5,1.2196105363019207e-5
l_ij_17_19,2.678537926322426e-5,3.059975779675973e-5,3.269321767544233e-5,3.354935395724439e-5,3.4586176059951195e-5,3.329603030107188e-5,3.317678400126591e-5
l_ij_20_21,0.00023405223944675753,0.0006481141751272768,0.0004713965781475984,0.0003156393682797407,0.000721118923439085,0.0006523829667606341,0.0003375818955637265
l_ij_20_23,0.0033638251098302204,0.005576386831340582,0.004662634040454701,0.003916955235930163,0.005830407877118116,0.005392782085162783,0.003946308728106449
l_ij_20_118,0.02506222148407012,0.056129578817099735,0.0428071927365957,0.032659228110359456,0.061894472494353446,0.05619101910856511,0.03351093720859622
l_ij_21_22,2.4451361691319355e-5,0.00021610001902801134,0.00011935076830483894,3.796905249262509e-5,0.0002364807646944142,0.00020735132865717836,5.050951817834669e-5
l_ij_23_24,0.00010789662892130617,0.00012353232802444372,0.0001318393702812148,0.00013531602120224394,0.0001397410551515488,0.00013444472664713212,0.00013377342174365233
l_ij_23_25,0.002282310434952502,0.004070197426771439,0.0032503701476738526,0.0025988776285648715,0.0041763265264723294,0.0038377549687593445,0.0026321623663753254
l_ij_25_26,6.299482126397902e-5,5.809668209280441e-5,4.41486582820109e-5,4.133148715483306e-5,3.995974163433576e-5,3.726917807372665e-5,3.741165458974326e-5
l_ij_25_27,0.0016343459604572447,0.003186151065581793,0.0025408607782706314,0.001991714392170322,0.003399530865180472,0.0031192008773178997,0.0020420883769646514
l_ij_27_30,0.0006600686883832095,0.0013285136602013917,0.0010877167850953911,0.0008649191517414268,0.0014869253287741406,0.0013678778034030372,0.000893393388288237
l_ij_27_127,0.00022788134388823886,0.0004069233746212326,0.0003061186205419503,0.00023290273544117674,0.00039012041204194027,0.00035615445819422656,0.00023443534787809465
l_ij_28_29,6.30268011034166e-5,5.8135581762984905e-5,4.417530078629916e-5,4.135686876601231e-5,3.9990314757248804e-5,3.729594045671281e-5,3.743457030230647e-5
l_ij_28_33,5.865021794023633e-5,0.00016230416677031956,0.00011793538743213301,7.908817698648673e-5,0.00018061831030638406,0.00016343964180771974,8.451743273715109e-5
l_ij_29_35,6.30268011034166e-5,5.81355817629849e-5,4.417530078629916e-5,4.135686876601231e-5,3.9990314757248804e-5,3.729594045671282e-5,3.743457030230648e-5
l_ij_30_31,0.0004318250109744244,0.0004945239952593159,0.0005277060597625382,0.0005416314647834501,0.000559463238446773,0.0005382221162811275,0.000535442063356699
l_ij_31_32,0.00010796332213602457,0.00012363971390093667,0.00013193609399071257,0.00013541782925800892,0.00013987631931968274,0.00013456543000343925,0.00013387030223476626
l_ij_32_119,1.3396418044393259e-39,5.004139243202608e-43,5.74603490525615e-41,-3.4080647509421105e-26,1.9471934199521043e-42,2.7308219059870228e-42,3.5116007639143563e-44
l_ij_33_34,6.133937810371258e-6,5.411614978806315e-5,2.9835006057970936e-5,9.51950393358216e-6,5.922951072323998e-5,5.1956087497674527e-5,1.2640336079367096e-5
l_ij_36_17,6.452152722730814e-5,0.0002945777899866516,0.00015410477813564597,4.726153002478386e-5,0.0002520358932184688,0.00022121966082072736,5.851196645030294e-5
l_ij_37_38,0.00026951940657665333,0.00047849596459740033,0.00039182249929668755,0.00031991602779818027,0.0005046454540552685,0.00046525663301531724,0.00032435806205682643
l_ij_37_42,0.018881091004335077,0.04038160564699723,0.031382775022159595,0.024644187440275533,0.04474423429369092,0.040707754450750214,0.025142977001586263
l_ij_38_39,0.00010808579870109051,0.00012383547445588098,0.0001321072290323366,0.0001355944087564623,0.00014011002452614228,0.00013477402324631532,0.0001340351062996163
l_ij_38_40,3.990039937853681e-5,0.00012440055240977853,7.665680524431474e-5,3.964639577570933e-5,0.0001169903941491203,0.00010401122486611594,4.314119232361359e-5
l_ij_40_41,6.150126496560729e-6,4.0215510828311726e-5,1.8145135389249602e-5,1.204535156797849e-6,2.823262030829093e-5,2.4457459330928456e-5,3.0547801127400428e-6
l_ij_42_43,2.705425748151958e-5,3.1006104154329605e-5,3.3070934792232526e-5,3.394396321476411e-5,3.508336832138986e-5,3.3744440342447646e-5,3.355210727702032e-5
l_ij_42_44,0.017483372801453366,0.03817921182717648,0.0293840240022735,0.022858619871128038,0.04227560923360485,0.03840145987135036,0.023340477352709107
l_ij_44_45,0.00010835273089308227,0.00012423552691215753,0.00013248068152718696,0.00013598123054992458,0.00014059435555327312,0.0001352119195495308,0.00013440335943551646
l_ij_44_46,0.013612517093019878,0.03193965286047635,0.02378127263306392,0.017905594812853535,0.035285132052381527,0.031882767753166646,0.018332277927615846
l_ij_46_47,4.002251751710537e-5,0.00012490662461745093,7.705894773097525e-5,3.97833358705142e-5,0.00011750291042439706,0.00010439105553678014,4.323752504677944e-5
l_ij_46_49,0.012345567138764195,0.02826007077409891,0.021307061275095424,0.016325088143754867,0.0314204152349592,0.02843350006421666,0.01666898390061479
l_ij_47_48,1.582714450174746e-5,1.4626273307424439e-5,1.1102145811655445e-5,1.0402672219570269e-5,1.0062037231847941e-5,9.379884443508748e-6,9.404415532427589e-6
l_ij_49_50,0.0009624131719435121,0.006359104784237126,0.0034109991198194617,0.0014555016177242397,0.007000073198756192,0.006062036206437236,0.001622639582671977
l_ij_49_51,0.0025225605980388095,0.0033450513184051928,0.0032505343542736866,0.0031425567366340184,0.0037267408855808045,0.0035215591545697516,0.003120066616885599
l_ij_51_52,0.00012820758033499615,0.0002720496282233123,0.00020247212454731542,0.00014658591958778165,0.00027750983199888364,0.0002523215732047177,0.00015085471666756575
l_ij_52_53,6.197695628923914e-6,4.045487756018194e-5,1.8301795821488576e-5,1.2163977940963214e-6,2.841313324587214e-5,2.458811388487074e-5,3.0431933720297377e-6
l_ij_53_120,6.89661989971972e-39,-3.534039198970794e-42,-1.3304754980763181e-40,-1.2447183002213257e-25,-5.802291765505471e-43,3.396071738458292e-42,-3.4899719546446916e-43
l_ij_54_55,0.1593418273595621,0.30951083090877934,0.2455502711707119,0.19503433827694994,0.33113265126378866,0.30230983155726693,0.19923623838425145
l_ij_55_56,0.151184501156883,0.2974008672726628,0.23442560231441295,0.18489333688481888,0.31771797077678454,0.2897632264805831,0.18905581306009483
l_ij_56_57,5.8732871627265874e-5,0.0001625868114226913,0.00011802779611611654,7.922639034256742e-5,0.00018098150176339617,0.0001638709324610337,8.468581758686772e-5
l_ij_56_59,0.1452891938597007,0.2836665818991696,0.22406610003503008,0.17732204436936272,0.30279372637355956,0.2762111679671572,0.1811681268705703
l_ij_57_58,6.141729964421911e-6,5.420699275648562e-5,2.982933659216032e-5,9.534850115732321e-6,5.93445958730778e-5,5.211196524560261e-5,1.2670479875891898e-5
l_ij_59_60,7.842487339895542e-5,8.382799178549311e-5,8.095093659590538e-5,8.135562476069451e-5,8.289519712363023e-5,7.883766421169131e-5,7.852892902416686e-5
l_ij_59_62,0.13869067798409895,0.2740047796361634,0.21563570002825386,0.16982706359084035,0.29287181342221713,0.2669812223223858,0.1737032947667992
l_ij_60_61,1.5857358050023367e-5,1.4657937200144402e-5,1.1128407261584814e-5,1.0427411768604525e-5,1.0088904028077193e-5,9.403886242199535e-6,9.428277314432236e-6
l_ij_62_63,1.1442364474897737e-38,2.715291236768532e-47,1.1318439724087347e-40,2.515676416021772e-24,-1.7857950411742797e-47,-6.464598102539259e-42,6.72623262875863e-44
l_ij_62_64,0.004681989047032075,0.010866692602931311,0.007657801650042142,0.0053696204583270875,0.011033459422729805,0.009931035665633024,0.005559303010435593
l_ij_62_125,0.09108211227799118,0.169943500527023,0.1383457293533051,0.11271796547424937,0.18371195115407563,0.16819380181934468,0.11480311728723316
l_ij_63_122,1.3457284025640093e-38,1.1176962060644512e-42,3.5961192560738646e-40,2.5156756271608666e-24,1.121689117703232e-42,-2.2351573553725332e-42,-1.2222761979492578e-43
l_ij_64_65,0.003379822435609901,0.008711473766332037,0.005815330889497809,0.0037859881958732253,0.008683230893999819,0.007757831789593113,0.003959710239632084
l_ij_65_66,0.0022967979849749746,0.00680802493355511,0.004241250255167955,0.0024780332945617857,0.0066184213150376064,0.0058589199723431355,0.002632505524001746
l_ij_66_67,0.000859241723098587,0.003924337185340849,0.0020147290689172164,0.0007843409524111633,0.003535669176305452,0.0030521401924160463,0.0008892125373370126
l_ij_67_68,0.0003772704243147732,0.0004354530482183162,0.00046294523981613823,0.00047477482281177273,0.0004937527558578204,0.00047411292747611626,0.0004691822233574538
l_ij_69_70,0.0005199598868474477,0.0011087684705403619,0.0008227029258093889,0.0005961484328546466,0.0011334666361581334,0.0010263933658302634,0.0006159948705941388
l_ij_69_74,0.03680240183429216,0.06455850446980449,0.054419799627046954,0.046198700533204635,0.07078250630020706,0.06511760719076126,0.046766686793370336
l_ij_69_99,0.007723320985721517,0.015781172426399554,0.012267618154883527,0.009355085582797764,0.01673330246993651,0.015228464104402994,0.009639131284664397
l_ij_70_71,0.0003137310970579032,0.0007776142988001087,0.0005342881237290525,0.0003444071250481134,0.0007711820154210505,0.0006910632406330935,0.00036249588911843
l_ij_71_72,0.00016359140216007508,0.00016890995496421704,0.00015343152728410523,0.00015182143384043386,0.00015379512596417526,0.0001453168399530956,0.00014452590860803083
l_ij_72_73,6.433096244020012e-5,5.9712370683686e-5,4.524149021609371e-5,4.234859411918923e-5,4.1184350568435755e-5,3.834021776173236e-5,3.8325679586844206e-5
l_ij_74_75,0.0006748821396331541,0.001367638269301374,0.00111704730414161,0.0008880922993260924,0.001535185682968771,0.0014057503212661971,0.0009180210731709774
l_ij_74_78,0.02750996892399578,0.04714596415375184,0.03997671797431832,0.03429142278102532,0.05151896697476718,0.04743991792017068,0.03461400160466368
l_ij_75_76,0.0004416981327894988,0.0005092763276687221,0.0005418441618483875,0.0005563513566749672,0.0005778475529320373,0.0005548339903449118,0.0005496333262091203
l_ij_76_77,0.00011045184425339006,0.00012735321140215763,0.0001354983323547612,0.0001391266552413641,0.00014450328860455495,0.00013874734908314213,0.00013744640933589122
l_ij_78_79,0.0016344911019821153,0.0050140795303386275,0.0032768812511600226,0.0018858170609404828,0.005072927345493088,0.004508587266239867,0.002050131318547397
l_ij_78_88,0.0032034233993864453,0.0054845902172459245,0.0046745691686596764,0.0039642807217390025,0.005968971641726353,0.0055074084869298715,0.0040196261532649555
l_ij_79_80,0.0014578450514546996,0.003505614063406713,0.002574685426765791,0.0018035323417040525,0.0037301186066349156,0.0033662947377386273,0.0018950417442379958
l_ij_80_81,0.00011041403322715759,0.00012733779299068943,0.00013544966963490509,0.0001390873214584836,0.00014449694589692015,0.0001387293627820121,0.00013740014963249184
l_ij_80_82,0.0007743572126747239,0.002330958368722462,0.0015662631219030313,0.0009430745140420404,0.002428188629322428,0.0021649407175611157,0.001021721268750418
l_ij_82_83,0.0003116653003824525,0.0014108824056566012,0.0008287183727276136,0.00036071578872384617,0.001415086207167611,0.0012409321504207494,0.000423147814942349
l_ij_83_84,0.00010476360821537201,0.0004141448094783785,0.00026987100761416736,0.0001471571141016352,0.0004596691501689209,0.00040757450276443204,0.00016601542724049113
l_ij_83_86,6.666193058113448e-5,0.00030719654467577327,0.00016037143479612524,4.900796711774306e-5,0.0002639075627217301,0.0002288001571008766,6.13354983343958e-5
l_ij_84_85,2.762967413251784e-5,3.187639677216034e-5,3.389864261240345e-5,3.480953966054391e-5,3.617543167928369e-5,3.4727838695447565e-5,3.438560866048474e-5
l_ij_86_87,2.549198277894413e-5,0.0001656198118457331,7.426052770765224e-5,5.053005813112662e-6,0.00011665020743319955,0.00010013787406966503,1.3023663554451237e-5
l_ij_88_89,0.0026385024945160106,0.004689320982689641,0.003920807099434317,0.003256654223594389,0.005080925603394932,0.004673575659636719,0.003312431541185472
l_ij_89_90,0.00011059785165943925,0.0001275765787998912,0.00013570307439203833,0.00013935139741780414,0.00014478870797013867,0.00013900047881771236,0.00013765808932028373
l_ij_89_91,0.0009313249048625518,0.0021452816011410113,0.0015835711559155639,0.0011219788085127878,0.002251430496778569,0.002032207554620587,0.0011711215726649645
l_ij_91_92,2.505413861014721e-5,0.0002233260236625891,0.00012299600367005764,3.9104741926872285e-5,0.0002452123976228023,0.000213069271386561,5.254569902833003e-5
l_ij_91_93,0.0006510841808848048,0.0009907620886714455,0.0008499601081250928,0.0007424219645515328,0.0010270433597248645,0.0009509304329326661,0.000740956302557242
l_ij_93_94,6.460636821120938e-5,6.0023517020491427e-5,4.5460461452623144e-5,4.255996768596761e-5,4.142058265155661e-5,3.854824205824874e-5,3.8513018695363334e-5
l_ij_93_95,0.00033367228397908046,0.0005825242172723704,0.0005066949409047557,0.00043381934720037213,0.0006559720547912427,0.0006065602455920499,0.0004419966833536122
l_ij_95_96,0.0001106762838170338,0.00012769204806813863,0.00013581463870468422,0.00013946833349861185,0.0001449328653168531,0.00013913080897766405,0.00013777065578332682
l_ij_95_97,6.0071322219855054e-5,0.00016758635658698556,0.00012151072792335986,8.140136786665404e-5,0.00018710039950222557,0.00016817484242815015,8.719723116968555e-5
l_ij_97_98,2.7676957519457163e-5,3.193272923873782e-5,3.396295775906867e-5,3.4876549356946424e-5,3.624396599829577e-5,3.479284769633143e-5,3.4451876328731944e-5
l_ij_99_100,0.0005197549596311429,0.001108457683129957,0.0008226139685388419,0.0005960010418842007,0.0011332590521953428,0.0010260918218079535,0.0006157818919805112
l_ij_99_124,0.004245514543242751,0.008534494816335645,0.006743033902417678,0.005230043876102698,0.009159126335497078,0.008350857303437549,0.005383706178380829
l_ij_100_101,0.00016246783403322566,0.0005097102580153908,0.0003133579011686933,0.0001618893776439723,0.00048069628195333125,0.00042464186848839504,0.00017735795788304854
l_ij_101_102,0.00011013036424355298,0.00012692663819947373,0.0001350507822976049,0.00013867123261882222,0.00014399096423434253,0.00013827022196717827,0.00013700023279201293
l_ij_102_123,2.631437428817091e-39,2.2803311883370875e-42,4.198745152769497e-40,3.206055626930665e-24,1.8952937753320876e-41,-1.8734820900723618e-42,-3.6422406919671847e-44
l_ij_103_104,0.0004291032919616835,0.0009855978042977549,0.0007664830267778424,0.0005707982065384018,0.0011037540410445,0.0010024308219201716,0.0005979828855693731
l_ij_103_107,0.0019861102981665385,0.0037229422686623067,0.0029628174159257005,0.0023462676928798633,0.003904080638358836,0.003567102768861897,0.0023931820269107546
l_ij_104_105,0.00023927665706794646,0.000667766259973293,0.00048427224521560536,0.00032411768248446186,0.0007452473190328143,0.0006698796298039433,0.0003475324662525675
l_ij_105_106,2.4985417994220642e-5,0.0002226987276068208,0.00012267544626060953,3.897919562653554e-5,0.00024444853054126015,0.00021241644349768247,5.23593942986731e-5
l_ij_107_108,0.00031815113840632896,0.0003418713102145234,0.00032945856752664545,0.00033098759125979523,0.00033878892077652075,0.00032177903884410616,0.00031956591150550834
l_ij_107_110,0.0007187385210699649,0.0018087624278777283,0.0013242116391576349,0.0009149404906500229,0.0019535634067609792,0.0017600480779617473,0.0009669795643052762
l_ij_108_109,0.00011030515177378426,0.00012715012184513142,0.00013528904048596844,0.0001389193761804671,0.0001442622290552144,0.00013852281058600522,0.00013724281291266477
l_ij_110_111,0.0007187385210699649,0.001808762427877728,0.0013242116391576349,0.0009149404906500229,0.0019535634067609792,0.001760048077961747,0.0009669795643052761
l_ij_110_121,-3.717798826262806e-38,2.1182366999370468e-41,-7.062951242507544e-42,3.162531434428357e-24,1.678475300568266e-41,3.326052288460173e-42,-4.95589187304992e-44
l_ij_111_112,0.0004757007679624012,0.0007709230209301521,0.0006659026694457238,0.0005766415786173894,0.000830187117120886,0.0007681751370923412,0.0005810993363561991
l_ij_112_113,2.7632065659928448e-5,3.188227107117887e-5,3.3906142322929846e-5,3.481009035683066e-5,3.6179605487854754e-5,3.473305804873663e-5,3.438874513566083e-5
l_ij_112_114,0.0002754607817662883,0.0004928980096443076,0.00040236169606775097,0.0003283627870342557,0.0005213946254460453,0.00047817907175408555,0.0003334648255184697
l_ij_114_115,0.00013049229272495263,0.00027864612091053746,0.0002066433524051728,0.00014971398539573308,0.00028497050243797334,0.00025765837554111374,0.00015461760516707171
l_ij_115_116,6.3443534614761895e-6,4.143891095364588e-5,1.8646858229890882e-5,1.2549000707657871e-6,2.917949909269162e-5,2.500349408607709e-5,3.2394305168120048e-6
l_ij_117_54,0.16770444750918004,0.32184921697443714,0.2569233681971742,0.20542933143743236,0.3448022761530369,0.31510422449940073,0.2096686297422399
l_ij_118_37,0.02506222148407012,0.05612957881709974,0.0428071927365957,0.03265922811035946,0.06189447249435344,0.0561910191085651,0.03351093720859622
l_ij_124_103,0.004245514543242752,0.008534494816335645,0.0067430339024176795,0.0052300438761026975,0.009159126335497075,0.008350857303437549,0.005383706178380829
l_ij_125_128,0.09108211227799116,0.16994350052702303,0.1383457293533051,0.11271796547424937,0.18371195115407563,0.16819380181934468,0.11480311728723316
l_ij_126_16,0.00023944018268937169,0.00027294096568717654,0.00029193211767105585,0.00029955022512204204,0.0003082500147998391,0.00029693005008903697,0.00029629325945310103
l_ij_127_28,0.00022788134388823886,0.00040692337462123253,0.0003061186205419503,0.00023290273544117674,0.00039012041204194027,0.00035615445819422656,0.00023443534787809462
l_ij_128_69,0.09108211227799116,0.169943500527023,0.13834572935330508,0.11271796547424938,0.18371195115407563,0.1681938018193447,0.11480311728723315
v_j_1,1.0609,1.0609,1.0609,1.0609,1.0609,1.0609,1.0609
v_j_2,1.0608996635569572,1.0608995373609857,1.0608995912112416,1.0608996160730435,1.0608995089635207,1.0608995344983025,1.0608996183917379
v_j_3,1.0506491555124304,1.0473147934723803,1.0489314450743794,1.0488382044636104,1.0461114644029479,1.047001899959789,1.0491842519843417
v_j_4,1.0505408722198004,1.0471995982574922,1.0488121027057133,1.0487173261073766,1.0459892036467644,1.0468817895905946,1.0490639880244204
v_j_5,1.0499602487011914,1.0464760824069534,1.0481343794807663,1.0480596956446773,1.0452223073314788,1.046143580949341,1.0484122685100687
v_j_6,1.0497132372193763,1.0462133030721539,1.0478621394341854,1.0477839516064325,1.0449434096401666,1.045869588870418,1.0481379260754533
v_j_7,1.0494664876609006,1.0458133228021445,1.0475410983092097,1.0474962336800773,1.0445202212625904,1.0454735773046344,1.0478549978926932
v_j_8,1.0491575552633994,1.0454846694908508,1.0472006124542157,1.0471513653635725,1.0441714086307545,1.0451309001589446,1.0475118825722363
v_j_9,1.0433050703094713,1.0376349856218121,1.0403785369489744,1.0402068694264741,1.035578586442558,1.0370975115693375,1.0407992039686065
v_j_10,1.0384406391360612,1.0312386659034296,1.0347264057493946,1.034494210405024,1.0286220012123672,1.0305553034253645,1.0352530939950793
v_j_11,1.0378980861928098,1.0304692121545973,1.034058525284368,1.0338709444051406,1.0278071795444377,1.0297826714406615,1.0346359526089568
v_j_12,1.0377435886499817,1.0303048525780432,1.0338882485173237,1.0336984760703964,1.0276327387493376,1.029611298857892,1.0344643609069155
v_j_13,1.0375891388462428,1.0301405428115569,1.033718022862368,1.033526059298655,1.0274583498242724,1.0294399775489589,1.03429282059875
v_j_14,1.03830163771933,1.0310907916620848,1.0345732078360013,1.0343390407485136,1.028465056948589,1.0304011196154443,1.0350987130402136
v_j_15,1.0314669800746314,1.0220819661280707,1.02662800513797,1.0262993802433935,1.0186548986194814,1.0211814744214764,1.0272963341645622
v_j_16,1.037898071526757,1.0304691965522592,1.034058509120268,1.033870928032976,1.0278071629849992,1.0297826551725193,1.03463593632002
v_j_17,1.0311371283029334,1.0215209052828378,1.0261956137141985,1.0259174392675168,1.0180583367529958,1.0206293051844881,1.0269179121336462
v_j_18,1.0311528790109419,1.0212229160084925,1.0261098876001733,1.0259143489264788,1.0177403008881245,1.0203676701310833,1.0269172445375336
v_j_19,1.03092079970519,1.0212907674814726,1.0259571904829505,1.0256759473203352,1.0178140828355464,1.0203893475126402,1.026677647687079
v_j_20,1.0244796730929875,1.0128735789581544,1.0185867839836873,1.0181509745434159,1.0087135826465667,1.011840085936621,1.0194326412013308
v_j_21,1.0240315479338669,1.0121827725141965,1.018014353023021,1.0176310659957253,1.0079824362956413,1.0111541741267986,1.018918375396292
v_j_22,1.0238506210252631,1.0117121011893326,1.0177128608609936,1.0174035564166286,1.0074855544920027,1.010708085320912,1.0186959008282135
v_j_23,1.0239252450990022,1.0121870688709222,1.0179460014250652,1.01749465880966,1.0079535419160328,1.0111174365640636,1.018787520507024
v_j_24,1.0232760344926997,1.0114964099743573,1.0172304746983145,1.0167699213495558,1.0072205134159085,1.0103973035474416,1.0180664675020425
v_j_25,1.0235589067881594,1.0117168869400377,1.01751753589124,1.0170544964841022,1.0074282732112252,1.010621419777987,1.0183561616755152
v_j_26,1.0232088173600606,1.0113530886264446,1.0171503208477861,1.0166763789014621,1.0070350458304667,1.0102417173225258,1.0179766231356726
v_j_27,1.0231929450024564,1.0112421534418257,1.0170952182376771,1.016623502248204,1.0069094825496623,1.0101326727285285,1.0179378975671598
v_j_28,1.023047871552917,1.0110482630201665,1.0169196054433445,1.016438556442672,1.0066822449638677,1.009919874906907,1.0177559491869554
v_j_29,1.0230124350190577,1.0110070858893876,1.0168705601463814,1.0163844902016876,1.0066219913182222,1.0098618140435651,1.0176983338842989
v_j_30,1.0230072982737985,1.0110044658401354,1.016885230467353,1.0164111596961838,1.006656797057352,1.0098940667014058,1.017733294689325
v_j_31,1.0227778550513227,1.0107603746793408,1.0166323508752362,1.0161550250072364,1.0063977323851836,1.0096395592952745,1.0174784620853958
v_j_32,1.0226439164091283,1.010617886196458,1.0164847325593755,1.0160055067269016,1.0062465040515123,1.00949099093997,1.01732970380082
v_j_33,1.0228461014914554,1.0107375285526936,1.0166622195058213,1.0162045404495528,1.0063533673314877,1.009611279278862,1.0175246235709023
v_j_34,1.0227623741389147,1.0105203280414423,1.0165232756244047,1.0160993684075266,1.0061240677340508,1.0094053506199925,1.0174219992693916
v_j_35,1.0226942034690731,1.0106763890276549,1.0165367662251714,1.0160407972449153,1.0062645625955076,1.0095166784916794,1.0173533467649858
v_j_36,1.0311948377655862,1.0216663344900243,1.0262867526531636,1.0259873326103832,1.0182131073461138,1.0207678024478009,1.0269868249886847
v_j_37,1.0222138618392573,1.0098647077363148,1.0159883589819863,1.0155215231406474,1.0054846701445517,1.0088111182572308,1.0169052094150204
v_j_38,1.0218559719065745,1.0094148208088805,1.015576688098285,1.0150963975617142,1.004986804795212,1.0083399420000985,1.0164907290694827
v_j_39,1.0214851155706037,1.0090202897152576,1.0151679525595843,1.014682400970189,1.0045680727774193,1.007928575614062,1.0160788369562463
v_j_40,1.0217065528123943,1.0091512374080525,1.0153775400039813,1.0149227773333365,1.004706451199444,1.0080820019178574,1.0163190519217213
v_j_41,1.0217130991028998,1.0090221857720019,1.0153399380808799,1.0149212422253286,1.0045687191166492,1.0079694119785898,1.0163188939170031
v_j_42,1.020875859863951,1.0081200453413413,1.0144606600592792,1.0139763507072166,1.0036166630250947,1.0070527776937943,1.0154160132617096
v_j_43,1.0206750131402558,1.0079063777071147,1.0142393000035708,1.0137521415623825,1.0033898895558886,1.0068299929969267,1.0151929437699074
v_j_44,1.0195868820653549,1.0064288457350232,1.0129876718606927,1.0124861321556768,1.0018055177275835,1.0053500892812093,1.013981531749483
v_j_45,1.0189686375941018,1.0057711301924837,1.0123062749157192,1.0117959638894936,1.0011074538599922,1.0046643057284106,1.013294872183324
v_j_46,1.0186703829807484,1.0051987461482723,1.0119362921789985,1.0114220646384249,1.0004870259970184,1.004116005081411,1.012961547639021
v_j_47,1.0185509546413938,1.0049879890986058,1.0117769001702797,1.0112832701325953,1.0002628625100152,1.0039098297270002,1.012824291327909
v_j_48,1.0184553537761332,1.004888842694184,1.0116768110871386,1.0111800399083137,1.0001556651780208,1.0038063233460017,1.012720830439026
v_j_49,1.017563500879719,1.0037295412534948,1.0106719516645433,1.0101440221583102,0.9989183013482769,1.0026446711248669,1.011735468553634
v_j_50,1.0173711807365775,1.003366078531724,1.0104376230871703,1.0099091035169359,0.9985309249713731,1.0023020087095464,1.011527340504435
v_j_51,1.0170834102364237,1.0031925489240143,1.0101358780172427,1.009599513617083,0.9983417361928187,1.0020847245535203,1.011196463723383
v_j_52,1.016998718405265,1.0030762197950176,1.0100356017847862,1.0094964043713668,0.9982116403402147,1.001963389559638,1.011096614686693
v_j_53,1.0170096731996279,1.0030616479598724,1.0100407427283722,1.0095000665335117,0.9981895420502798,1.0019481518980509,1.0111029946070975
v_j_54,1.0257993936954115,1.0147283303489076,1.020043439284026,1.0196279678843123,1.010622312159808,1.0136140403473939,1.0207963888834077
v_j_55,1.023049976449436,1.0111500196517018,1.0168488349769405,1.016387053508663,1.0067102891362036,1.009931530887562,1.0176413343423567
v_j_56,1.0213928966513997,1.008984419454668,1.0149220491945317,1.0144307245850857,1.004340748869386,1.007703072033529,1.015738279215861
v_j_57,1.021318009168559,1.0088773135874158,1.0148360119046096,1.0143436652107434,1.0042267851796434,1.0075976439332983,1.0156563158821927
v_j_58,1.0212956742461428,1.0088261205705475,1.0148078972787669,1.0143152715424388,1.0041721640684336,1.0075505138986882,1.0156327204401108
v_j_59,1.016835551968849,1.0030477339579813,1.0096257297772417,1.009050100678701,0.9978411588887147,1.001587229231546,1.0105009816247346
v_j_60,1.0166014088188517,1.0028007741564868,1.009372072881612,1.008791648238893,0.9975774202332519,1.0013296336848916,1.0102432047441186
v_j_61,1.0165217648691167,1.002718174768701,1.0092886909740297,1.008705661871097,0.9974881199794049,1.0012434077782837,1.010157016550506
v_j_62,1.0073261697417284,0.990657861027546,0.9985969273999336,0.9978295216232824,0.9842857641789712,0.9888368661197049,0.9995920695968982
v_j_63,1.0073261697417284,0.990657861027546,0.9985969273999336,0.9978295216232824,0.9842857641789712,0.9888368661197049,0.9995920695968982
v_j_64,1.006075570541858,0.9887884679460278,0.997020569034532,0.9964803119729387,0.982376997501846,0.98702698211044,0.9982207404493918
v_j_65,1.0053363224219003,0.9876253511689492,0.9960674189773957,0.995687982451508,0.9811952783331386,0.9859116446279819,0.997412139735388
v_j_66,1.0041295864067146,0.9855893766758714,0.9944610919719379,0.9944066794085513,0.9791397537099185,0.983983296433663,0.996096796346941
v_j_67,1.003274374863254,0.9837677520723844,0.9931835986006445,0.9935316844137659,0.9773338878714246,0.9823195363300522,0.9951771170516692
v_j_68,1.0028083004641815,0.9832719233494344,0.9926699183478885,0.9930113922468898,0.9768076437861564,0.9818025493663564,0.9946594697739758
v_j_69,1.0036867280362682,0.9860448685028964,0.9944158880329055,0.9935763602790014,0.9792659838899082,0.9840936592582826,0.9954490924480309
v_j_70,1.0032012609948862,0.9853599819561278,0.9938247159937624,0.9930232589181793,0.9785381742921354,0.9834080614318891,0.9948995814581013
v_j_71,1.0027034684632474,0.9845989320737868,0.9931989836633435,0.9924521689462765,0.9777291285886895,0.9826536818736226,0.9943324891869127
v_j_72,1.0022960083143173,0.9841703475689122,0.9927607014389189,0.9920047745082868,0.9772700820910502,0.9822066107134643,0.9938852298999837
v_j_73,1.0021213032869791,0.9839886023615048,0.9925772231549786,0.99181598297057,0.9770735867431664,0.9820168706873655,0.9936955729468826
v_j_74,1.001796609134354,0.983718230329794,0.9922654042711272,0.9913911005447898,0.9767510780497928,0.981703362753784,0.9933153041186749
v_j_75,1.0009633704504315,0.9825960934411209,0.9912604000272172,0.9904391758724569,0.9755623016839973,0.9805730036555991,0.9923711572851794
v_j_76,1.0000979070537837,0.9816753584249347,0.990306507970139,0.9894730016124018,0.974585067167792,0.9796129662331667,0.9914098965865694
v_j_77,0.9996033594915343,0.9811492379090669,0.9897614449154163,0.98892092242458,0.9740266721555223,0.9790643942251727,0.9908606239934546
v_j_78,1.0006066560912446,0.9822633973859188,0.9909108283895631,0.9900133592384974,0.9751744617117363,0.9802026763571807,0.9919672556929113
v_j_79,1.0001537361601136,0.9815308411558695,0.9903548019988015,0.9894423335002642,0.9743538567742691,0.9794602476308342,0.9914292859140461
v_j_80,1.0000315404349174,0.9813593885583275,0.9902116735409334,0.9892964456231941,0.9741663806149896,0.979286578366704,0.9912895955842829
v_j_81,0.9999456713131667,0.9812680381670774,0.9901170344421092,0.9892005884677457,0.9740694271519795,0.9791913302008528,0.9911942256576354
v_j_82,0.99963390572556,0.9807400453446706,0.9897334400466136,0.9888076553780653,0.9734829531575716,0.9786649522375752,0.9908291520484288
v_j_83,0.9995544917896388,0.9805835083659161,0.9896313429922826,0.9887024247479175,0.9733071470683636,0.9785105658870042,0.9907340327494953
v_j_84,0.999466221723052,0.9804392937966958,0.9895271893734806,0.9885974982482335,0.9731535703337351,0.9783723430687037,0.9906379541015059
v_j_85,0.9994183962506789,0.9803884155530869,0.9894744794843895,0.9885441099666117,0.9730995714809102,0.9783192939710789,0.9905848371788519
v_j_86,0.9991671958011219,0.9796026377572228,0.9890156631777091,0.9882323231748819,0.9722630698650568,0.9775843678726657,0.9902686821546106
v_j_87,0.9991882570655626,0.9792250422714732,0.9889060857378746,0.9882292861670962,0.971860119531512,0.977258477821705,0.9902673151606793
v_j_88,0.9992715465899789,0.9806231204334734,0.9893889695376011,0.9884655391434652,0.9733957056648237,0.9785116848828852,0.9904537046629559
v_j_89,0.9985002594537709,0.9796617574193172,0.9885067999212483,0.9875677469382194,0.9723510853113883,0.9775216423055733,0.9895774557910093
v_j_90,0.9982837181837908,0.9794313931908462,0.9882681421618525,0.9873260174250486,0.9721065909646216,0.9772814484947306,0.9893369550070717
v_j_91,0.9982397364404867,0.9792989167797139,0.988200282102979,0.987254363547286,0.9719510459254213,0.977150751451531,0.9892761166019375
v_j_92,0.9981146971560628,0.9789732403131226,0.9879916324152214,0.9870970528085755,0.9716072304172171,0.9768439056612255,0.98912196991873
v_j_93,0.9980631845966652,0.9790862242080873,0.987995999132787,0.9870446106820701,0.9717135888529803,0.9769240709549263,0.9890684666089972
v_j_94,0.9978726026786812,0.9788879319042816,0.9877958126354807,0.9868386440726445,0.9714991967971718,0.976717049238023,0.9888615357322273
v_j_95,0.9979161669223297,0.9789073072638026,0.9878309457713841,0.9868776357838274,0.9715234600353149,0.976743007780455,0.9889061154029066
v_j_96,0.9975762717173182,0.9785457137144702,0.9874563338248072,0.9864982020202112,0.9711396860009288,0.9763659844904886,0.9885286104350745
v_j_97,0.9978345074927256,0.9787903191355809,0.9877368620411566,0.9867826687577768,0.9713989860678784,0.9766283564730518,0.9888166489764578
v_j_98,0.9977109872368454,0.9786589142242402,0.9876007264172182,0.9866447809931356,0.9712595212925416,0.9764913447212338,0.9886794620772316
v_j_99,1.0029831175357744,0.9851124469420734,0.9935973055960434,0.9927412557961007,0.9782426797690055,0.9831354167375035,0.9946397812696335
v_j_100,1.0027974637543902,0.984856846062885,0.9933771051559273,0.9925149592703512,0.9779567560851602,0.9828694009187144,0.9944204739344411
v_j_101,1.0026359983821638,0.9845687031093515,0.9931678804350638,0.9922967798969827,0.9776218078486877,0.982570078113406,0.9942150195771159
v_j_102,1.0025212877127816,0.9844466700215283,0.9930414539883536,0.9921687262514616,0.9774922896269772,0.9824428380007995,0.9940876168216324
v_j_103,1.0024489616160304,0.9844136337980992,0.9929799104667244,0.9921126143645588,0.9774805651911841,0.9824201789465589,0.994030617275231
v_j_104,1.0019067191447049,0.9836435997078581,0.9923111411867034,0.9914895176210936,0.9766650980708635,0.9816500674773097,0.9934130345062855
v_j_105,1.0013242774700752,0.9827451124231493,0.9915665204159025,0.990813683727609,0.9757141336907809,0.980760583280266,0.992744017451491
v_j_106,1.0009350036655849,0.9817310308427134,0.9909166774369284,0.9903239549321216,0.9746435658432848,0.9798051503518769,0.9922641257546158
v_j_107,1.0020646990818105,0.9839172764372652,0.9925328083573639,0.9916550532582615,0.9769317684634257,0.9819037477512949,0.9935842130935295
v_j_108,1.0016436961262407,0.9834727509145832,0.9920762179789113,0.9911901749189658,0.976457036033054,0.9814400679954658,0.9931202083467134
v_j_109,1.0009327107781074,0.9827163710050637,0.9912926038453566,0.9903964732493683,0.9756542529309835,0.9806514082826379,0.992330541978081
v_j_110,1.0017777213837498,0.983511985032548,0.9921983144513339,0.9913151559596458,0.9764922929474938,0.9814975334456469,0.9932604063029232
v_j_111,1.0004230705564838,0.9814948840265127,0.9905002074777661,0.9897549131610188,0.9743540941490242,0.9794925316492643,0.9917138957690278
v_j_112,0.9996874079897288,0.9805859849979499,0.9896474395509941,0.988925336779601,0.9733887165653153,0.9785666258626226,0.9908893376392376
v_j_113,0.9993318975965894,0.9802077792773835,0.9892556173058825,0.9885284711801581,0.9729873112371297,0.9781722814616249,0.9904944894578356
v_j_114,0.9994580502493781,0.9802893617085798,0.9893771701287801,0.9886658568596759,0.9730736231083355,0.9782664392203665,0.9906315023268006
v_j_115,0.998820063512502,0.9793899736737958,0.9886007338942723,0.9879391590751276,0.972117844555314,0.9773667622991354,0.9899098938420579
v_j_116,0.9988270168564582,0.9792609320162831,0.9885630915624514,0.9879379524734474,0.9719801213075827,0.9772557547485468,0.9899095592120631
v_j_117,1.0314667921435339,1.02208171431686,1.0266277797022467,1.0262991666160564,1.0186546313672569,1.021181220556454,1.0272961217481602
v_j_118,1.0244795973713963,1.0128734718202284,1.0185866907888617,1.018150887704234,1.008713469109244,1.011839978458606,1.0194325550682044
v_j_119,1.0226439164091283,1.010617886196458,1.0164847325593755,1.0160055067269016,1.0062465040515123,1.00949099093997,1.01732970380082
v_j_120,1.0170096731996279,1.0030616479598724,1.0100407427283722,1.0095000665335117,0.9981895420502798,1.0019481518980509,1.0111029946070975
v_j_121,1.0017777213837498,0.983511985032548,0.9921983144513339,0.9913151559596458,0.9764922929474938,0.9814975334456469,0.9932604063029232
v_j_122,1.0073261697417284,0.990657861027546,0.9985969273999336,0.9978295216232824,0.9842857641789712,0.9888368661197049,0.9995920695968982
v_j_123,1.0025212877127816,0.9844466700215283,0.9930414539883536,0.9921687262514616,0.9774922896269772,0.9824428380007995,0.9940876168216324
v_j_124,1.0029830886380307,0.9851124077412778,0.9935972707838016,0.9927412229070108,0.9782426381849835,0.9831353773173599,0.994639748598926
v_j_125,1.0073260324666327,0.9906576808459111,0.9985967641550755,0.9978293658528066,0.9842855729948086,0.9888366840680717,0.9995919147933829
v_j_126,1.0378980788597834,1.0304692043534283,1.034058517202318,1.0338709362190583,1.0278071712647183,1.0297826633065903,1.0346359444644884
v_j_127,1.0231929389204466,1.011242145338863,1.0170952110533393,1.0166234954076183,1.0069094739262967,1.0101326645584499,1.0179378907624643
v_j_128,1.0073258951915476,0.9906575006642966,0.998596600910234,0.9978292100823443,0.984285381810668,0.9888365020164588,0.9995917599898815
q_D_j_3,0.0053425119955396,0.00508756643750063,0.004172215151745601,0.0036424662014248096,0.0030931389111749173,0.003094429041332251,0.0031636399041408275
q_D_j_9,0.0026658866450517786,0.0025444491527660653,0.0020867224223743877,0.0018170063784311373,0.001546939517912978,0.001547690409450316,0.0015823075856395128
q_D_j_18,0.005393493694147018,0.005088800287718145,0.004172695810235162,0.0036824059766326638,0.0030941950940925307,0.003094640162473365,0.0031638504464792587
q_D_j_26,0.005399414923435477,0.005088942228381799,0.00417275493723561,0.003686639668629453,0.0030943102483700475,0.0030946638013381518,0.003163874876685572
q_D_j_35,0.00539962055296293,0.005088947733676419,0.004172757184488056,0.0036867937446541394,0.003094315595181422,0.0030946648701126304,0.0031638759522193832
q_D_j_41,0.002691258254701375,0.002545056013397056,0.002086958054091801,0.0018367074054680456,0.0015474541449964879,0.00154779331827669,0.0015824106212946167
q_D_j_48,0.0026929268009878906,0.0025450998322516846,0.00208697572047561,0.0018377325791280542,0.0015474886577066349,0.0015478003756935993,0.0015824178337731012
q_D_j_53,0.002693858599627106,0.002545117662822831,0.002086982749875694,0.0018385217805970552,0.001547502025542564,0.0015478031037127167,0.0015824206273771255
q_D_j_61,0.0026930863610490434,0.0025451128212359265,0.0020869835505277776,0.0018382326632621264,0.0015475074846828646,0.0015478042530415806,0.0015824212526882318
q_D_j_67,0.018964804094332283,0.017818502565127625,0.014609896011727982,0.012954696217848826,0.010834814419205502,0.010835035366958914,0.011077347169973578
q_D_j_73,0.005406934315325057,0.005089129751914662,0.004172828987533855,0.0036926546979067663,0.0030944727585234715,0.003094696316238711,0.0031639068917290515
q_D_j_79,0.005407564154603937,0.005089143311867353,0.004172833871943065,0.0036930238902390935,0.0030944812348024727,0.003094698042367158,0.0031639086490150743
q_D_j_87,0.005407478955764033,0.005089142384916944,0.004172831771310429,0.003693166469061107,0.003094484721903457,0.0030946983988547165,0.00316390873733307
q_D_j_94,0.005407992583172627,0.005089153764632156,0.004172838549882218,0.0036933599138637683,0.003094490465299173,0.003094699957617006,0.0031639106174639916
q_D_j_101,0.0054069088100645825,0.005089128240516629,0.00417282775980981,0.003692555909320358,0.0030944693734376648,0.0030946956131772613,0.0031639061714750366
q_D_j_108,0.005407138783360291,0.005089133807775303,0.00417283037834242,0.003692738384474042,0.0030944741740106686,0.0030946966292315905,0.003163907231562269
q_D_j_116,0.0026983571889878585,0.0025452383231971015,0.0020870314376970366,0.0018424264068946064,0.0015476145904005562,0.0015478255189040953,0.0015824423966727167
q_B_j_3,0.0030184402347008593,0.0030944281616822854,0.005564681309000375,0.0030357585204756,0.0030947174291058657,0.003848914231720679,0.0045041330367279414
q_B_j_7,0.001483530063752178,0.0015492106067425718,0.002782819576417628,0.0014977020904478292,0.0015494505993008606,0.0019404770051214774,0.0022512467032533338
q_B_j_11,0.0030617623124857647,0.0030954852762123245,0.005562792223208828,0.0030694254784136518,0.003095613276282896,0.0038910936619268584,0.004517449745606507
q_B_j_18,0.0030690677204919317,0.0030956617405167863,0.005565486476637169,0.0030756111250459794,0.003095773565327848,0.0038891119803485604,0.004531560619389091
q_B_j_22,0.0030749711789285266,0.0030958040374215357,0.005560591648846677,0.0030796727757461118,0.00309588330650676,0.003923533032988199,0.004525105453579192
q_B_j_30,0.003075280536953415,0.003095810594233249,0.005561467637243952,0.003079959247652173,0.0030958905676782334,0.003922457064107374,0.004529280695304951
q_B_j_34,0.0015298772667971716,0.001550371344227925,0.0027829525878346755,0.0015345862997863515,0.001550451248890016,0.0019625973468677745,0.002263837833826757
q_B_j_37,0.0030760121418649325,0.003095826607161213,0.005560618556652409,0.003080424833045907,0.0030959018065656848,0.003919106656627231,0.004522338294574693
q_B_j_41,0.0015309086912380478,0.0015503864828511577,0.00278300437095665,0.0015354397257996927,0.0015504637665440606,0.0019595466640187796,0.0022621325258084394
q_B_j_47,0.0015325702479264116,0.0015504303371617536,0.0027821401083224367,0.0015364710567463804,0.001550497484443251,0.0019615931133318176,0.0022584937694663924
q_B_j_50,0.01623395640343491,0.01625129900140778,0.029188831542334096,0.01623772086584494,0.016251362763567038,0.020595816428485764,0.02374137094824796
q_B_j_53,0.0015334954541400356,0.0015504481187093911,0.0027819490282129794,0.0015372512847767427,0.0015505116415041134,0.00196166870287429,0.0022574367327893655
q_B_j_58,0.0015305108582127083,0.0015503920150392093,0.002783561173896478,0.001535237802255844,0.001550471662899543,0.001958667679784981,0.0022647202424649886
q_B_j_62,0.001535852445691244,0.0015505188639716296,0.0027832250952060066,0.0015394212583424575,0.0015505809623091041,0.0019734373351660596,0.002272011838461804
q_B_j_67,0.010821337198630777,0.010835172930162677,0.019488806376711347,0.01082509283426472,0.010835239062471013,0.013723076422133966,0.015981000983383585
q_B_j_71,0.003082412910007035,0.0030959896554719948,0.005562128100265277,0.003085768154185704,0.0030960482503865757,0.0039553324440525835,0.004553703856389125
q_B_j_75,0.003082979748212473,0.003096002120774589,0.005560602803369244,0.003086114718222061,0.0030960567088041424,0.003962655810229782,0.004549984319206567
q_B_j_79,0.0030830737103715936,0.0030960046922670487,0.005561116240641062,0.0030862198712212734,0.0030960596578295113,0.0039606599183135615,0.004551502265005469
q_B_j_84,0.0030831713662948274,0.0030960077421793106,0.005561074308885382,0.003086312852002966,0.0030960625274871886,0.003963551635427347,0.004553136175008826
q_B_j_87,0.0030829886691702215,0.003096003761419569,0.0055634668646108625,0.003086364900869555,0.0030960631412087283,0.003957247328564727,0.004562407499667194
q_B_j_92,0.003083496119794232,0.003096015165876131,0.0055603858362233164,0.0030865294844391045,0.003096067990621174,0.003969685885730108,0.00455332613645476
q_B_j_97,0.0015381248153577326,0.0015505737148897834,0.0027823758531758474,0.0015411367745631803,0.001550626353855206,0.0019868438375583546,0.0022758466605150474
q_B_j_101,0.003082419604302713,0.0030959896251171334,0.005561811628108422,0.0030857521475555396,0.0030960477998713105,0.003956459549511759,0.004552671072226329
q_B_j_106,0.0030829162042669144,0.0030960019214753575,0.005560150787474761,0.003086100055133234,0.0030960569080422462,0.003969960620289338,0.00455226764702186
q_B_j_111,0.0030829908538580367,0.0030960032936379815,0.005560925199925004,0.003086180374536504,0.0030960589011105187,0.003967869564885458,0.00455512597031025
q_B_j_116,0.001537975033270592,0.0015505687309926466,0.0027829141253635672,0.0015411510910963513,0.001550624171789843,0.0019873681197206624,0.002279165469156031
P_c_j_3,-9.720783819260646e-9,0.004665508795178508,0.0006168480915108888,-9.504768502999233e-9,0.004665508794930721,0.004066655139941862,-9.542680752072498e-10
P_c_j_7,-9.442512855494542e-9,0.002333508796025575,0.0003209492887362576,-9.021570546205639e-9,0.0023335087957570733,0.0020208884875020133,-9.596479893844116e-10
P_c_j_11,-9.720784692144993e-9,0.004665508802158768,0.0006371727244688504,-9.50346612908185e-9,0.004665508801600113,0.004026485213447598,-9.97859892250275e-10
P_c_j_18,-9.720785289735629e-9,0.004665508806070368,0.0006138002947486547,-9.502329923143852e-9,0.004665508805319387,0.0040284298422162594,-1.022718676606386e-9
P_c_j_22,-9.720785567638806e-9,0.004665508809916599,0.0006571376921964031,-9.505497255647761e-9,0.004665508809010418,0.003994933548119701,-1.0462421157122554e-9
P_c_j_30,-9.720785695721672e-9,0.0046655088101998105,0.0006497239109422391,-9.505107790129743e-9,0.0046655088092758396,0.003995991694007799,-1.0482378980668866e-9
P_c_j_34,-9.442520055316502e-9,0.0023335088104694812,0.0003234400957461165,-9.008836462795286e-9,0.0023335088095408547,0.0019996054944254518,-1.049939717610847e-9
P_c_j_37,-9.720785579380178e-9,0.004665508810401779,0.0006569977204474219,-9.505828350800105e-9,0.004665508809465175,0.003999279932138322,-1.048850222234582e-9
P_c_j_41,-9.442519615258044e-9,0.0023335088108432365,0.0003230378096102036,-9.009415955751196e-9,0.002333508809889623,0.0020025976564005754,-1.0517982802084857e-9
P_c_j_47,-9.442519854818515e-9,0.002333508812182521,0.00033054190103972586,-9.012544894419087e-9,0.0023335088111665707,0.0020005997902374103,-1.0593100608488792e-9
P_c_j_50,-9.946765258484372e-9,0.024500008812726824,0.0035173760288470467,-9.907662940521484e-9,0.024500008811674887,0.020980446908076482,-1.062440338375308e-9
P_c_j_53,-9.44251945206561e-9,0.002333508812832275,0.00033220752156479775,-9.013417723186132e-9,0.0023335088117853496,0.002000528499904284,-1.0630201007244784e-9
P_c_j_58,-9.442521206221846e-9,0.0023335088112828037,0.00031824398351015863,-9.006468273312318e-9,0.002333508810302267,0.0020034591407448576,-1.0555544658719078e-9
P_c_j_62,-9.44252655302195e-9,0.0023335088194268105,0.00032159624566794427,-9.006469672287672e-9,0.002333508818060243,0.0019889334081806286,-1.1079195031540979e-9
P_c_j_67,-9.920165177233545e-9,0.01633450882344615,0.0020990635096681215,-9.86124397385609e-9,0.016334508821831687,0.013996445151843843,-1.1340342214991646e-9
P_c_j_71,-9.720787866338797e-9,0.0046655088224704785,0.0006446602410696412,-9.507351402270803e-9,0.0046655088209577,0.003963484163531013,-1.128000315555507e-9
P_c_j_75,-9.720787832909905e-9,0.004665508823236811,0.0006577304731228874,-9.507862840000392e-9,0.00466550882169704,0.00395616399919299,-1.1325763873782036e-9
P_c_j_79,-9.720787931362e-9,0.004665508823591636,0.0006533837626059948,-9.507843879092216e-9,0.004665508822026359,0.00395816275039769,-1.1348736105464862e-9
P_c_j_84,-9.720788025820484e-9,0.004665508824163918,0.0006537471954410515,-9.50789295450909e-9,0.004665508822573466,0.0039552675604179145,-1.1387059446679605e-9
P_c_j_87,-9.720788367242035e-9,0.00466550882496831,0.0006330375391417586,-9.507523683956017e-9,0.004665508823322658,0.003961574935388172,-1.1445555985724472e-9
P_c_j_92,-9.720788092426675e-9,0.004665508824856111,0.0006596051254910943,-9.508123219448093e-9,0.004665508823240905,0.003949111994702743,-1.1432115088461514e-9
P_c_j_97,-9.442529713620413e-9,0.002333508824894286,0.0003290484134901096,-9.008678954633274e-9,0.0023335088232823756,0.0019755498330608578,-1.1433789315600608e-9
P_c_j_101,-9.720787808816703e-9,0.004665508822351452,0.0006473850645167612,-9.50739055323143e-9,0.004665508820844541,0.003962358964898076,-1.1271706458841885e-9
P_c_j_106,-9.720787942871913e-9,0.004665508823935766,0.0006615248148308005,-9.507945029059358e-9,0.004665508822375763,0.003948833347295666,-1.137429867728794e-9
P_c_j_111,-9.720788070760211e-9,0.00466550882406165,0.0006549967615088767,-9.507818372542919e-9,0.004665508822487802,0.003950935026905742,-1.138445993058386e-9
P_c_j_116,-9.442530345914873e-9,0.002333508825421192,0.0003244381220557102,-9.007570244611335e-9,0.00233350882379119,0.001975021745609707,-1.147521704293763e-9
P_d_j_3,0.004665509747964813,-8.938897780216093e-9,4.844747404742557e-9,0.0046655095529196675,-8.938705072107248e-9,-8.646399429941076e-10,0.003326289031044337
P_d_j_7,0.0023335094966980443,-8.939661305493365e-9,4.83199797657697e-9,0.0023335091164444948,-8.939453010115513e-9,-8.77440712809578e-10,0.0016676829336571993
P_d_j_11,0.0046655097479655246,-8.94522994707868e-9,4.7298832403759596e-9,0.004665509551743407,-8.944796291343847e-9,-9.843759545931913e-10,0.003308424726984125
P_d_j_18,0.004665509747966011,-8.948771105123348e-9,4.6667153921875115e-9,0.004665509550717294,-8.948188450092015e-9,-1.049612523510789e-9,0.0032891126054229126
P_d_j_22,0.0046655097479662375,-8.952263952010023e-9,4.602727390864324e-9,0.004665509553577432,-8.95156114283727e-9,-1.114413624821403e-9,0.003298019381633854
P_d_j_30,0.004665509747966342,-8.952516892104997e-9,4.598740370971934e-9,0.00466550955322571,-8.951800301325918e-9,-1.1181853061021633e-9,0.003292285561339107
P_d_j_34,0.002333509496703913,-8.952759656947362e-9,4.5947375442771665e-9,0.0023335091049369715,-8.952039954002906e-9,-1.1225312471821702e-9,0.0016508190430628423
P_d_j_37,0.004665509747966247,-8.952711858223599e-9,4.5932310886413645e-9,0.004665509553876432,-8.951985501307744e-9,-1.1253311856928182e-9,0.003301818474867013
P_d_j_41,0.0023335094967035543,-8.953107402534821e-9,4.5869172255355826e-9,0.002333509105460899,-8.952368363224651e-9,-1.1319192515421173e-9,0.0016531584089656136
P_d_j_47,0.0023335094967037494,-8.954336026605952e-9,4.562253970012623e-9,0.002333509108287925,-8.953548757763348e-9,-1.1584935508179547e-9,0.0016581358616887395
P_d_j_50,0.024500009951954095,-8.954835189767736e-9,4.552225105547414e-9,0.024500009916661143,-8.954019181956163e-9,-1.1686291053606443e-9,0.017341099135151347
P_d_j_53,0.002333509496703421,-8.954930761451353e-9,4.550564708992572e-9,0.002333509109076866,-8.954119528065547e-9,-1.171092865392834e-9,0.0016595787429114404
P_d_j_58,0.002333509496704851,-8.953496002649888e-9,4.581633394933867e-9,0.0023335091027969356,-8.952736102583207e-9,-1.1363047830298014e-9,0.001649613504011677
P_d_j_62,0.002333509496709209,-8.96085725756015e-9,4.452061540564809e-9,0.002333509102797193,-8.959798625761775e-9,-1.2640768196213671e-9,0.0016395860788023875
P_d_j_67,0.016334509927945558,-8.964485732425339e-9,4.388572359105213e-9,0.016334509874762117,-8.963234487968498e-9,-1.32842937180249e-9,0.011350360810265156
P_d_j_71,0.00466550974796811,-8.96359899626823e-9,4.405419489393715e-9,0.004665509555251387,-8.962426777050502e-9,-1.3081188808894671e-9,0.0032584639239273704
P_d_j_75,0.004665509747968083,-8.964297040877701e-9,4.392320689983708e-9,0.004665509555713231,-8.963103972077222e-9,-1.3209837373629786e-9,0.003263658365351119
P_d_j_79,0.004665509747968164,-8.964618221561406e-9,4.386530441169848e-9,0.0046655095556960985,-8.963405422266887e-9,-1.326991823764421e-9,0.003261541846088207
P_d_j_84,0.00466550974796824,-8.96513248651468e-9,4.37800216323218e-9,0.004665509555740395,-8.963900217132522e-9,-1.3348667114051147e-9,0.0032592611286127583
P_d_j_87,0.004665509747968519,-8.965848486082263e-9,4.367089087846998e-9,0.004665509555406911,-8.964573493531189e-9,-1.3451337570862434e-9,0.003246269474526318
P_d_j_92,0.004665509747968295,-8.965756334401422e-9,4.367373791996635e-9,0.004665509555948311,-8.9645049329293e-9,-1.344574293800329e-9,0.0032589974477438143
P_d_j_97,0.002333509496711785,-8.965791000178292e-9,4.3666350097539986e-9,0.002333509104792795,-8.964542634715411e-9,-1.3455803543473355e-9,0.0016342716992855956
P_d_j_101,0.004665509747968063,-8.963492949302195e-9,4.407047814882316e-9,0.004665509555286751,-8.962325271224797e-9,-1.3065911481881559e-9,0.0032599066796484893
P_d_j_106,0.004665509747968173,-8.964921129907348e-9,4.382707219403695e-9,0.004665509555787417,-8.96371241456465e-9,-1.3289807847584541e-9,0.003260472150695099
P_d_j_111,0.004665509747968277,-8.965032031731265e-9,4.381157340228795e-9,0.004665509555673025,-8.963812595701349e-9,-1.330427047294952e-9,0.0032564784595167785
P_d_j_116,0.0023335094967123007,-8.966252635219317e-9,4.360969389031077e-9,0.0023335091037910353,-8.96499025526112e-9,-1.3494863598278153e-9,0.0016296388486390025
B_j_3,0.006752677872660833,0.011184920637446501,0.011770921224647736,0.006859849507833799,0.011292092272181217,0.015155415565273294,0.01165405778393511
B_j_7,0.003377290243614846,0.0055941330100089375,0.005899029747994723,0.003442695791771657,0.005659538557691414,0.0075793835444401296,0.005823926913135383
B_j_11,0.006752677872659254,0.01118492065074161,0.011790229760162554,0.00687915804582404,0.011311400822919189,0.015136562811879622,0.011654009519718908
B_j_18,0.006752677872658174,0.011184920658184083,0.011768026025863312,0.006856954313684314,0.01128919709788347,0.015116206552844205,0.011653981786079449
B_j_22,0.006752677872657671,0.01118492066551418,0.011809196628124562,0.006898124909925925,0.011330367701181761,0.01512555574496245,0.011653955401944173
B_j_30,0.0067526778726574406,0.011184920666049251,0.01180215354066504,0.006891081823206629,0.011323324614966363,0.015119517901310936,0.011653953156706927
B_j_34,0.003377290243601828,0.005594133037505369,0.005901396291898344,0.00344506235988584,0.005661905152149603,0.007561531553465621,0.005823826300167267
B_j_37,0.006752677872657651,0.01118492066644656,0.011809063665891519,0.0068979919470636055,0.011330234739198156,0.015129551859288704,0.011653952468284138
B_j_41,0.0033772902436026236,0.005594133038227281,0.005901014129023053,0.003444680195908528,0.005661522988849315,0.007563991953923811,0.005823824208435852
B_j_47,0.0033772902436021907,0.005594133040792455,0.005908143044407594,0.00345180910534476,0.0056686519007411685,0.007569222920933603,0.005823815744390373
B_j_50,0.03546050639062133,0.05873552418885412,0.06207702662444291,0.03628753308936192,0.059562550885736414,0.07949397667854496,0.061240187105909435
B_j_53,0.003377290243602919,0.005594133042036487,0.00590972539745493,0.003453391456732445,0.005670234253317504,0.007570737560955905,0.005823811558548451
B_j_58,0.003377290243599748,0.005594133039051046,0.005896460000613702,0.003440126073103647,0.00565696886682354,0.0075602562466414525,0.005823819976483997
B_j_62,0.0033772902435900806,0.005594133054526875,0.005899644801530853,0.003443310874019198,0.005660153682543404,0.00754964175092218,0.005823760615448771
B_j_67,0.02364201959905828,0.03915981241763289,0.04115391813226775,0.023959687843283745,0.03947748065900752,0.05277410495160587,0.04082635565294162
B_j_71,0.0067526778726535175,0.011184920689367836,0.011797343281100324,0.006886271559378189,0.011318514373421453,0.015083825705743159,0.011653862608956152
B_j_75,0.0067526778726535765,0.011184920690830696,0.011809760016801975,0.006898688294107825,0.011330931109566298,0.015089288299308836,0.011653857365096934
B_j_79,0.0067526778726533995,0.011184920691505689,0.011805630648580919,0.006894558925922815,0.011326801742011458,0.015087057751722763,0.011653854730342089
B_j_84,0.006752677872653228,0.011184920692590515,0.011805975919836184,0.006894904197084831,0.011327147014214061,0.015084652601733934,0.011653850331949857
B_j_87,0.006752677872652611,0.011184920694107753,0.011786301759356542,0.00687523003730703,0.011307472855856706,0.015070970460405739,0.011653843610418638
B_j_92,0.006752677872653107,0.01118492069390466,0.01181154096588563,0.006900469242696666,0.011332712061096508,0.015084369871405474,0.011653845156150526
B_j_97,0.0033772902435843656,0.005594133064908674,0.0059067244612663735,0.0034503905295552666,0.0056672333480341916,0.007544007105842378,0.005823720020384397
B_j_101,0.006752677872653621,0.011184920689143235,0.011799931861436458,0.0068888601396399065,0.011321102953468823,0.015085345345481099,0.011653863559249522
B_j_106,0.006752677872653379,0.01118492069215144,0.011813364652864679,0.006902292930014358,0.011334535746758084,0.015085928825616109,0.01165385179695763
B_j_111,0.006752677872653149,0.01118492069238754,0.011807163004076405,0.0068960912814668195,0.011328334098422438,0.015081723774432416,0.011653850630259482
B_j_116,0.003377290243583223,0.005594133065894024,0.0059023446913528555,0.003446010761749507,0.005662853581182985,0.0075391256600241645,0.005823715255521701
