iteration,subproblem,solve_time_sec,ipopt_iters
1,1,3.899000,15
1,2,3.270000,13
1,3,3.428000,12
1,4,3.845000,12
1,5,3.456000,11
1,6,4.088000,15
1,7,3.755000,13
1,8,4.735000,14
1,9,3.038000,15
1,10,4.064000,15
1,11,4.322000,14
1,12,3.251000,14
1,13,3.877000,13
1,14,3.030000,11
1,15,3.280000,15
1,16,4.094000,14
1,17,4.602000,15
1,18,3.200000,15
1,19,4.095000,14
1,20,3.958000,14
1,21,3.075000,13
1,22,3.885000,13
1,23,3.806000,14
1,24,3.886000,14
1,25,3.867000,14
1,26,3.800000,14
1,27,3.542000,13
1,28,3.826000,13
1,29,4.324000,13
1,30,3.462000,14
1,31,4.057000,14
1,32,4.413000,14
1,33,3.347000,14
1,34,4.057000,14
1,35,3.593000,13
1,36,3.608000,14
1,37,3.806000,14
1,38,3.922000,14
1,39,3.620000,14
1,40,4.062000,14
1,41,3.540000,14
1,42,3.891000,14
1,43,4.064000,14
1,44,4.104000,14
1,45,1.861000,13
1,46,3.637000,13
1,47,3.383000,13
1,48,3.421000,14
2,1,2.759000,8
2,2,1.782000,7
2,3,0.692000,5
2,4,2.036000,6
2,5,1.466000,6
2,6,1.699000,6
2,7,1.665000,6
2,8,1.800000,6
2,9,1.386000,5
2,10,1.464000,5
2,11,1.835000,7
2,12,0.972000,6
2,13,1.669000,6
2,14,1.433000,5
2,15,1.373000,5
2,16,1.902000,5
2,17,1.248000,5
2,18,1.173000,5
2,19,1.919000,5
2,20,1.795000,5
2,21,1.110000,5
2,22,1.448000,5
2,23,1.290000,5
2,24,1.361000,5
2,25,1.393000,5
2,26,1.592000,6
2,27,1.432000,5
2,28,1.663000,5
2,29,1.708000,5
2,30,1.334000,6
2,31,1.671000,6
2,32,1.587000,7
2,33,1.322000,5
2,34,1.798000,5
2,35,1.744000,5
2,36,1.196000,6
2,37,1.985000,7
2,38,1.971000,5
2,39,1.580000,19
2,40,3.509000,19
2,41,1.589000,6
2,42,0.479000,8
2,43,2.241000,8
2,44,2.351000,7
2,45,0.859000,7
2,46,1.868000,7
2,47,1.689000,6
2,48,1.270000,6
3,1,1.560000,5
3,2,1.481000,5
3,3,1.497000,6
3,4,1.588000,5
3,5,1.727000,6
3,6,2.101000,30
3,7,5.046000,31
3,8,0.382000,6
3,9,0.148000,6
3,10,2.130000,6
3,11,2.021000,6
3,12,0.919000,6
3,13,1.864000,7
3,14,1.645000,5
3,15,1.550000,6
3,16,2.031000,6
3,17,1.909000,5
3,18,1.142000,5
3,19,1.715000,5
3,20,1.708000,5
3,21,1.385000,5
3,22,1.232000,5
3,23,1.653000,5
3,24,1.533000,6
3,25,1.250000,6
3,26,1.328000,4
3,27,1.412000,5
3,28,1.361000,5
3,29,1.537000,5
3,30,1.247000,4
3,31,1.553000,5
3,32,1.634000,6
3,33,0.762000,5
3,34,1.573000,5
3,35,1.839000,6
3,36,1.292000,6
3,37,2.140000,7
3,38,1.354000,5
3,39,1.470000,10
3,40,1.711000,7
3,41,1.357000,5
3,42,1.633000,5
3,43,1.580000,5
3,44,1.249000,5
3,45,1.732000,5
3,46,1.363000,5
3,47,2.050000,6
3,48,1.478000,5
4,1,3.770000,22
4,2,1.347000,5
4,3,0.673000,5
4,4,1.610000,5
4,5,1.580000,5
4,6,2.049000,11
4,7,2.391000,11
4,8,1.989000,6
4,9,1.332000,7
4,10,4.656000,29
4,11,1.530000,29
4,12,0.337000,9
4,13,1.770000,7
4,14,1.598000,5
4,15,1.621000,6
4,16,1.593000,5
4,17,2.038000,6
4,18,1.425000,6
4,19,1.764000,5
4,20,1.548000,6
4,21,1.147000,5
4,22,1.581000,6
4,23,1.237000,4
4,24,1.310000,5
4,25,1.266000,4
4,26,1.245000,5
4,27,1.111000,5
4,28,1.298000,5
4,29,1.467000,5
4,30,1.123000,5
4,31,1.531000,7
4,32,2.052000,7
4,33,1.630000,9
4,34,1.768000,9
4,35,2.450000,9
4,36,1.300000,10
4,37,2.268000,10
4,38,1.843000,8
4,39,2.230000,26
4,40,5.355000,29
4,41,0.645000,7
4,42,0.582000,23
4,43,1.620000,5
4,44,1.830000,6
4,45,1.345000,5
4,46,1.598000,5
4,47,2.052000,6
4,48,1.371000,5
5,1,2.199000,9
5,2,4.622000,24
5,3,0.970000,5
5,4,1.572000,5
5,5,2.007000,5
5,6,2.891000,11
5,7,2.517000,11
5,8,1.601000,5
5,9,1.680000,5
5,10,2.033000,7
5,11,3.495000,11
5,12,1.406000,5
5,13,1.818000,6
5,14,2.379000,5
5,15,1.964000,5
5,16,1.776000,5
5,17,1.834000,5
5,18,2.113000,5
5,19,1.317000,4
5,20,1.328000,4
5,21,1.711000,4
5,22,1.216000,4
5,23,1.474000,4
5,24,1.819000,4
5,25,1.572000,5
5,26,1.788000,5
5,27,2.527000,7
5,28,4.972000,25
5,29,2.366000,22
5,30,0.584000,26
5,31,1.772000,7
5,32,4.861000,22
5,33,1.253000,11
5,34,2.566000,11
5,35,5.324000,34
5,36,0.366000,8
5,37,2.254000,8
5,38,2.336000,8
5,39,2.030000,10
5,40,3.786000,20
5,41,2.496000,7
5,42,1.741000,19
5,43,3.686000,17
5,44,2.771000,7
5,45,1.121000,9
5,46,1.555000,5
5,47,1.613000,5
5,48,2.353000,6
6,1,4.098000,20
6,2,2.892000,18
6,3,1.099000,24
6,4,2.391000,7
6,5,4.200000,23
6,6,0.966000,14
6,7,2.396000,8
6,8,2.165000,6
6,9,1.894000,6
6,10,2.955000,11
6,11,2.509000,9
6,12,1.170000,6
6,13,2.160000,6
6,14,1.478000,5
6,15,1.975000,6
6,16,1.870000,5
6,17,1.860000,5
6,18,1.862000,6
6,19,6.098000,33
6,20,1.151000,7
6,21,0.662000,8
6,22,2.391000,7
6,23,4.188000,23
6,24,1.498000,27
6,25,2.516000,9
6,26,2.157000,7
6,27,1.555000,7
6,28,3.862000,15
6,29,2.268000,11
6,30,1.620000,11
6,31,2.907000,9
6,32,2.753000,12
6,33,1.363000,8
6,34,2.170000,8
6,35,2.498000,8
6,36,1.598000,6
6,37,1.918000,6
6,38,1.823000,6
6,39,2.562000,14
6,40,2.475000,10
6,41,2.497000,9
6,42,1.925000,13
6,43,3.232000,10
6,44,1.797000,6
6,45,1.803000,8
6,46,2.586000,8
6,47,1.791000,5
6,48,1.933000,5
7,1,3.021000,11
7,2,2.904000,12
7,3,2.199000,20
7,4,2.683000,9
7,5,3.093000,18
7,6,1.485000,10
7,7,3.767000,19
7,8,2.228000,9
7,9,2.423000,23
7,10,3.832000,20
7,11,2.530000,20
7,12,0.881000,8
7,13,2.131000,7
7,14,2.612000,8
7,15,1.982000,10
7,16,4.742000,23
7,17,3.141000,23
7,18,1.102000,26
7,19,4.326000,20
7,20,3.021000,24
7,21,1.504000,24
7,22,1.872000,7
7,23,3.532000,19
7,24,1.613000,11
7,25,4.607000,23
7,26,1.526000,7
7,27,1.382000,9
7,28,3.540000,12
7,29,2.859000,17
7,30,1.248000,10
7,31,2.227000,6
7,32,2.234000,8
7,33,1.754000,7
7,34,1.652000,6
7,35,2.751000,8
7,36,1.373000,4
7,37,1.306000,4
7,38,1.413000,4
7,39,1.985000,8
7,40,1.880000,8
7,41,1.538000,5
7,42,1.946000,10
7,43,3.182000,12
7,44,1.572000,6
7,45,1.754000,8
7,46,2.279000,8
7,47,2.085000,5
7,48,1.563000,6
8,1,3.100000,10
8,2,2.197000,10
8,3,2.031000,9
8,4,2.958000,10
8,5,2.494000,11
8,6,2.834000,21
8,7,4.266000,20
8,8,4.095000,27
8,9,1.270000,20
8,10,4.510000,19
8,11,2.301000,9
8,12,1.944000,23
8,13,4.353000,22
8,14,3.476000,23
8,15,1.777000,25
8,16,4.996000,19
8,17,3.425000,21
8,18,1.227000,20
8,19,3.998000,18
8,20,2.481000,12
8,21,1.469000,11
8,22,3.222000,9
8,23,2.312000,11
8,24,2.149000,10
8,25,2.257000,8
8,26,1.680000,5
8,27,1.354000,5
8,28,2.653000,8
8,29,2.290000,8
8,30,2.087000,7
8,31,1.108000,4
8,32,2.439000,7
8,33,2.008000,6
8,34,4.012000,18
8,35,1.766000,7
8,36,1.163000,4
8,37,1.207000,4
8,38,1.427000,4
8,39,1.891000,7
8,40,2.251000,7
8,41,1.738000,4
8,42,1.540000,7
8,43,2.902000,10
8,44,1.681000,4
8,45,1.888000,6
8,46,1.942000,6
8,47,2.507000,7
8,48,2.137000,7
9,1,2.088000,7
9,2,2.332000,9
9,3,2.101000,18
9,4,1.063000,4
9,5,2.486000,9
9,6,2.411000,13
9,7,2.572000,11
9,8,2.624000,11
9,9,1.213000,11
9,10,3.694000,21
9,11,2.708000,22
9,12,0.131000,9
9,13,2.487000,9
9,14,1.956000,9
9,15,1.589000,11
9,16,2.616000,11
9,17,2.261000,10
9,18,1.384000,11
9,19,2.267000,10
9,20,3.033000,11
9,21,1.021000,7
9,22,1.982000,6
9,23,2.151000,9
9,24,2.047000,17
9,25,1.904000,8
9,26,1.235000,4
9,27,0.857000,4
9,28,2.826000,11
9,29,1.652000,7
9,30,1.209000,7
9,31,1.275000,4
9,32,2.208000,7
9,33,1.844000,7
9,34,2.010000,7
9,35,1.801000,7
9,36,1.145000,4
9,37,1.442000,4
9,38,1.254000,4
9,39,1.692000,7
9,40,1.676000,7
9,41,1.184000,4
9,42,1.998000,7
9,43,1.681000,6
9,44,1.129000,4
9,45,2.313000,7
9,46,1.960000,8
9,47,2.426000,8
9,48,1.436000,6
10,1,1.419000,7
10,2,2.141000,10
10,3,1.459000,7
10,4,1.049000,4
10,5,2.114000,9
10,6,2.223000,11
10,7,1.935000,9
10,8,1.929000,9
10,9,1.691000,14
10,10,1.915000,9
10,11,2.206000,9
10,12,1.651000,14
10,13,3.193000,14
10,14,2.522000,14
10,15,0.200000,12
10,16,2.151000,9
10,17,2.504000,9
10,18,1.218000,11
10,19,2.504000,10
10,20,1.710000,9
10,21,1.690000,18
10,22,0.869000,4
10,23,1.847000,7
10,24,2.266000,12
10,25,2.536000,12
10,26,1.235000,4
10,27,1.239000,4
10,28,2.576000,11
10,29,1.647000,7
10,30,1.098000,7
10,31,1.078000,4
10,32,1.851000,7
10,33,1.889000,17
10,34,1.604000,7
10,35,2.086000,7
10,36,0.953000,4
10,37,1.142000,4
10,38,1.249000,4
10,39,1.652000,7
10,40,1.688000,7
10,41,1.484000,4
10,42,1.620000,7
10,43,1.526000,6
10,44,1.420000,4
10,45,1.580000,7
10,46,1.288000,6
10,47,1.992000,6
10,48,1.611000,7
11,1,3.710000,20
11,2,2.413000,12
11,3,0.780000,7
11,4,1.201000,4
11,5,2.826000,12
11,6,1.725000,7
11,7,2.601000,9
11,8,2.903000,12
11,9,1.542000,9
11,10,2.419000,9
11,11,2.676000,10
11,12,1.686000,10
11,13,2.641000,10
11,14,2.527000,10
11,15,1.194000,11
11,16,2.279000,9
11,17,1.968000,9
11,18,2.434000,12
11,19,1.775000,7
11,20,2.473000,11
11,21,2.782000,12
11,22,1.393000,4
11,23,2.549000,11
11,24,2.336000,12
11,25,2.841000,12
11,26,1.235000,4
11,27,1.482000,4
11,28,3.042000,12
11,29,2.715000,12
11,30,1.653000,12
11,31,1.136000,4
11,32,2.985000,12
11,33,1.642000,7
11,34,1.947000,7
11,35,1.725000,7
11,36,1.436000,4
11,37,1.393000,4
11,38,1.417000,4
11,39,2.326000,11
11,40,2.991000,11
11,41,0.976000,4
11,42,1.666000,7
11,43,2.839000,10
11,44,1.278000,4
11,45,2.885000,20
11,46,4.075000,21
11,47,1.817000,7
11,48,1.447000,6
12,1,2.403000,9
12,2,2.029000,12
12,3,1.085000,7
12,4,1.283000,4
12,5,2.319000,12
12,6,1.629000,11
12,7,2.413000,11
12,8,2.006000,12
12,9,1.159000,11
12,10,2.034000,11
12,11,2.089000,11
12,12,1.278000,11
12,13,2.779000,11
12,14,1.821000,11
12,15,0.980000,11
12,16,2.524000,11
12,17,2.152000,11
12,18,1.017000,12
12,19,2.777000,11
12,20,1.887000,12
12,21,1.023000,12
12,22,1.279000,4
12,23,2.225000,12
12,24,1.811000,12
12,25,2.237000,12
12,26,1.124000,4
12,27,0.868000,4
12,28,2.207000,12
12,29,2.234000,12
12,30,1.182000,12
12,31,0.994000,4
12,32,2.306000,12
12,33,0.923000,7
12,34,1.787000,7
12,35,1.497000,7
12,36,1.031000,4
12,37,1.013000,4
12,38,1.188000,4
12,39,2.102000,11
12,40,2.244000,11
12,41,1.033000,4
12,42,1.253000,7
12,43,2.268000,10
12,44,1.309000,6
12,45,1.256000,7
12,46,2.673000,16
12,47,1.470000,5
12,48,0.902000,6
13,1,2.688000,20
13,2,1.817000,11
13,3,0.770000,7
13,4,0.768000,4
13,5,2.105000,12
13,6,1.445000,11
13,7,2.155000,12
13,8,1.829000,12
13,9,1.144000,12
13,10,1.809000,11
13,11,1.728000,11
13,12,1.319000,12
13,13,1.723000,11
13,14,2.081000,12
13,15,1.108000,12
13,16,1.865000,12
13,17,1.778000,11
13,18,1.245000,12
13,19,2.445000,12
13,20,1.799000,12
13,21,1.043000,12
13,22,0.770000,4
13,23,2.360000,12
13,24,1.533000,12
13,25,2.014000,12
13,26,0.855000,4
13,27,0.935000,4
13,28,2.208000,12
13,29,1.750000,12
13,30,1.063000,12
13,31,0.932000,4
13,32,2.385000,12
13,33,0.994000,7
13,34,1.404000,7
13,35,1.319000,7
13,36,1.007000,4
13,37,0.824000,4
13,38,1.214000,4
13,39,2.029000,11
13,40,1.991000,11
13,41,0.841000,4
13,42,1.097000,7
13,43,2.012000,10
13,44,1.445000,8
13,45,1.412000,16
13,46,1.075000,7
13,47,1.234000,5
13,48,1.181000,6
14,1,1.747000,9
14,2,1.838000,11
14,3,1.069000,7
14,4,0.755000,4
14,5,1.669000,12
14,6,1.743000,11
14,7,2.242000,12
14,8,1.994000,12
14,9,0.894000,12
14,10,1.872000,11
14,11,2.003000,11
14,12,1.144000,12
14,13,1.571000,11
14,14,1.764000,12
14,15,1.369000,12
14,16,1.875000,12
14,17,1.593000,11
14,18,1.377000,12
14,19,1.936000,12
14,20,2.119000,12
14,21,1.039000,12
14,22,0.690000,4
14,23,2.168000,12
14,24,1.205000,12
14,25,2.321000,12
14,26,0.698000,4
14,27,0.698000,4
14,28,2.245000,12
14,29,2.047000,12
14,30,0.821000,12
14,31,0.770000,4
14,32,2.347000,12
14,33,1.353000,7
14,34,1.874000,10
14,35,1.421000,7
14,36,0.661000,4
14,37,0.665000,4
14,38,0.651000,4
14,39,1.885000,11
14,40,2.094000,11
14,41,0.914000,4
14,42,1.389000,7
14,43,2.243000,10
14,44,1.587000,8
14,45,1.253000,16
14,46,1.195000,7
14,47,0.721000,5
14,48,1.086000,6
15,1,2.309000,11
15,2,1.971000,11
15,3,1.104000,7
15,4,0.980000,4
15,5,2.449000,12
15,6,1.551000,11
15,7,1.985000,12
15,8,2.312000,12
15,9,1.135000,12
15,10,1.864000,11
15,11,1.951000,11
15,12,1.523000,12
15,13,2.006000,11
15,14,1.740000,11
15,15,1.050000,12
15,16,2.281000,11
15,17,2.235000,11
15,18,1.076000,12
15,19,2.309000,12
15,20,1.959000,11
15,21,1.278000,12
15,22,0.928000,4
15,23,2.095000,12
15,24,1.256000,12
15,25,2.563000,12
15,26,1.027000,4
15,27,0.715000,4
15,28,2.277000,12
15,29,2.025000,12
15,30,1.274000,12
15,31,1.061000,4
15,32,2.480000,12
15,33,1.256000,7
15,34,1.937000,10
15,35,1.443000,7
15,36,0.742000,4
15,37,0.939000,4
15,38,0.657000,4
15,39,1.578000,6
15,40,2.048000,11
15,41,1.065000,4
15,42,1.127000,7
15,43,1.862000,10
15,44,1.504000,7
15,45,1.844000,17
15,46,1.872000,10
15,47,1.520000,5
15,48,1.478000,6
16,1,2.296000,11
16,2,2.192000,13
16,3,0.795000,11
16,4,0.819000,4
16,5,1.894000,12
16,6,1.757000,11
16,7,2.125000,11
16,8,1.607000,11
16,9,0.724000,12
16,10,2.299000,11
16,11,2.012000,11
16,12,0.914000,12
16,13,1.728000,11
16,14,1.607000,12
16,15,1.461000,12
16,16,2.297000,13
16,17,2.200000,13
16,18,0.863000,13
16,19,2.303000,13
16,20,2.187000,13
16,21,0.873000,12
16,22,0.765000,4
16,23,1.964000,12
16,24,1.943000,14
16,25,2.612000,14
16,26,0.866000,4
16,27,0.812000,4
16,28,2.048000,12
16,29,2.251000,12
16,30,1.002000,12
16,31,0.730000,4
16,32,1.327000,6
16,33,2.002000,11
16,34,1.603000,10
16,35,1.079000,6
16,36,1.042000,4
16,37,0.797000,4
16,38,1.122000,4
16,39,1.376000,6
16,40,1.067000,7
16,41,1.035000,4
16,42,1.289000,6
16,43,2.290000,10
16,44,1.074000,6
16,45,1.156000,7
16,46,1.773000,12
16,47,1.434000,5
16,48,1.036000,6
17,1,2.169000,10
17,2,1.475000,14
17,3,1.544000,11
17,4,1.116000,4
17,5,1.780000,12
17,6,1.366000,11
17,7,2.437000,11
17,8,1.685000,11
17,9,1.136000,11
17,10,2.259000,11
17,11,1.564000,11
17,12,1.331000,12
17,13,1.932000,11
17,14,1.772000,13
17,15,1.413000,12
17,16,2.624000,13
17,17,1.669000,13
17,18,1.007000,13
17,19,2.358000,13
17,20,1.914000,12
17,21,1.080000,12
17,22,0.814000,4
17,23,1.880000,12
17,24,2.245000,14
17,25,2.259000,14
17,26,0.751000,4
17,27,0.781000,4
17,28,2.243000,12
17,29,1.840000,12
17,30,0.665000,12
17,31,0.773000,4
17,32,1.514000,6
17,33,1.964000,11
17,34,2.058000,10
17,35,1.260000,6
17,36,0.711000,4
17,37,0.891000,4
17,38,1.019000,4
17,39,1.025000,6
17,40,1.283000,6
17,41,0.800000,4
17,42,1.002000,6
17,43,1.914000,10
17,44,1.145000,7
17,45,1.774000,13
17,46,2.064000,10
17,47,1.342000,5
17,48,1.404000,7
18,1,1.875000,11
18,2,2.253000,14
18,3,1.201000,11
18,4,0.793000,4
18,5,2.137000,12
18,6,1.794000,11
18,7,1.797000,11
18,8,1.896000,11
18,9,1.198000,11
18,10,2.093000,11
18,11,2.092000,11
18,12,1.180000,12
18,13,1.774000,11
18,14,2.177000,13
18,15,1.296000,13
18,16,2.564000,13
18,17,1.944000,13
18,18,0.976000,13
18,19,3.101000,13
18,20,1.781000,12
18,21,0.621000,12
18,22,0.644000,4
18,23,2.162000,12
18,24,2.117000,15
18,25,2.226000,14
18,26,1.067000,4
18,27,0.832000,4
18,28,1.704000,12
18,29,2.132000,12
18,30,1.104000,12
18,31,0.693000,4
18,32,1.380000,7
18,33,2.019000,11
18,34,2.087000,10
18,35,1.413000,6
18,36,0.718000,4
18,37,0.915000,4
18,38,1.063000,4
18,39,1.169000,6
18,40,1.297000,6
18,41,0.909000,4
18,42,1.128000,6
18,43,1.925000,10
18,44,2.382000,18
18,45,1.016000,11
18,46,1.812000,10
18,47,1.151000,6
18,48,1.258000,6
19,1,1.232000,10
19,2,1.721000,10
19,3,1.768000,11
19,4,0.844000,4
19,5,2.106000,12
19,6,1.330000,11
19,7,1.666000,11
19,8,2.279000,13
19,9,0.790000,13
19,10,1.596000,11
19,11,2.011000,11
19,12,1.344000,13
19,13,1.892000,11
19,14,1.953000,13
19,15,1.163000,13
19,16,2.112000,13
19,17,1.695000,13
19,18,1.130000,13
19,19,1.957000,13
19,20,1.464000,13
19,21,0.808000,13
19,22,0.860000,4
19,23,2.091000,13
19,24,1.623000,13
19,25,1.951000,13
19,26,0.902000,4
19,27,0.789000,4
19,28,1.712000,12
19,29,1.730000,11
19,30,1.276000,12
19,31,0.893000,4
19,32,1.373000,6
19,33,1.809000,11
19,34,2.341000,10
19,35,1.376000,6
19,36,0.826000,4
19,37,0.849000,4
19,38,0.932000,4
19,39,1.397000,6
19,40,1.270000,7
19,41,0.837000,4
19,42,0.987000,6
19,43,1.802000,10
19,44,2.281000,13
19,45,0.972000,12
19,46,1.939000,12
19,47,1.410000,7
19,48,1.121000,6
20,1,1.936000,10
20,2,2.514000,11
20,3,2.054000,11
20,4,0.907000,4
20,5,2.477000,11
20,6,2.281000,11
20,7,2.668000,11
20,8,2.858000,13
20,9,1.506000,13
20,10,2.875000,11
20,11,2.822000,11
20,12,1.518000,13
20,13,2.356000,11
20,14,2.807000,13
20,15,1.995000,13
20,16,2.884000,13
20,17,2.652000,13
20,18,0.502000,13
20,19,2.557000,13
20,20,2.380000,13
20,21,1.801000,13
20,22,1.291000,4
20,23,3.025000,13
20,24,2.170000,13
20,25,3.026000,13
20,26,1.280000,4
20,27,1.373000,4
20,28,2.713000,12
20,29,2.294000,11
20,30,1.871000,12
20,31,1.161000,4
20,32,1.669000,6
20,33,2.491000,10
20,34,2.074000,10
20,35,1.863000,6
20,36,1.422000,4
20,37,1.297000,4
20,38,1.706000,4
20,39,1.566000,6
20,40,1.651000,6
20,41,1.210000,4
20,42,1.521000,6
20,43,2.494000,10
20,44,2.920000,14
20,45,1.750000,15
20,46,1.955000,10
20,47,1.261000,6
20,48,1.706000,6
21,1,2.270000,11
21,2,4.330000,16
21,3,1.616000,6
21,4,1.165000,4
21,5,3.253000,12
21,6,2.969000,12
21,7,3.561000,12
21,8,3.549000,12
21,9,1.608000,13
21,10,2.888000,11
21,11,3.337000,11
21,12,1.968000,13
21,13,2.814000,13
21,14,4.121000,13
21,15,1.750000,13
21,16,3.354000,13
21,17,3.256000,13
21,18,1.949000,15
21,19,2.696000,13
21,20,3.800000,13
21,21,1.975000,11
21,22,1.587000,6
21,23,2.574000,9
21,24,3.595000,9
21,25,2.382000,9
21,26,1.878000,4
21,27,1.680000,4
21,28,2.187000,7
21,29,2.571000,8
21,30,2.128000,7
21,31,1.064000,4
21,32,2.894000,11
21,33,2.691000,10
21,34,3.366000,10
21,35,3.270000,11
21,36,1.355000,6
21,37,1.858000,6
21,38,1.739000,4
21,39,2.827000,11
21,40,2.890000,12
21,41,1.946000,6
21,42,2.638000,12
21,43,2.860000,11
21,44,3.471000,13
21,45,1.794000,11
21,46,2.722000,10
21,47,2.724000,6
21,48,3.363000,34
22,1,2.735000,12
22,2,4.290000,19
22,3,1.204000,6
22,4,1.940000,6
22,5,2.492000,12
22,6,2.609000,12
22,7,3.324000,13
22,8,3.140000,12
22,9,1.824000,13
22,10,2.653000,11
22,11,2.691000,11
22,12,2.786000,13
22,13,3.468000,13
22,14,3.266000,13
22,15,1.597000,13
22,16,2.805000,13
22,17,3.270000,13
22,18,1.977000,13
22,19,2.821000,13
22,20,3.228000,14
22,21,1.805000,9
22,22,1.637000,6
22,23,2.520000,9
22,24,2.130000,9
22,25,2.764000,9
22,26,1.930000,5
22,27,1.981000,6
22,28,1.886000,6
22,29,3.597000,13
22,30,2.407000,11
22,31,1.571000,4
22,32,3.024000,12
22,33,2.534000,10
22,34,3.017000,10
22,35,2.779000,11
22,36,1.386000,5
22,37,1.784000,6
22,38,0.964000,4
22,39,3.219000,12
22,40,2.702000,12
22,41,2.034000,6
22,42,2.533000,12
22,43,2.573000,11
22,44,3.211000,14
22,45,1.791000,7
22,46,2.727000,7
22,47,2.332000,6
22,48,2.888000,14
23,1,3.149000,11
23,2,4.244000,17
23,3,1.291000,8
23,4,1.880000,6
23,5,2.942000,12
23,6,2.881000,12
23,7,3.113000,13
23,8,3.043000,13
23,9,2.370000,13
23,10,3.147000,12
23,11,3.012000,13
23,12,2.368000,13
23,13,3.658000,13
23,14,3.060000,13
23,15,1.914000,13
23,16,3.761000,14
23,17,2.932000,14
23,18,1.886000,13
23,19,2.400000,10
23,20,2.830000,11
23,21,2.548000,11
23,22,2.680000,8
23,23,2.982000,11
23,24,1.259000,11
23,25,3.133000,11
23,26,2.094000,7
23,27,2.066000,6
23,28,3.517000,13
23,29,3.405000,14
23,30,1.814000,13
23,31,1.656000,4
23,32,2.797000,11
23,33,2.730000,10
23,34,2.901000,10
23,35,3.410000,11
23,36,1.760000,6
23,37,2.349000,6
23,38,1.332000,4
23,39,3.224000,12
23,40,3.200000,12
23,41,1.675000,5
23,42,2.935000,12
23,43,3.463000,12
23,44,3.478000,15
23,45,1.677000,7
23,46,3.486000,13
23,47,2.457000,5
23,48,2.533000,14
24,1,3.369000,14
24,2,4.405000,21
24,3,1.517000,15
24,4,2.252000,8
24,5,3.141000,14
24,6,3.010000,14
24,7,2.809000,12
24,8,3.068000,13
24,9,2.850000,13
24,10,2.778000,12
24,11,2.557000,9
24,12,2.862000,14
24,13,3.265000,15
24,14,3.694000,15
24,15,2.015000,15
24,16,2.829000,13
24,17,2.843000,14
24,18,3.283000,15
24,19,2.723000,10
24,20,2.812000,10
24,21,2.714000,10
24,22,2.029000,8
24,23,2.270000,9
24,24,3.280000,9
24,25,2.305000,7
24,26,2.033000,7
24,27,2.159000,6
24,28,3.767000,14
24,29,4.192000,16
24,30,1.456000,15
24,31,1.236000,5
24,32,3.191000,11
24,33,3.468000,12
24,34,3.138000,11
24,35,3.138000,11
24,36,1.921000,7
24,37,1.551000,5
24,38,2.224000,6
24,39,2.752000,11
24,40,3.300000,13
24,41,2.076000,6
24,42,2.705000,16
24,43,3.362000,14
24,44,3.887000,15
24,45,1.369000,7
24,46,1.962000,6
24,47,1.966000,5
24,48,4.045000,14
25,1,4.184000,16
25,2,4.500000,15
25,3,1.280000,14
25,4,2.457000,8
25,5,4.384000,16
25,6,2.574000,11
25,7,3.660000,14
25,8,3.940000,16
25,9,2.095000,14
25,10,2.900000,12
25,11,2.606000,9
25,12,3.559000,14
25,13,4.004000,15
25,14,3.238000,14
25,15,2.354000,14
25,16,3.496000,15
25,17,4.055000,15
25,18,0.650000,13
25,19,2.935000,11
25,20,3.141000,11
25,21,2.518000,11
25,22,2.654000,9
25,23,2.653000,10
25,24,2.075000,6
25,25,1.954000,6
25,26,1.824000,7
25,27,2.720000,7
25,28,3.381000,14
25,29,3.469000,11
25,30,2.944000,17
25,31,2.437000,7
25,32,3.283000,13
25,33,3.090000,11
25,34,3.346000,11
25,35,3.783000,11
25,36,1.724000,6
25,37,2.297000,6
25,38,1.501000,5
25,39,3.608000,12
25,40,3.451000,14
25,41,3.069000,8
25,42,2.418000,10
25,43,3.009000,11
25,44,4.687000,16
25,45,1.836000,7
25,46,3.415000,14
25,47,1.923000,5
25,48,3.929000,14
26,1,3.496000,15
26,2,3.686000,15
26,3,2.148000,14
26,4,2.338000,8
26,5,4.282000,17
26,6,2.264000,10
26,7,3.466000,14
26,8,3.094000,10
26,9,2.569000,13
26,10,2.917000,11
26,11,2.892000,12
26,12,3.061000,15
26,13,4.402000,16
26,14,2.915000,11
26,15,1.963000,11
26,16,3.290000,13
26,17,3.195000,14
26,18,2.570000,14
26,19,2.916000,13
26,20,3.850000,12
26,21,2.428000,12
26,22,2.181000,8
26,23,2.401000,8
26,24,2.594000,7
26,25,3.102000,13
26,26,1.777000,7
26,27,1.818000,7
26,28,3.700000,14
26,29,3.511000,12
26,30,1.838000,13
26,31,4.640000,20
26,32,4.270000,16
26,33,0.766000,11
26,34,2.763000,10
26,35,3.445000,10
26,36,2.872000,24
26,37,1.815000,6
26,38,2.531000,6
26,39,3.478000,14
26,40,3.477000,14
26,41,2.523000,7
26,42,2.867000,14
26,43,2.920000,12
26,44,2.420000,7
26,45,2.460000,9
26,46,2.100000,7
26,47,1.789000,4
26,48,3.223000,14
27,1,2.031000,7
27,2,2.944000,12
27,3,2.681000,10
27,4,2.488000,7
27,5,3.446000,12
27,6,2.448000,13
27,7,3.527000,14
27,8,3.392000,13
27,9,2.015000,12
27,10,2.956000,11
27,11,3.173000,12
27,12,2.330000,12
27,13,3.134000,11
27,14,2.936000,12
27,15,2.177000,12
27,16,3.377000,13
27,17,3.500000,13
27,18,2.194000,12
27,19,3.815000,14
27,20,2.896000,11
27,21,2.163000,12
27,22,2.897000,8
27,23,2.394000,9
27,24,3.598000,17
27,25,3.529000,14
27,26,2.241000,7
27,27,1.826000,7
27,28,3.534000,16
27,29,2.835000,11
27,30,2.592000,16
27,31,4.173000,15
27,32,3.420000,13
27,33,1.731000,13
27,34,2.713000,9
27,35,3.070000,10
27,36,2.600000,11
27,37,5.509000,22
27,38,1.416000,5
27,39,2.306000,13
27,40,4.561000,16
27,41,4.689000,22
27,42,0.311000,15
27,43,3.811000,16
27,44,2.109000,7
27,45,1.834000,8
27,46,2.335000,7
27,47,1.622000,5
27,48,3.422000,14
28,1,2.594000,12
28,2,1.194000,7
28,3,2.582000,16
28,4,2.574000,7
28,5,1.604000,10
28,6,1.725000,10
28,7,3.364000,14
28,8,1.985000,14
28,9,1.670000,14
28,10,2.825000,12
28,11,2.174000,11
28,12,1.830000,14
28,13,2.706000,12
28,14,2.033000,14
28,15,1.863000,14
28,16,3.038000,14
28,17,2.619000,14
28,18,1.396000,14
28,19,2.877000,12
28,20,2.386000,13
28,21,1.493000,9
28,22,2.652000,8
28,23,2.089000,15
28,24,1.710000,14
28,25,3.231000,14
28,26,1.617000,7
28,27,1.262000,7
28,28,3.804000,17
28,29,2.096000,13
28,30,1.215000,16
28,31,2.928000,13
28,32,1.926000,12
28,33,2.029000,15
28,34,2.443000,11
28,35,2.136000,11
28,36,1.430000,13
28,37,2.581000,11
28,38,1.710000,8
28,39,2.499000,17
28,40,3.490000,16
28,41,1.866000,15
28,42,1.722000,15
28,43,3.364000,16
28,44,1.234000,7
28,45,1.382000,9
28,46,1.841000,7
28,47,1.218000,5
28,48,2.020000,14
29,1,1.763000,13
29,2,2.353000,11
29,3,2.488000,21
29,4,3.962000,25
29,5,2.460000,17
29,6,0.470000,14
29,7,2.332000,13
29,8,2.364000,13
29,9,1.537000,13
29,10,2.052000,13
29,11,1.706000,11
29,12,2.093000,13
29,13,2.452000,14
29,14,2.358000,13
29,15,0.926000,14
29,16,2.344000,14
29,17,2.088000,14
29,18,1.703000,13
29,19,1.210000,7
29,20,1.355000,7
29,21,2.410000,11
29,22,3.116000,23
29,23,1.946000,14
29,24,0.379000,14
29,25,2.274000,14
29,26,1.378000,7
29,27,1.142000,7
29,28,2.663000,16
29,29,2.336000,15
29,30,1.741000,16
29,31,2.180000,14
29,32,2.036000,14
29,33,2.037000,15
29,34,1.702000,13
29,35,2.645000,14
29,36,1.816000,12
29,37,1.949000,12
29,38,3.720000,24
29,39,1.124000,12
29,40,3.063000,20
29,41,3.342000,20
29,42,0.666000,15
29,43,2.453000,16
29,44,2.895000,19
29,45,1.074000,9
29,46,1.427000,7
29,47,1.478000,6
29,48,2.504000,14
30,1,1.868000,11
30,2,2.166000,12
30,3,1.449000,11
30,4,2.246000,13
30,5,1.940000,13
30,6,0.674000,18
30,7,1.793000,12
30,8,1.812000,13
30,9,1.634000,14
30,10,2.428000,14
30,11,1.886000,12
30,12,1.552000,14
30,13,2.170000,15
30,14,2.008000,14
30,15,1.568000,15
30,16,2.016000,14
30,17,2.082000,14
30,18,1.433000,11
30,19,2.016000,11
30,20,1.955000,11
30,21,1.720000,15
30,22,2.197000,14
30,23,2.389000,14
30,24,1.483000,14
30,25,2.228000,14
30,26,1.405000,8
30,27,0.949000,7
30,28,2.405000,14
30,29,2.232000,16
30,30,1.674000,18
30,31,2.143000,14
30,32,1.743000,12
30,33,1.408000,12
30,34,1.618000,11
30,35,2.254000,13
30,36,1.832000,13
30,37,1.818000,14
30,38,2.471000,12
30,39,2.061000,18
30,40,3.881000,23
30,41,1.710000,15
30,42,0.726000,15
30,43,1.118000,6
30,44,1.759000,12
30,45,1.391000,7
30,46,1.269000,7
30,47,1.385000,7
30,48,2.069000,13
31,1,1.339000,7
31,2,1.519000,10
31,3,1.483000,9
31,4,1.767000,11
31,5,1.996000,14
31,6,1.809000,14
31,7,2.009000,12
31,8,2.431000,15
31,9,1.304000,15
31,10,2.200000,14
31,11,1.792000,13
31,12,1.408000,14
31,13,2.245000,15
31,14,1.806000,14
31,15,1.395000,13
31,16,2.156000,14
31,17,1.979000,15
31,18,1.416000,14
31,19,2.373000,14
31,20,1.528000,7
31,21,1.627000,12
31,22,1.854000,11
31,23,2.006000,11
31,24,1.295000,12
31,25,1.723000,11
31,26,1.712000,7
31,27,1.132000,7
31,28,1.488000,11
31,29,1.278000,7
31,30,1.280000,7
31,31,2.018000,11
31,32,1.694000,13
31,33,1.734000,12
31,34,2.170000,15
31,35,2.221000,13
31,36,1.305000,13
31,37,2.374000,12
31,38,2.063000,14
31,39,0.968000,18
31,40,1.900000,14
31,41,2.170000,15
31,42,1.498000,14
31,43,1.908000,12
31,44,1.195000,9
31,45,1.240000,7
31,46,1.443000,7
31,47,1.197000,6
31,48,1.693000,14
32,1,1.249000,7
32,2,1.289000,7
32,3,2.011000,11
32,4,1.381000,11
32,5,2.227000,14
32,6,1.631000,13
32,7,1.323000,11
32,8,2.498000,17
32,9,1.472000,14
32,10,1.637000,11
32,11,1.600000,13
32,12,0.632000,15
32,13,2.010000,15
32,14,2.004000,14
32,15,1.550000,15
32,16,1.777000,14
32,17,1.932000,14
32,18,1.562000,14
32,19,2.169000,14
32,20,1.555000,7
32,21,1.351000,12
32,22,1.709000,11
32,23,2.113000,11
32,24,1.665000,12
32,25,1.502000,11
32,26,1.737000,7
32,27,1.412000,7
32,28,1.193000,7
32,29,1.057000,7
32,30,1.912000,14
32,31,1.496000,10
32,32,1.954000,14
32,33,1.981000,20
32,34,1.947000,13
32,35,1.756000,15
32,36,1.621000,17
32,37,2.161000,12
32,38,1.764000,9
32,39,0.626000,12
32,40,1.954000,13
32,41,2.070000,16
32,42,1.573000,13
32,43,1.398000,10
32,44,1.286000,8
32,45,1.118000,7
32,46,1.381000,7
32,47,1.119000,6
32,48,1.776000,14
33,1,1.344000,7
33,2,1.162000,7
33,3,1.201000,7
33,4,2.220000,11
33,5,2.379000,14
33,6,0.936000,13
33,7,1.613000,14
33,8,2.805000,21
33,9,1.182000,15
33,10,1.678000,11
33,11,1.287000,8
33,12,1.742000,15
33,13,2.143000,15
33,14,1.871000,13
33,15,1.508000,15
33,16,1.751000,12
33,17,2.151000,14
33,18,1.516000,14
33,19,1.897000,15
33,20,1.252000,7
33,21,1.343000,12
33,22,1.358000,11
33,23,1.968000,11
33,24,1.231000,11
33,25,1.678000,11
33,26,1.486000,7
33,27,1.419000,7
33,28,1.075000,7
33,29,1.031000,7
33,30,1.779000,14
33,31,1.008000,6
33,32,1.838000,14
33,33,2.239000,20
33,34,1.820000,14
33,35,2.202000,14
33,36,1.296000,17
33,37,1.487000,10
33,38,1.932000,14
33,39,1.696000,15
33,40,1.864000,12
33,41,2.920000,16
33,42,0.868000,13
33,43,3.660000,20
33,44,1.375000,7
33,45,0.397000,9
33,46,1.134000,7
33,47,0.888000,5
33,48,1.891000,14
34,1,2.283000,7
34,2,2.020000,7
34,3,2.252000,11
34,4,2.870000,11
34,5,3.413000,14
34,6,2.145000,13
34,7,3.565000,14
34,8,3.185000,14
34,9,1.854000,14
34,10,2.692000,10
34,11,3.049000,12
34,12,2.218000,15
34,13,3.425000,15
34,14,3.049000,13
34,15,2.033000,14
34,16,2.883000,12
34,17,3.550000,14
34,18,1.143000,15
34,19,3.983000,15
34,20,2.327000,7
34,21,1.960000,12
34,22,2.683000,11
34,23,2.158000,12
34,24,2.595000,11
34,25,2.849000,11
34,26,2.312000,8
34,27,1.875000,7
34,28,2.261000,7
34,29,2.011000,7
34,30,2.860000,14
34,31,2.482000,7
34,32,2.790000,13
34,33,2.764000,15
34,34,3.120000,14
34,35,2.559000,12
34,36,2.324000,12
34,37,2.675000,11
34,38,3.231000,14
34,39,2.494000,13
34,40,3.591000,14
34,41,3.628000,16
34,42,1.430000,13
34,43,3.317000,11
34,44,1.785000,7
34,45,1.718000,8
34,46,2.099000,7
34,47,1.571000,5
34,48,3.050000,14
35,1,1.932000,7
35,2,2.029000,7
35,3,2.140000,10
35,4,2.633000,11
35,5,3.084000,14
35,6,2.668000,13
35,7,3.378000,14
35,8,3.219000,15
35,9,2.267000,14
35,10,3.098000,14
35,11,2.792000,8
35,12,2.710000,17
35,13,3.584000,17
35,14,3.470000,13
35,15,1.930000,16
35,16,3.385000,14
35,17,3.252000,15
35,18,2.151000,14
35,19,3.602000,15
35,20,2.071000,7
35,21,2.439000,12
35,22,2.640000,11
35,23,2.679000,11
35,24,2.252000,11
35,25,2.425000,11
35,26,2.154000,8
35,27,1.837000,6
35,28,2.124000,7
35,29,1.993000,7
35,30,3.065000,14
35,31,1.784000,7
35,32,3.122000,12
35,33,2.197000,9
35,34,3.714000,15
35,35,3.173000,13
35,36,1.364000,12
35,37,2.734000,9
35,38,2.926000,14
35,39,2.600000,13
35,40,3.955000,16
35,41,3.568000,16
35,42,1.513000,14
35,43,3.232000,11
35,44,2.017000,7
35,45,2.479000,9
35,46,2.422000,7
35,47,1.720000,6
35,48,3.210000,14
36,1,2.349000,7
36,2,2.043000,7
36,3,2.354000,10
36,4,2.468000,11
36,5,3.046000,12
36,6,2.350000,12
36,7,2.639000,11
36,8,3.030000,13
36,9,2.264000,14
36,10,3.410000,13
36,11,2.218000,9
36,12,1.799000,7
36,13,2.219000,7
36,14,3.066000,11
36,15,2.629000,14
36,16,2.895000,12
36,17,3.407000,13
36,18,2.039000,12
36,19,2.782000,11
36,20,2.654000,13
36,21,2.701000,13
36,22,2.954000,12
36,23,2.601000,12
36,24,2.464000,13
36,25,3.117000,12
36,26,1.812000,6
36,27,1.400000,5
36,28,3.563000,13
36,29,2.692000,12
36,30,2.000000,11
36,31,1.959000,7
36,32,2.186000,7
36,33,2.090000,8
36,34,2.509000,9
36,35,2.912000,12
36,36,2.129000,12
36,37,2.448000,9
36,38,3.207000,14
36,39,2.696000,16
36,40,5.694000,20
36,41,1.707000,6
36,42,0.956000,7
36,43,2.927000,11
36,44,2.079000,7
36,45,1.946000,8
36,46,1.790000,7
36,47,2.374000,8
36,48,1.710000,7
37,1,1.883000,7
37,2,2.691000,7
37,3,2.601000,11
37,4,3.740000,12
37,5,3.251000,12
37,6,1.447000,12
37,7,2.932000,12
37,8,3.328000,14
37,9,2.139000,15
37,10,2.094000,8
37,11,2.156000,8
37,12,2.271000,7
37,13,2.688000,7
37,14,2.986000,12
37,15,1.857000,8
37,16,2.860000,12
37,17,3.188000,14
37,18,2.156000,13
37,19,3.108000,12
37,20,3.094000,13
37,21,2.102000,12
37,22,3.443000,12
37,23,3.270000,12
37,24,1.660000,13
37,25,2.814000,12
37,26,2.398000,8
37,27,2.061000,7
37,28,3.439000,13
37,29,3.486000,12
37,30,1.363000,11
37,31,2.257000,7
37,32,2.663000,7
37,33,1.730000,7
37,34,2.217000,7
37,35,3.083000,11
37,36,2.322000,12
37,37,2.677000,9
37,38,3.599000,12
37,39,0.632000,13
37,40,3.847000,15
37,41,2.271000,7
37,42,1.596000,7
37,43,3.207000,12
37,44,2.651000,10
37,45,1.780000,9
37,46,2.422000,7
37,47,2.342000,7
37,48,2.332000,8
38,1,1.689000,7
38,2,1.759000,7
38,3,3.688000,8
38,4,2.730000,12
38,5,2.711000,11
38,6,2.616000,12
38,7,2.252000,11
38,8,3.122000,13
38,9,2.756000,16
38,10,2.496000,11
38,11,2.210000,7
38,12,2.001000,7
38,13,1.957000,7
38,14,2.545000,10
38,15,2.533000,8
38,16,2.724000,12
38,17,3.500000,13
38,18,1.626000,12
38,19,2.162000,11
38,20,3.182000,12
38,21,2.662000,13
38,22,2.440000,12
38,23,3.234000,11
38,24,2.310000,13
38,25,2.729000,12
38,26,4.181000,21
38,27,1.207000,8
38,28,2.724000,12
38,29,3.717000,12
38,30,1.768000,13
38,31,1.945000,7
38,32,2.427000,7
38,33,2.105000,7
38,34,1.715000,9
38,35,2.336000,11
38,36,2.786000,11
38,37,1.824000,7
38,38,2.512000,10
38,39,2.654000,13
38,40,4.068000,17
38,41,2.069000,7
38,42,1.695000,7
38,43,2.724000,13
38,44,2.822000,12
38,45,1.811000,8
38,46,2.093000,7
38,47,2.043000,7
38,48,2.758000,7
39,1,1.831000,7
39,2,1.801000,7
39,3,2.380000,10
39,4,2.701000,11
39,5,2.432000,12
39,6,2.961000,12
39,7,3.409000,12
39,8,2.905000,14
39,9,2.353000,18
39,10,2.380000,12
39,11,2.449000,8
39,12,2.021000,7
39,13,1.905000,7
39,14,2.442000,10
39,15,3.851000,21
39,16,2.417000,12
39,17,2.930000,14
39,18,1.561000,13
39,19,2.987000,12
39,20,2.209000,13
39,21,2.629000,12
39,22,2.402000,12
39,23,2.410000,12
39,24,3.151000,13
39,25,3.131000,12
39,26,1.482000,6
39,27,1.859000,6
39,28,3.840000,13
39,29,2.705000,12
39,30,1.829000,11
39,31,1.923000,7
39,32,2.349000,7
39,33,1.761000,7
39,34,2.259000,8
39,35,2.705000,11
39,36,2.543000,11
39,37,1.599000,7
39,38,2.834000,13
39,39,3.660000,15
39,40,4.250000,17
39,41,2.167000,7
39,42,1.945000,7
39,43,2.857000,13
39,44,2.367000,10
39,45,2.524000,9
39,46,2.139000,7
39,47,5.822000,28
39,48,0.719000,8
40,1,2.173000,7
40,2,1.890000,7
40,3,1.649000,8
40,4,2.791000,11
40,5,3.149000,12
40,6,2.169000,12
40,7,2.396000,11
40,8,3.151000,13
40,9,2.610000,16
40,10,2.782000,11
40,11,2.486000,9
40,12,1.872000,7
40,13,1.792000,7
40,14,3.454000,13
40,15,2.660000,12
40,16,2.405000,12
40,17,3.155000,13
40,18,2.505000,12
40,19,3.164000,11
40,20,2.920000,12
40,21,1.950000,13
40,22,2.801000,12
40,23,2.326000,11
40,24,2.524000,13
40,25,3.165000,12
40,26,1.592000,6
40,27,1.583000,6
40,28,2.918000,13
40,29,2.633000,12
40,30,2.213000,11
40,31,2.014000,7
40,32,2.310000,7
40,33,1.712000,7
40,34,2.692000,9
40,35,2.714000,11
40,36,2.138000,11
40,37,1.908000,6
40,38,3.242000,14
40,39,2.700000,14
40,40,3.419000,15
40,41,1.973000,7
40,42,2.074000,7
40,43,2.558000,11
40,44,2.710000,11
40,45,1.571000,8
40,46,2.154000,7
40,47,3.444000,13
40,48,2.135000,8
41,1,1.388000,7
41,2,2.627000,9
41,3,1.967000,8
41,4,2.622000,12
41,5,3.097000,13
41,6,2.680000,12
41,7,2.748000,12
41,8,3.285000,12
41,9,2.204000,11
41,10,4.833000,19
41,11,1.733000,6
41,12,1.705000,7
41,13,2.530000,8
41,14,2.821000,13
41,15,0.540000,11
41,16,2.661000,10
41,17,2.602000,10
41,18,2.940000,11
41,19,3.000000,14
41,20,3.565000,14
41,21,2.212000,12
41,22,2.578000,10
41,23,2.689000,12
41,24,2.840000,13
41,25,2.681000,13
41,26,1.916000,6
41,27,2.262000,7
41,28,3.673000,14
41,29,3.003000,11
41,30,2.072000,14
41,31,2.309000,7
41,32,3.280000,14
41,33,1.844000,7
41,34,2.717000,11
41,35,3.512000,12
41,36,2.405000,11
41,37,2.222000,7
41,38,4.048000,16
41,39,2.529000,15
41,40,2.999000,12
41,41,2.004000,7
41,42,2.028000,7
41,43,2.001000,7
41,44,1.977000,7
41,45,2.497000,9
41,46,2.217000,7
41,47,4.338000,15
41,48,1.992000,8
42,1,1.724000,7
42,2,2.117000,7
42,3,2.039000,8
42,4,3.041000,12
42,5,2.812000,12
42,6,2.125000,12
42,7,3.046000,12
42,8,3.383000,14
42,9,1.866000,11
42,10,2.624000,13
42,11,1.792000,6
42,12,2.565000,7
42,13,2.306000,7
42,14,3.664000,14
42,15,2.225000,13
42,16,2.514000,10
42,17,3.392000,10
42,18,1.753000,7
42,19,3.551000,14
42,20,2.633000,14
42,21,0.531000,12
42,22,2.774000,10
42,23,3.153000,13
42,24,2.180000,13
42,25,3.041000,13
42,26,1.552000,6
42,27,3.821000,26
42,28,3.045000,13
42,29,2.821000,10
42,30,2.486000,13
42,31,2.098000,7
42,32,2.845000,13
42,33,2.855000,12
42,34,2.645000,12
42,35,2.979000,11
42,36,1.840000,11
42,37,2.877000,13
42,38,3.056000,13
42,39,2.278000,15
42,40,3.042000,13
42,41,1.620000,7
42,42,1.715000,7
42,43,1.945000,7
42,44,2.021000,7
42,45,2.162000,8
42,46,2.101000,7
42,47,3.772000,15
42,48,1.807000,8
43,1,2.305000,7
43,2,1.604000,7
43,3,2.133000,9
43,4,3.224000,12
43,5,2.826000,13
43,6,1.850000,12
43,7,3.169000,12
43,8,2.249000,11
43,9,2.190000,11
43,10,3.316000,14
43,11,1.858000,8
43,12,1.699000,7
43,13,2.674000,7
43,14,2.581000,11
43,15,2.582000,13
43,16,2.933000,10
43,17,2.163000,9
43,18,2.020000,9
43,19,3.585000,14
43,20,3.549000,14
43,21,0.919000,12
43,22,2.716000,10
43,23,2.978000,12
43,24,0.796000,13
43,25,3.709000,13
43,26,1.989000,6
43,27,1.968000,12
43,28,3.387000,14
43,29,2.084000,11
43,30,2.392000,14
43,31,2.052000,7
43,32,3.228000,14
43,33,2.141000,11
43,34,2.660000,9
43,35,2.581000,11
43,36,2.274000,11
43,37,2.235000,7
43,38,2.901000,13
43,39,2.360000,15
43,40,3.459000,14
43,41,1.930000,7
43,42,1.943000,7
43,43,2.347000,10
43,44,2.037000,7
43,45,1.905000,9
43,46,2.341000,7
43,47,2.912000,15
43,48,2.298000,8
44,1,2.446000,7
44,2,2.040000,7
44,3,2.145000,9
44,4,3.662000,12
44,5,3.129000,12
44,6,1.950000,12
44,7,4.275000,12
44,8,3.537000,15
44,9,1.111000,13
44,10,3.488000,14
44,11,2.598000,8
44,12,2.053000,7
44,13,2.435000,7
44,14,3.981000,12
44,15,2.305000,13
44,16,3.240000,11
44,17,2.362000,9
44,18,2.346000,9
44,19,4.553000,14
44,20,3.094000,14
44,21,1.120000,12
44,22,3.061000,10
44,23,3.173000,13
44,24,2.464000,13
44,25,3.356000,13
44,26,1.722000,6
44,27,2.120000,10
44,28,3.016000,13
44,29,2.044000,10
44,30,2.952000,13
44,31,1.711000,7
44,32,3.127000,13
44,33,2.543000,12
44,34,2.974000,10
44,35,2.958000,11
44,36,2.295000,11
44,37,4.094000,12
44,38,2.902000,12
44,39,1.927000,15
44,40,2.992000,12
44,41,2.220000,7
44,42,2.858000,12
44,43,3.406000,12
44,44,2.390000,6
44,45,1.979000,8
44,46,2.876000,7
44,47,3.184000,14
44,48,1.875000,8
45,1,2.641000,7
45,2,2.241000,7
45,3,1.582000,8
45,4,2.654000,12
45,5,3.701000,13
45,6,1.977000,12
45,7,3.039000,12
45,8,2.401000,11
45,9,2.581000,11
45,10,3.159000,12
45,11,1.965000,8
45,12,1.933000,7
45,13,2.358000,7
45,14,2.362000,12
45,15,2.462000,13
45,16,2.661000,10
45,17,2.616000,9
45,18,2.437000,9
45,19,3.776000,14
45,20,3.469000,14
45,21,1.229000,12
45,22,2.700000,10
45,23,2.590000,12
45,24,2.747000,13
45,25,2.908000,13
45,26,1.688000,6
45,27,3.004000,12
45,28,3.369000,14
45,29,2.724000,11
45,30,2.290000,14
45,31,2.333000,7
45,32,3.159000,14
45,33,2.653000,11
45,34,2.998000,11
45,35,2.771000,11
45,36,2.156000,11
45,37,2.493000,7
45,38,2.970000,14
45,39,2.895000,15
45,40,3.009000,13
45,41,2.277000,7
45,42,2.577000,12
45,43,3.302000,12
45,44,1.986000,6
45,45,2.612000,9
45,46,2.502000,7
45,47,3.792000,15
45,48,2.026000,8
46,1,1.880000,7
46,2,2.782000,10
46,3,2.198000,9
46,4,2.237000,11
46,5,3.141000,13
46,6,2.880000,13
46,7,3.084000,13
46,8,2.573000,10
46,9,2.521000,11
46,10,3.117000,12
46,11,2.328000,8
46,12,1.890000,7
46,13,1.408000,7
46,14,2.898000,12
46,15,3.290000,13
46,16,3.284000,11
46,17,2.430000,9
46,18,2.129000,9
46,19,3.111000,10
46,20,2.859000,14
46,21,2.358000,14
46,22,2.787000,13
46,23,2.609000,12
46,24,2.824000,14
46,25,2.540000,13
46,26,1.973000,6
46,27,3.180000,13
46,28,3.391000,14
46,29,2.882000,13
46,30,0.419000,14
46,31,1.547000,7
46,32,1.825000,7
46,33,3.026000,12
46,34,3.094000,12
46,35,2.806000,11
46,36,2.342000,12
46,37,1.695000,7
46,38,3.443000,15
46,39,3.407000,21
46,40,1.854000,7
46,41,2.229000,7
46,42,1.824000,9
46,43,2.326000,13
46,44,2.324000,8
46,45,2.120000,8
46,46,1.856000,7
46,47,3.520000,15
46,48,2.258000,8
47,1,2.393000,7
47,2,2.523000,8
47,3,2.515000,10
47,4,3.399000,13
47,5,3.122000,13
47,6,1.994000,10
47,7,3.859000,13
47,8,2.314000,10
47,9,2.494000,11
47,10,3.336000,13
47,11,2.163000,7
47,12,2.194000,7
47,13,2.416000,8
47,14,3.059000,12
47,15,3.021000,13
47,16,3.035000,11
47,17,2.344000,9
47,18,2.778000,9
47,19,2.510000,9
47,20,3.163000,14
47,21,3.010000,14
47,22,3.474000,12
47,23,2.649000,12
47,24,1.693000,14
47,25,4.153000,14
47,26,1.898000,6
47,27,2.697000,12
47,28,3.097000,14
47,29,2.950000,12
47,30,2.840000,14
47,31,2.399000,7
47,32,2.213000,7
47,33,3.204000,12
47,34,3.427000,12
47,35,2.781000,11
47,36,2.547000,11
47,37,1.992000,7
47,38,3.240000,15
47,39,2.894000,18
47,40,2.424000,7
47,41,1.989000,7
47,42,3.453000,13
47,43,3.635000,14
47,44,2.053000,8
47,45,2.288000,9
47,46,2.427000,7
47,47,3.476000,15
47,48,2.256000,8
48,1,2.093000,7
48,2,2.312000,7
48,3,2.382000,9
48,4,3.286000,11
48,5,3.417000,13
48,6,1.700000,13
48,7,3.038000,13
48,8,3.600000,10
48,9,1.529000,11
48,10,3.027000,13
48,11,2.162000,7
48,12,2.294000,8
48,13,2.343000,7
48,14,3.857000,12
48,15,1.939000,13
48,16,3.286000,12
48,17,2.985000,9
48,18,1.589000,9
48,19,3.117000,10
48,20,3.692000,14
48,21,1.521000,14
48,22,2.339000,10
48,23,3.155000,12
48,24,2.469000,14
48,25,3.288000,14
48,26,2.173000,6
48,27,2.192000,12
48,28,3.286000,14
48,29,2.988000,12
48,30,2.074000,14
48,31,2.476000,7
48,32,3.113000,15
48,33,2.342000,12
48,34,3.288000,12
48,35,2.520000,11
48,36,0.897000,11
48,37,3.279000,14
48,38,3.494000,14
48,39,1.753000,20
48,40,2.126000,7
48,41,1.802000,7
48,42,3.028000,12
48,43,3.007000,14
48,44,2.648000,9
48,45,1.617000,8
48,46,2.014000,7
48,47,3.469000,15
48,48,2.031000,8
49,1,1.920000,7
49,2,1.783000,7
49,3,2.216000,9
49,4,2.799000,13
49,5,3.137000,13
49,6,1.400000,10
49,7,2.809000,13
49,8,2.592000,10
49,9,1.954000,14
49,10,2.610000,12
49,11,1.761000,7
49,12,1.684000,7
49,13,1.864000,8
49,14,2.658000,12
49,15,2.536000,13
49,16,2.848000,12
49,17,2.371000,9
49,18,1.673000,9
49,19,2.327000,10
49,20,2.358000,14
49,21,2.283000,14
49,22,3.103000,13
49,23,2.292000,12
49,24,1.991000,14
49,25,2.884000,14
49,26,1.655000,6
49,27,1.567000,12
49,28,2.591000,14
49,29,2.131000,12
49,30,2.336000,14
49,31,1.458000,7
49,32,1.954000,7
49,33,2.357000,12
49,34,2.404000,12
49,35,1.919000,11
49,36,1.908000,11
49,37,2.593000,11
49,38,3.088000,14
49,39,1.717000,15
49,40,1.817000,7
49,41,1.648000,7
49,42,2.064000,10
49,43,3.084000,14
49,44,1.980000,8
49,45,1.684000,9
49,46,1.933000,7
49,47,3.136000,15
49,48,1.635000,8
50,1,1.911000,7
50,2,2.077000,7
50,3,1.971000,9
50,4,2.206000,11
50,5,3.065000,13
50,6,1.961000,13
50,7,2.738000,13
50,8,2.837000,10
50,9,2.230000,13
50,10,2.662000,13
50,11,2.136000,7
50,12,1.753000,7
50,13,1.545000,7
50,14,3.070000,12
50,15,2.020000,13
50,16,2.670000,12
50,17,2.340000,9
50,18,2.010000,9
50,19,2.537000,10
50,20,3.014000,14
50,21,2.262000,14
50,22,2.663000,12
50,23,2.759000,12
50,24,2.265000,14
50,25,3.324000,14
50,26,1.700000,6
50,27,2.359000,12
50,28,2.934000,14
50,29,2.758000,12
50,30,2.181000,14
50,31,1.394000,7
50,32,2.071000,7
50,33,3.169000,12
50,34,2.687000,12
50,35,2.525000,11
50,36,2.063000,11
50,37,1.985000,11
50,38,2.673000,15
50,39,2.731000,15
50,40,1.745000,7
50,41,1.713000,7
50,42,2.506000,10
50,43,2.771000,14
50,44,2.370000,8
50,45,1.579000,8
50,46,1.911000,7
50,47,3.520000,15
50,48,1.900000,8
51,1,1.953000,7
51,2,2.631000,9
51,3,2.280000,9
51,4,3.530000,13
51,5,3.262000,13
51,6,1.940000,13
51,7,3.552000,13
51,8,3.013000,10
51,9,2.067000,12
51,10,3.380000,13
51,11,1.879000,8
51,12,2.426000,9
51,13,2.260000,9
51,14,3.010000,12
51,15,2.767000,13
51,16,3.601000,12
51,17,2.562000,9
51,18,2.403000,9
51,19,2.930000,10
51,20,2.106000,7
51,21,2.796000,14
51,22,2.699000,10
51,23,3.426000,12
51,24,2.352000,14
51,25,3.843000,14
51,26,1.769000,6
51,27,2.571000,12
51,28,4.094000,14
51,29,2.859000,12
51,30,1.804000,14
51,31,2.448000,7
51,32,2.209000,7
51,33,2.728000,12
51,34,3.833000,14
51,35,2.461000,11
51,36,2.027000,12
51,37,2.902000,11
51,38,3.887000,16
51,39,1.877000,15
51,40,2.193000,7
51,41,2.081000,7
51,42,3.102000,13
51,43,4.097000,16
51,44,2.194000,8
51,45,2.173000,9
51,46,2.895000,7
51,47,3.481000,16
51,48,1.551000,8
52,1,1.526000,7
52,2,2.230000,7
52,3,2.478000,9
52,4,2.777000,13
52,5,3.450000,13
52,6,2.448000,13
52,7,2.760000,13
52,8,2.939000,10
52,9,2.847000,12
52,10,2.708000,11
52,11,2.146000,7
52,12,3.046000,9
52,13,2.699000,9
52,14,2.584000,12
52,15,3.490000,13
52,16,2.956000,13
52,17,2.549000,9
52,18,2.547000,9
52,19,3.264000,10
52,20,2.495000,7
52,21,2.977000,14
52,22,2.725000,13
52,23,3.314000,12
52,24,2.859000,14
52,25,3.167000,14
52,26,2.307000,6
52,27,3.230000,13
52,28,3.165000,14
52,29,2.622000,12
52,30,2.863000,14
52,31,2.193000,7
52,32,2.207000,7
52,33,3.716000,12
52,34,3.281000,14
52,35,2.892000,11
52,36,0.887000,12
52,37,2.498000,11
52,38,4.164000,16
52,39,2.321000,15
52,40,2.201000,7
52,41,1.562000,7
52,42,3.070000,11
52,43,3.227000,16
52,44,2.281000,8
52,45,2.555000,8
52,46,1.645000,7
52,47,4.443000,15
52,48,2.159000,8
53,1,1.368000,7
53,2,1.954000,9
53,3,1.515000,9
53,4,3.094000,13
53,5,1.721000,13
53,6,1.130000,13
53,7,2.702000,13
53,8,2.235000,10
53,9,1.108000,12
53,10,2.476000,11
53,11,1.625000,7
53,12,1.184000,9
53,13,1.787000,9
53,14,2.029000,12
53,15,1.731000,13
53,16,2.356000,12
53,17,1.903000,9
53,18,1.368000,9
53,19,2.132000,10
53,20,1.735000,7
53,21,1.843000,14
53,22,2.283000,12
53,23,1.839000,12
53,24,1.600000,14
53,25,3.142000,14
53,26,1.139000,6
53,27,1.754000,12
53,28,2.836000,14
53,29,1.843000,12
53,30,1.350000,14
53,31,1.580000,7
53,32,1.649000,7
53,33,1.525000,12
53,34,2.463000,13
53,35,1.813000,11
53,36,0.691000,12
53,37,2.220000,11
53,38,2.439000,15
53,39,1.381000,13
53,40,2.100000,7
53,41,1.561000,7
53,42,1.803000,13
53,43,3.044000,14
53,44,1.599000,8
53,45,1.236000,9
53,46,1.561000,7
53,47,2.898000,15
53,48,1.410000,8
