"iteration","objective","primal_inf","dual_inf","complementarity_inf","log10_barrier","log10_regularization","step_size","line_search_backtracks"
"0","3360","1","98.983","1","0",,"0","0"
"1","3531.3348","0.98438","97.437","1","0",,"0.015625","0"
"2","4145.93088","0.95361","94.392","1","0",,"0.03125","0"
"3","4647.72361","0.92381","91.442","1","0",,"0.03125","0"
"4","5113.0305","0.89494","88.584","1","0",,"0.03125","0"
"5","5977.53488","0.83901","83.048","1","0",,"0.0625","0"
"6","7464.60247","0.73413","64.868","1","0",,"0.125","0"
"7","8489.51883","0.69301","35.938","1","0",,"0.125","0"
"8","9845.99828","0.8673","14.29","1","0",,"0.25","0"
"9","11001.0285","0.85593","3.3295","1","-0.7",,"0.5","0"
"10","11288.525","0.46473","1.9631","0.6","-1.4",,"0.5","0"
"11","11395.4175","0.23828","1.5157","0.32541","-1.4",,"0.5","0"
"12","11416.1091","0.11934","1.1928","0.18721","-1.4",,"0.5","0"
"13","11388.1828","0.059927","0.90103","0.12047","-1.4",,"0.5","0"
"14","11334.8995","0.030995","0.62332","0.083559","-1.4",,"0.5","0"
"15","11277.5487","0.016701","0.37256","0.063061","-2.1",,"0.5","0"
"16","11152.8228","0.016436","0.18628","0.038473","-2.1",,"0.5","0"
"17","10983.2291","0.024655","0.09314","0.02456","-2.1",,"0.5","0"
"18","10775.2491","0.042708","0.04657","0.016769","-2.8",,"0.5","0"
"19","10596.0208","0.063519","0.034927","0.013127","-2.8",,"0.25","0"
"20","10543.7972","0.064023","0.032745","0.012413","-2.8",,"0.0625","0"
"21","10437.3183","0.075827","0.028651","0.011082","-2.8",,"0.125","0"
"22","10328.0246","0.085804","0.02507","0.009913","-2.8",,"0.125","0"
"23","10218.4669","0.089887","0.022402","0.0088862","-2.8",,"0.125","0"
"24","10111.1631","0.0896","0.020084","0.0079849","-2.8",,"0.125","0"
"25","9905.33031","0.13145","0.016297","0.0064268","-2.8",,"0.25","0"
"26","9724.94663","0.15847","0.012618","0.0052589","-2.8",,"0.25","0"
"27","9575.8582","0.14519","0.0095699","0.0043787","-2.8",,"0.25","0"
"28","9456.8401","0.13295","0.0072055","0.0037099","-2.8",,"0.25","0"
"29","9363.87232","0.11356","0.0054113","0.0032009","-2.8",,"0.25","0"
"30","9292.25484","0.090721","0.00406","0.0028132","-2.8",,"0.25","0"
"31","9237.61064","0.07035","0.003045","0.002518","-2.8",,"0.25","0"
"32","9154.71863","0.044946","0.0015212","0.0020793","-2.8",,"0.5","0"
"33","9112.50662","0.025454","0.00075973","0.0018458","-2.8",,"0.5","0"
"34","9091.25285","0.013365","0.00037962","0.0017246","-3.49",,"0.5","0"
"35","9014.17786","0.020017","0.00052364","0.0013908","-3.49",,"0.25","0"
"36","8955.36395","0.01916","0.00062933","0.0011355","-3.49",,"0.25","0"
"37","8910.74743","0.01632","0.00063126","0.00093997","-3.49",,"0.25","0"
"38","8877.00252","0.013394","0.00057695","0.00079078","-3.49",,"0.25","0"
"39","8826.08844","0.012965","0.00058377","0.0005724","-3.49",,"0.5","0"
"40","8800.41119","0.009062","0.00047622","0.00045315","-3.49",,"0.5","0"
"41","8787.57248","0.0051852","0.0002912","0.00038902","-3.49",,"0.5","0"
"42","8781.16563","0.0027497","0.00016014","0.00035527","-4.19",,"0.5","0"
"43","8747.96053","0.0052506","0.0004922","0.00022449","-4.19",,"0.5","0"
"44","8739.69767","0.0043921","0.00040529","0.00018615","-4.19",,"0.25","0"
"45","8733.52383","0.0035783","0.00033113","0.00015686","-4.19",,"0.25","0"
"46","8724.30253","0.0029722","0.00025956","0.00011386","-4.19",,"0.5","0"
"47","8722.02436","0.0023569","0.0002035","0.00010173","-4.19",,"0.25","0"
"48","8720.322","0.0018488","0.00015785","9.2512E-05","-4.19",,"0.25","0"
"49","8717.77672","0.0011294","9.2052E-05","7.8801E-05","-4.19",,"0.5","0"
"50","8716.51307","0.00062773","4.9809E-05","7.1572E-05","-5.03",,"0.5","0"
"51","8713.07477","0.00076492","7.5587E-05","5.6841E-05","-5.03",,"0.25","0"
"52","8710.51648","0.00078217","0.00010615","4.5572E-05","-5.03",,"0.25","0"
"53","8710.04057","0.00074223","0.00010247","4.3332E-05","-5.03",,"0.0625","0"
"54","8709.59502","0.000704","9.8932E-05","4.1229E-05","-5.03",,"0.0625","0"
"55","8708.76083","0.00064573","9.7651E-05","3.733E-05","-5.03",,"0.125","0"
"56","8708.03329","0.00058948","9.5676E-05","3.3905E-05","-5.03",,"0.125","0"
"57","8707.39872","0.00053582","9.298E-05","3.0896E-05","-5.03",,"0.125","0"
"58","8706.84519","0.00048515","8.9589E-05","2.8252E-05","-5.03",,"0.125","0"
"59","8705.87948","0.00041673","9.5944E-05","2.3705E-05","-5.03",,"0.25","0"
"60","8705.16027","0.00034592","9.3947E-05","2.0235E-05","-5.03",,"0.25","0"
"61","8704.62431","0.0002801","8.674E-05","1.7588E-05","-5.03",,"0.25","0"
"62","8703.82491","0.00019033","8.7072E-05","1.3678E-05","-5.03",,"0.5","0"
"63","8703.4307","0.00010996","3.8834E-05","8.5515E-06","-5.03",,"0.5","0"
"64","8703.23549","5.9034E-05","1.3197E-05","4.4233E-06","-6.04",,"0.5","0"
"65","8702.7376","6.5427E-05","1.7712E-05","3.3313E-06","-6.04",,"0.25","0"
"66","8702.36836","6.1841E-05","1.7744E-05","2.4977E-06","-6.04",,"0.25","0"
"67","8702.09466","5.3507E-05","1.546E-05","1.8629E-06","-6.04",,"0.25","0"
"68","8701.89185","4.3455E-05","1.4078E-05","1.3817E-06","-6.04",,"0.25","0"
"69","8701.74161","3.4816E-05","1.2153E-05","1.0189E-06","-6.04",,"0.25","0"
"70","8701.63031","2.7011E-05","1.0371E-05","7.471E-07","-6.04",,"0.25","0"
"71","8701.46535","1.4429E-05","9.2056E-06","3.9789E-07","-6.04",,"0.5","0"
"72","8701.38553","7.2216E-06","4.7258E-06","2.0534E-07","-7.25",,"0.5","0"
"73","8701.32421","5.4241E-06","4.4342E-06","1.5588E-07","-7.25",,"0.25","0"
"74","8701.27915","4.1541E-06","4.2323E-06","1.1804E-07","-7.25",,"0.25","0"
"75","8701.24608","3.3071E-06","3.8715E-06","8.9081E-08","-7.25",,"0.25","0"
"76","8701.22183","2.6033E-06","3.4047E-06","6.6948E-08","-7.25",,"0.25","0"
"77","8701.20407","2.0245E-06","2.8833E-06","5.0064E-08","-7.25",,"0.25","0"
"78","8701.17805","1.1791E-06","2.5025E-06","2.6969E-08","-7.25",,"0.5","0"
"79","8701.16589","6.3345E-07","1.5124E-06","1.4028E-08","-7.25",,"0.5","0"
"80","8701.16017","3.2794E-07","7.0465E-07","7.0531E-09","-7.25",,"0.5","0"
"81","8701.15744","1.668E-07","2.6398E-07","3.4421E-09","-8",,"0.5","0"
"82","8701.15241","9.4575E-08","1.9211E-07","1.8477E-09","-8",,"0.5","0"
"83","8701.15002","8.8044E-08","1.2761E-07","9.5838E-10","-8",,"0.5","0"
"84","8701.14888","7.6487E-08","7.0912E-08","5.1013E-10","-8",,"0.5","0"
