rank,beta_svd_fro,omega_svd_fro,beta_selected_fro,omega_selected_fro,beta_selected_col_max,beta_selected_col_mean,omega_selected_col_max,omega_selected_col_mean
0,1.000000000000e+00,1.000000000000e+00,1.000000000000e+00,1.000000000000e+00,1.000000000000e+00,1.000000000000e+00,1.000000000000e+00,1.000000000000e+00
1,4.690684539099e-01,2.974942280859e-01,6.061611657202e-01,4.501734129315e-01,9.401982524618e-01,6.344839410030e-01,8.413512958952e-01,5.138061314267e-01
2,3.710695223470e-01,1.849845671583e-01,5.001660464652e-01,3.289280533440e-01,8.922690050585e-01,5.082130151759e-01,7.654648271980e-01,3.132697042700e-01
4,3.232469197457e-01,1.269210954798e-01,4.023877770202e-01,1.812563937079e-01,8.890821816257e-01,4.162493245947e-01,7.602246747650e-01,2.071178697769e-01
8,2.606325607101e-01,8.412844462804e-02,3.233937729708e-01,1.131334444333e-01,8.342447979117e-01,3.234956544871e-01,7.311455264997e-01,1.327329232654e-01
12,2.219390110401e-01,5.490241771153e-02,2.801994845288e-01,7.905633446326e-02,5.885976638080e-01,2.623676831387e-01,3.265369658401e-01,8.071629826309e-02
16,1.957688657708e-01,3.932711829494e-02,2.414473177819e-01,5.916501750111e-02,5.883756576219e-01,2.167566236741e-01,3.268542586816e-01,6.063456726987e-02
24,1.553351644804e-01,2.163917084538e-02,1.890046650186e-01,3.787764595993e-02,4.283803204373e-01,1.433621660729e-01,1.713515823412e-01,2.992360170301e-02
32,1.209964250141e-01,1.073683417176e-02,1.444230830603e-01,2.273608551333e-02,4.283143465686e-01,8.994648010481e-02,1.202323444642e-01,1.408437993539e-02
40,8.782427212872e-02,5.109066783856e-03,1.043242722720e-01,1.503543132831e-02,4.283139513059e-01,5.216676550626e-02,1.202331745470e-01,8.406940919827e-03
48,4.453657432199e-02,1.009102248584e-03,5.233282718602e-02,5.398651496128e-03,2.636662658062e-01,1.453637893224e-02,3.951094684686e-02,1.754224699835e-03
51,3.650799084052e-15,3.634812216715e-15,6.814570516535e-16,5.283709953599e-16,1.625439605965e-15,6.441057547456e-16,1.474734021285e-15,5.163206807648e-16
