"iteration","barrier_iteration","outcome","stages","backward_s","forward_s","total_s","derivative_s","first_order_s","second_order_s","algebra_s","kkt_assembly_s","factor_s","solve_s","update_s","unclassified_backward_s","step_size","backtracks","barrier_mu"
"0","0","accepted","3","22.0707562","3.4660115","25.5367677","0.6415758","0.4094593","0.1887834","2.6428457","2.0528079","1.4572433","8.3014763","0.9971346","5.9776726","0.001953125","0","1"
"1","0","accepted","3","13.8862427","1.9611978","15.8474405","1.1218714","0.3310973","0.7905637","0.4283867","0.6605526","2.280619","8.9912327","0.2084854","0.195094899999999","0.001953125","0","1"
"2","0","accepted","3","12.8414025","1.4043682","14.2457707","1.0288589","0.2971838","0.7314898","0.4631475","0.6573379","1.6787583","8.5961829","0.2034483","0.213668699999999","0.00390625","0","1"
"3","0","accepted","3","13.1421581","1.3086563","14.4508144","1.0643489","0.2953245","0.7688364","0.918766","0.9067449","1.184432","8.6575583","0.2081543","0.202153699999997","0.00390625","0","1"
"4","0","accepted","3","12.9734332","1.3379238","14.311357","1.0315766","0.3011706","0.7302247","0.428189","0.7171915","1.8429383","8.5456749","0.2027897","0.205073199999999","0.00390625","0","1"
"5","0","accepted","3","12.4958893","1.472036","13.9679253","1.0276647","0.2979389","0.7295378","0.3944039","0.6784237","1.5295747","8.4655022","0.2067162","0.193603899999999","0.00390625","0","1"
"6","0","accepted","3","13.3100635","1.3892929","14.6993564","1.0560896","0.3033919","0.752508","0.8163672","0.6239127","1.6205248","8.7969493","0.2034339","0.192786","0.0078125","0","1"
"7","0","accepted","3","13.2853932","2.3817975","15.6671907","1.0870427","0.3348387","0.7520135","0.8751887","0.6437038","1.5950786","8.6730588","0.2008205","0.210500099999999","0.0009765625","0","1"
"8","0","accepted","3","20.8740716","1.6291329","22.5032045","1.0340202","0.3070753","0.7267526","0.8547624","0.9295461","8.5124626","9.1533134","0.2011779","0.188789","0.0078125","1","1"
"9","0","accepted","3","13.1067232","1.8127518","14.919475","1.0121223","0.2957676","0.7161678","0.4545103","1.0443732","1.767255","8.4382007","0.2011193","0.1891424","0.0078125","1","1"
"10","0","accepted","3","12.4154256","1.399973","13.8153986","1.0597435","0.342867","0.7166756","1.1396694","0.576221","1.1683969","8.0652446","0.2053825","0.2007677","0.0078125","0","1"
"11","0","accepted","3","12.6451148","1.6350999","14.2802147","1.0233716","0.2964819","0.7266997","0.8507226","0.9388739","1.1852856","8.2516541","0.20432","0.190887000000002","0.00390625","0","1"
"12","0","accepted","3","12.7550109","2.5476292","15.3026401","1.01435","0.2893279","0.7248375","0.4522685","0.7243268","1.7643391","8.4034868","0.2060849","0.1901548","0.0009765625","0","1"
"13","0","accepted","3","12.413863","2.9571666","15.3710296","1.0348297","0.2896216","0.7449967","0.3939311","0.5984166","1.6265628","8.3698736","0.1998265","0.190422699999999","0.00048828125","0","1"
"14","0","accepted","3","13.2385392","3.6617221","16.9002613","1.0250567","0.2966902","0.7281732","0.8457017","0.6255249","1.5531077","8.790436","0.1961101","0.2026021","0.000244140625","0","1"
"15","0","accepted","3","13.0503539","3.5565013","16.6068552","1.0432929","0.2978856","0.7452167","0.841917","0.6016369","1.618012","8.5518192","0.1976518","0.196024100000001","0.00048828125","0","1"
"16","0","accepted","3","21.5451902","1.8257838","23.370974","1.0284016","0.3020945","0.7261275","1.1567377","0.6136979","9.2171039","9.1370619","0.2040065","0.188180700000004","0.0078125","1","1"
"17","0","accepted","3","19.5315372","1.9051594","21.4366966","1.0884252","0.3053573","0.7828772","1.2012141","0.5923229","6.8596288","9.3854702","0.2012444","0.203231599999999","0.0078125","0","1"
"18","0","accepted","3","13.1414701","1.7440444","14.8855145","1.0679622","0.3310138","0.7367583","0.873209","0.9759001","1.5634084","8.2686273","0.20346","0.188903099999999","0.0078125","2","1"
"19","0","accepted","3","12.9402246","1.7983956","14.7386202","1.0620288","0.3003926","0.7614503","0.4495151","0.793559","1.8262805","8.4129355","0.203204","0.192701700000002","0.0078125","2","1"
"20","0","accepted","3","12.6217094","2.0761975","14.6979069","1.082389","0.325863","0.7562989","0.3728996","0.6846284","1.5616065","8.5374326","0.1892474","0.1935059","0.0078125","2","1"
"21","0","accepted","3","12.8139508","1.9920014","14.8059522","1.0584096","0.3206849","0.737543","0.8328769","0.9200691","1.2053993","8.3927816","0.2150605","0.189353799999999","0.0078125","2","1"
"22","0","accepted","3","12.7991623","1.8546764","14.6538387","1.0458104","0.3102939","0.7353311","0.8872587","0.9504824","1.1758765","8.3432026","0.2065793","0.189952400000001","0.0078125","2","1"
"23","0","accepted","3","13.0446411","1.8447818","14.8894229","1.0474537","0.2960914","0.7511758","0.8507898","0.9231639","1.1709693","8.6629545","0.2014256","0.1878843","0.0078125","2","1"
"24","0","accepted","3","12.6188033","1.9255191","14.5443224","1.0774796","0.307424","0.7698632","0.8698574","0.9040804","1.1802363","8.1926695","0.2031439","0.191336199999999","0.0078125","2","1"
"25","0","accepted","3","12.6819582","2.0333218","14.71528","1.0472504","0.3223684","0.7246441","0.8577274","0.901143","1.2355506","8.2342297","0.1974729","0.208584200000002","0.0078125","3","1"
"26","0","accepted","3","12.9854977","2.0085707","14.9940684","1.0843813","0.2987755","0.7854142","0.8348197","0.6452464","1.4760042","8.5254386","0.2045115","0.215095999999997","0.0078125","3","1"
"27","0","accepted","3","12.5962031","2.1187708","14.7149739","1.045051","0.3044793","0.7403863","0.8361692","0.6424934","1.5225368","8.1418168","0.193364","0.214771899999999","0.0078125","3","1"
"28","0","accepted","3","13.1219503","1.8980119","15.0199622","1.0710712","0.2933489","0.7775288","0.9537504","0.6268708","1.6304065","8.4421155","0.1974184","0.200317499999999","0.015625","2","1"
"29","0","accepted","3","12.7278735","1.7505966","14.4784701","1.0598026","0.3087644","0.7508486","0.8726517","0.8959863","1.1660738","8.3441019","0.1807356","0.208521599999999","0.015625","2","1"
"30","0","accepted","3","12.6010953","1.7524392","14.3535345","1.0668138","0.2963986","0.7702202","0.7919213","0.6481435","1.4813951","8.2125551","0.2045173","0.195749200000002","0.015625","2","1"
"31","0","accepted","3","12.5456713","1.8080856","14.3537569","1.0733273","0.3442595","0.728862","0.8269139","0.5779427","1.5125426","8.1656964","0.1982693","0.190979100000002","0.015625","3","1"
"32","0","accepted","3","12.75785","1.7787352","14.5365852","1.0578567","0.3199461","0.7377141","0.9266959","0.5978211","1.5409837","8.2375353","0.2019129","0.195044399999999","0.015625","3","1"
"33","0","accepted","3","12.3479772","1.8529515","14.2009287","1.0208773","0.2933249","0.7273543","0.787336","0.5726748","1.5425598","8.0349655","0.2012546","0.188309199999999","0.015625","3","1"
"34","0","accepted","3","12.5625872","2.0150759","14.5776631","1.0142659","0.3027354","0.7113435","0.8079961","0.5891574","1.5353237","8.2284783","0.1972651","0.190100700000002","0.015625","3","1"
"35","0","accepted","3","13.0162975","2.0917788","15.1080763","1.0156219","0.2931689","0.7222663","0.7904314","0.602552","1.6229536","8.5903365","0.2018486","0.192553500000001","0.015625","3","1"
"36","0","accepted","3","13.3058567","2.1760278","15.4818845","1.0570185","0.3250683","0.7317449","0.8324896","0.9458655","1.4775212","8.5941641","0.2069208","0.191876999999998","0.015625","3","1"
"37","0","accepted","3","12.8473087","2.1652427","15.0125514","1.0893881","0.3091453","0.7800503","0.7963776","0.661932","1.7148378","8.1903478","0.2088756","0.185549799999999","0.015625","3","1"
"38","0","accepted","3","12.9278839","2.076156","15.0040399","1.1185719","0.3370106","0.7813709","0.8365372","0.9124327","1.4933019","8.1723915","0.1999263","0.1947224","0.015625","4","1"
"39","0","accepted","3","12.9443578","2.6729207","15.6172785","1.06076","0.3077513","0.7528219","0.4070743","0.7223816","1.8232366","8.5420711","0.1999919","0.188842300000001","0.015625","4","1"
"40","0","accepted","3","13.4700571","2.0553384","15.5253955","1.0556546","0.304363","0.7510563","0.7353049","0.6322545","1.7526731","8.8898568","0.2026511","0.201662099999998","0.015625","4","1"
"41","0","accepted","3","12.9713155","2.0282635","14.999579","1.072286","0.3131853","0.758907","0.7989671","0.6498932","1.8040751","8.2567959","0.2005165","0.188781699999998","0.015625","4","1"
"42","0","accepted","3","13.0846352","2.2043279","15.2889631","1.0280831","0.2993087","0.7285885","0.845703","0.6781357","1.8314156","8.2993016","0.2112495","0.190746700000002","0.015625","4","1"
"43","0","accepted","3","12.9915853","2.1641294","15.1557147","1.0886393","0.3389909","0.7494565","0.7948521","0.688695","1.8689628","8.1392394","0.1983899","0.212806799999999","0.015625","4","1"
"44","0","accepted","3","12.8798332","2.1860729","15.0659061","1.026862","0.2935913","0.7330786","0.834204","0.6204322","1.7912878","8.2085728","0.2053467","0.193127700000002","0.015625","4","1"
"45","0","accepted","3","13.1074753","2.3624001","15.4698754","1.1379983","0.3153515","0.8224478","0.8198479","0.6543325","1.8426477","8.2402843","0.211962","0.200402600000002","0.015625","4","1"
"46","0","accepted","3","13.0943506","2.2650118","15.3593624","1.1027192","0.3115875","0.7909436","0.8163353","0.6169036","1.8597855","8.3021753","0.2035682","0.1928635","0.015625","4","1"
"47","0","accepted","3","13.5059866","2.4101164","15.916103","1.092987","0.3133971","0.7793939","0.8239654","0.61426","2.2280479","8.3300498","0.200003","0.216673500000001","0.015625","4","1"
"48","0","accepted","3","13.3321975","2.4889913","15.8211888","1.1115587","0.3321062","0.7792489","0.810959","0.6239803","2.1297103","8.2569194","0.2099433","0.189126499999999","0.015625","4","1"
"49","0","accepted","3","13.8167798","2.3666494","16.1834292","1.0796572","0.314994","0.7644514","0.9221301","0.6402087","2.0866172","8.6835451","0.2048349","0.199786600000001","0.015625","4","1"
"50","0","accepted","3","13.6812473","2.3313917","16.012639","1.0388248","0.297618","0.7410246","0.8736239","1.0064315","1.8762886","8.4939895","0.2009346","0.191154399999999","0.015625","5","1"
"51","0","accepted","3","13.781647","2.3116855","16.0933325","1.0561758","0.2909226","0.7650641","0.4791546","0.7680127","2.5035441","8.5808033","0.2058344","0.188122099999999","0.015625","5","1"
"52","0","accepted","3","13.4424179","2.3652926","15.8077105","1.0277532","0.2970324","0.7305289","0.4003431","0.7042451","2.1812911","8.7183406","0.2080712","0.2023736","0.015625","5","1"
"53","0","accepted","3","13.2921883","1.8559855","15.1481738","1.1259232","0.3221104","0.803514","0.8848963","0.9317003","1.7919285","8.1515567","0.199546","0.206637299999999","0.03125","4","1"
"54","0","accepted","3","13.2573225","2.023599","15.2809215","1.0405984","0.2916384","0.7487698","0.8538458","0.9486821","1.8356049","8.1784689","0.2060787","0.1940437","0.03125","4","1"
"55","0","accepted","3","13.3565811","1.8842575","15.2408386","1.0189071","0.2997997","0.7189166","0.8810811","0.9465212","1.797532","8.3243707","0.1990141","0.189154900000002","0.03125","4","1"
"56","0","accepted","3","13.5986851","2.0239948","15.6226799","1.0806779","0.3144086","0.7660896","0.8343462","0.6846226","2.1341619","8.4574666","0.1990598","0.208350100000001","0.03125","4","1"
"57","0","accepted","3","13.7081268","2.0378563","15.7459831","1.0519176","0.3074673","0.7442441","0.8176951","0.6074029","2.1163328","8.690879","0.1973089","0.2265905","0.03125","4","1"
"58","0","accepted","3","13.3578781","2.0213331","15.3792112","1.0809234","0.3175352","0.7631948","0.8605223","0.9528299","1.8611463","8.2103814","0.1994105","0.192664300000001","0.03125","4","1"
"59","0","accepted","3","13.5899342","2.0154686","15.6054028","1.0676614","0.3254841","0.7419851","0.862314","0.9932262","1.9496766","8.3149388","0.2096378","0.192479400000002","0.03125","4","1"
"60","0","accepted","3","13.6876123","2.1964985","15.8841108","1.1276158","0.3432481","0.7841687","0.8730197","0.9577789","2.0255618","8.3153572","0.1990352","0.189243699999997","0.03125","4","1"
"61","0","accepted","3","13.7865367","1.9990184","15.7855551","1.1123953","0.3318816","0.7803212","0.9206242","0.9671191","1.9567097","8.4186001","0.2060577","0.205030599999999","0.03125","4","1"
"62","0","accepted","3","13.7793457","2.0440875","15.8234332","1.0569142","0.3216831","0.7350446","0.8543422","0.9498895","2.0262131","8.4760982","0.2051926","0.210695900000001","0.03125","4","1"
"63","0","accepted","3","13.7889342","2.0736675","15.8626017","1.1120035","0.3167901","0.7950185","0.8656781","1.001251","2.046744","8.3581811","0.2010092","0.2040673","0.03125","4","1"
"64","0","accepted","3","13.8103288","1.9562773","15.7666061","1.0522561","0.3031869","0.7488804","0.8940367","0.9257256","2.0634709","8.4832133","0.2000343","0.191591900000001","0.03125","4","1"
"65","0","accepted","3","13.8412872","1.5894271","15.4307143","1.0397398","0.3065679","0.7329788","0.8567272","0.9281923","2.1711542","8.4260385","0.2226363","0.196798899999999","0.0625","3","1"
"66","0","accepted","3","13.5839495","1.505817","15.0897665","1.0116318","0.2959494","0.715506","0.8478865","0.9392734","2.1184221","8.2725653","0.2046045","0.1895659","0.0625","3","1"
"67","0","accepted","3","13.7974741","1.7291219","15.526596","1.0389011","0.3145685","0.7241417","0.8481838","0.8971897","2.1501196","8.4711408","0.2005548","0.191384299999999","0.0625","3","1"
"68","0","accepted","3","13.7602101","1.8670439","15.627254","1.0601297","0.3012549","0.758691","0.8690637","0.9061553","2.2366618","8.3015271","0.1988739","0.187798599999997","0.0625","3","1"
"69","0","accepted","3","14.5184537","1.7093611","16.2278148","1.1469512","0.4022725","0.74445","0.9512747","1.0466857","2.3687039","8.5951149","0.2074135","0.2023098","0.0625","3","1"
"70","0","accepted","3","14.1061542","1.7075993","15.8137535","1.097317","0.3351771","0.761957","0.8845999","0.9846949","2.3371396","8.416004","0.1995971","0.1868017","0.0625","3","1"
"71","0","accepted","3","14.2354933","1.2122432","15.4477365","1.0320553","0.3008311","0.7310338","0.8439816","0.6218994","2.8192756","8.5295795","0.1965742","0.192127699999999","0.125","2","1"
"72","0","accepted","3","14.2293091","1.2814183","15.5107274","1.0303201","0.3030713","0.7270602","0.8414989","0.5835471","2.8615786","8.5107804","0.204468","0.197115999999999","0.125","2","1"
"73","0","accepted","3","14.7059624","1.277124","15.9830864","1.0825398","0.3232325","0.7591306","0.8472393","1.0011914","2.6289564","8.7485215","0.207595","0.189919000000002","0.125","2","1"
"74","0","accepted","3","14.7766543","0.8699154","15.6465697","1.1069692","0.3209115","0.7858539","0.8515712","0.9596179","2.893788","8.5487872","0.2037988","0.212122000000003","0.25","1","1"
"75","0","accepted","3","15.3592517","0.9572015","16.3164532","1.0495171","0.2970957","0.7522259","0.8441794","0.8965222","3.5260795","8.6437507","0.207811","0.1913918","0.25","1","1"
"76","0","accepted","3","16.7635706","0.4839454","17.247516","1.4130553","0.3000791","1.1127815","1.1994583","0.5957079","4.3292782","8.8355554","0.2004737","0.190041799999999","0.5","0","1"
"77","0","accepted","3","18.9835288","0.4697585","19.4532873","1.1613323","0.3144921","0.8466382","0.877724","0.9769274","5.6877937","9.8810494","0.2061012","0.192600799999997","0.5","0","1"
"78","0","accepted","3","19.2406842","0.623606","19.8642902","1.1898531","0.2970503","0.8926151","1.2643122","0.9146855","5.8337286","9.6480847","0.20296","0.1870601","0.5","0","1"
"79","0","accepted","3","19.3358587","0.5739533","19.909812","1.0833253","0.3178119","0.7653249","1.2398708","0.8935606","5.9263957","9.7968613","0.2013967","0.194448299999998","0.5","0","1"
"80","0","accepted","3","19.7418044","0.5583938","20.3001982","1.0526755","0.3078855","0.7445971","1.2266183","0.9431297","5.8647168","10.2486798","0.1958744","0.210109899999999","0.5","0","1"
"81","0","barrier_update","3","19.3465009","0","19.3465009","1.0573026","0.2999263","0.7571919","1.5172768","0.5791858","6.070031","9.7231501","0.2114158","0.188138799999997","0.5","0","1"
"81","1","accepted","3","19.1918208","0.5833893","19.7752101","1.0334113","0.2940127","0.7392004","0.9314646","1.2423994","5.9830059","9.6118318","0.1937469","0.195960899999996","0.5","0","0.2"
"82","1","accepted","3","16.9220196","0.5595751","17.4815947","1.0334683","0.3069191","0.7263604","1.5160386","0.6013441","4.2966778","9.0797869","0.2025431","0.1921608","0.5","0","0.2"
"83","1","accepted","3","16.8287876","0.557451","17.3862386","1.0566979","0.3185731","0.7379221","1.2559849","0.8922072","4.1515053","9.0819149","0.1965256","0.193951799999997","0.5","0","0.2"
"84","1","barrier_update","3","16.1779501","0","16.1779501","1.0136559","0.2943123","0.7191605","1.2142089","0.9003563","3.7363601","8.9181034","0.2037159","0.1915496","0.5","0","0.2"
"84","2","accepted","3","16.3186561","0.4432557","16.7619118","1.0479443","0.3025284","0.7452361","0.9394555","1.2674482","3.6760445","8.9841733","0.2067527","0.196837600000002","0.5","0","0.04"
"85","2","accepted","3","15.4366628","0.4813429","15.9180057","1.0191625","0.2945217","0.7244628","1.1451957","0.5789313","3.4339362","8.8180821","0.2054795","0.235875500000001","0.5","0","0.04"
"86","2","barrier_update","3","15.5762858","0","15.5762858","1.112601","0.3508181","0.7615917","0.8841231","0.9370562","3.1747037","9.0633022","0.2065337","0.1979659","0.5","0","0.04"
"86","3","accepted","3","15.4936806","0.5968357","16.0905163","1.0247136","0.2992738","0.7252523","0.9412531","1.268122","2.9563311","8.90171","0.204152","0.1973988","0.5","0","0.008"
"87","3","accepted","3","14.9109391","0.439673","15.3506121","1.1244073","0.3010328","0.823178","0.8226577","0.9245399","3.0541268","8.5956504","0.2008083","0.1887487","0.5","0","0.008"
"88","3","accepted","3","15.8252029","0.4421744","16.2673773","1.1709445","0.3376034","0.8331576","1.2004112","0.8849907","3.3789988","8.7982043","0.2029631","0.188690300000001","0.5","0","0.008"
"89","3","barrier_update","3","15.9402061","0","15.9402061","1.0755189","0.2903233","0.7850049","0.8388562","0.9285233","3.7225726","8.9891505","0.1978739","0.1877107","0.5","0","0.008"
"89","4","accepted","3","16.2223676","0.4441033","16.6664709","1.0463886","0.3002471","0.7459539","0.9358309","0.9615477","4.0624123","8.8215671","0.2024731","0.192147899999998","0.5","0","0.0016"
"90","4","accepted","3","16.5653209","0.4735897","17.0389106","1.1288968","0.2987636","0.8299479","1.2243482","0.8988342","3.9698042","8.9525906","0.1975358","0.193311099999999","0.5","0","0.0016"
"91","4","accepted","3","16.6093141","0.5148034","17.1241175","1.0146569","0.2982818","0.7161819","1.2077312","0.6546247","4.0965493","9.1865103","0.2050249","0.2442168","0.5","0","0.0016"
"92","4","accepted","3","17.1105089","0.5105879","17.6210968","1.1028406","0.3192231","0.7834245","1.1660811","0.6240586","4.6328519","9.189275","0.2014885","0.193913200000001","0.5","0","0.0016"
"93","4","accepted","3","18.4494303","0.4460932","18.8955235","1.0827164","0.3618865","0.7206407","1.1766482","0.5944","5.8543696","9.3259013","0.2099065","0.205488299999999","0.5","0","0.0016"
"94","4","accepted","3","20.8112946","0.5364301","21.3477247","1.0232092","0.2998831","0.7231548","1.172946","0.608635","8.1936855","9.3675378","0.2137601","0.231520999999997","0.5","0","0.0016"
"95","4","barrier_update","3","23.1573283","0","23.1573283","1.023115","0.2961178","0.7267994","1.2131691","0.8841096","10.1596983","9.4940259","0.194539","0.1886714","0.5","0","0.0016"
"95","5","accepted","3","23.3138945","0.5591481","23.8730426","1.0505591","0.3178423","0.7325137","0.9247039","1.2371157","10.284559","9.4199853","0.1987354","0.198236099999999","0.5","0","0.00032"
"96","5","accepted","3","28.2577184","0.5482219","28.8059403","1.398955","0.302645","1.0961277","1.1824983","0.5820128","14.8638243","9.824976","0.2032688","0.202183200000004","0.5","0","0.00032"
"97","5","accepted","3","30.7012435","0.4894698","31.1907133","1.4159507","0.6884341","0.7273188","1.1440927","0.5771404","17.1640945","10.0074211","0.2030255","0.1895186","0.5","0","0.00032"
"98","5","barrier_update","3","32.5566803","0","32.5566803","1.0547798","0.3076005","0.7469839","1.1461035","0.5952729","19.0530378","10.319869","0.2013349","0.186282400000003","0.5","0","0.00032"
"98","6","accepted","3","32.6672249","0.4668898","33.1341147","1.0455427","0.3034023","0.7419524","1.1887517","0.5998591","19.0961186","10.3438156","0.2042377","0.188899500000005","0.5","0","6.4E-05"
"99","6","accepted","3","35.3954696","0.4709256","35.8663952","1.020797","0.2959669","0.7246435","1.1515259","0.5921592","21.3417765","10.8878967","0.2037073","0.197606999999998","0.5","0","6.4E-05"
"100","6","accepted","3","35.8747781","0.5746098","36.4493879","1.023605","0.2946882","0.7287271","1.1496608","0.5819831","22.219809","10.5148346","0.2004996","0.184386000000003","0.5","0","6.4E-05"
"101","6","barrier_update","3","36.5064929","0","36.5064929","1.0441254","0.3237313","0.7201995","1.1497189","0.5914071","22.7278126","10.5981587","0.2007499","0.194520300000001","0.5","0","6.4E-05"
"101","7","accepted","3","36.4839193","0.4644101","36.9483294","1.0165531","0.2904198","0.7259355","1.1717656","0.5926654","22.6796607","10.6270263","0.2043568","0.191891399999989","0.5","0","9.277179695E-06"
"102","7","accepted","3","38.262832","0.4569049","38.7197369","1.0189192","0.3006536","0.7180792","1.1515263","0.5995357","24.0657521","11.0218618","0.2131231","0.192113800000008","0.5","0","9.277179695E-06"
"103","7","accepted","3","36.8716987","0.5483508","37.4200495","1.0453247","0.3070958","0.7380377","1.1880912","0.5807402","23.0099135","10.6583928","0.2024335","0.186802800000002","0.5","0","9.277179695E-06"
"104","7","barrier_update","3","37.2106184","0","37.2106184","1.0182253","0.3007461","0.7172934","1.1790188","0.589798","23.3637132","10.6750415","0.19904","0.185781600000006","0.5","0","9.277179695E-06"
"104","8","accepted","3","37.6594262","0.4658575","38.1252837","1.0806951","0.345351","0.7351402","1.2016459","0.5875377","23.7117261","10.6711602","0.1964572","0.210203999999997","0.5","0","9.13901021E-07"
"105","8","accepted","3","37.2384626","0.5525885","37.7910511","1.076841","0.3066244","0.7700222","1.1692555","0.5980531","23.2843784","10.71705","0.2065014","0.186383199999995","0.5","0","9.13901021E-07"
"106","8","accepted","3","37.382303","0.4814942","37.8637972","1.0263759","0.3011604","0.7250255","1.1551584","0.589218","23.5660533","10.6592759","0.1977133","0.188508200000001","0.5","0","9.13901021E-07"
"107","8","barrier_update","3","37.9536825","0","37.9536825","1.0453553","0.3006943","0.7444687","1.1653825","0.6108568","23.7678247","10.9741829","0.1977493","0.192331000000003","0.5","0","9.13901021E-07"
"107","9","accepted","3","37.7675883","0.5084181","38.2760064","1.0253464","0.2942516","0.7309044","0.881103","0.5990377","23.9397901","10.9283048","0.2045273","0.189478999999999","0.5","0","5.663422933E-08"
"108","9","accepted","3","37.8006565","0.523995","38.3246515","1.0170782","0.3009928","0.7159106","1.1471637","0.5761011","23.8200644","10.8532545","0.2005245","0.186470100000001","0.5","0","5.663422933E-08"
"109","9","accepted","3","37.741371","0.4538487","38.1952197","1.0342584","0.3075083","0.7265635","1.1609157","0.600999","23.7462431","10.8075992","0.1915209","0.199834699999997","0.5","0","5.663422933E-08"
"110","9","accepted","3","38.0171776","0.4654893","38.4826669","1.0409406","0.3021824","0.7385587","0.8926503","0.5897867","24.356685","10.744635","0.196785","0.195695000000001","0.5","0","5.663422933E-08"
"111","9","accepted","3","39.5420068","0.5147831","40.0567899","1.0818607","0.3267575","0.7549104","0.9525829","0.6074585","25.5438379","10.9447954","0.1976782","0.213793200000005","0.5","0","5.663422933E-08"
"112","9","barrier_update","3","38.1247296","0","38.1247296","1.0347737","0.3069019","0.7276866","1.1515293","0.5797656","24.1586393","10.7807848","0.1984448","0.220792100000011","0.5","0","5.663422933E-08"
"112","10","accepted","3","38.2585569","0.5035565","38.7621134","1.0776942","0.3008474","0.7766377","0.9047434","0.5779188","24.246296","11.0531434","0.2044553","0.194305800000002","0.5","0","1E-08"
"113","10","accepted","3","38.7979812","0.5104946","39.3084758","1.0622802","0.3181668","0.7439193","1.2001399","0.6590771","24.5181171","10.9455164","0.2130805","0.199770000000008","0.5","0","1E-08"
"114","10","accepted","3","38.2390689","0.5214835","38.7605524","1.1596332","0.2998707","0.8595832","0.8553336","0.5938844","24.1611117","11.0794946","0.2008304","0.188780999999999","0.5","0","1E-08"
"115","10","converged","3","38.1443237","0","38.1443237","1.0474896","0.3204252","0.72685","1.1649469","0.6041949","24.0265256","10.914307","0.1961959","0.190663800000003","0.5","0","1E-08"
