map,family,radius,mean,median,p10,p90,columns
beta,P,0,0.0777354102546,0.0489189847493,0.0303960746039,0.124956366265,1020
beta,P,1,0.142318889378,0.0978338333926,0.0607921517813,0.249839721462,1020
beta,P,2,0.202611561921,0.146706869012,0.091181899159,0.374687391374,1020
beta,P,4,0.318005652197,0.244452940805,0.151905201016,0.622554584041,1020
beta,P,8,0.513320169205,0.43974798652,0.273333101748,0.992353491087,1020
beta,P,16,0.796880619463,0.828859787275,0.515889347639,0.997574888233,1020
beta,P,32,0.988877008123,0.999381849767,0.998551351253,0.999703971708,1020
beta,P,64,0.9995637977,0.999993759411,0.999976047849,0.999996007122,1020
beta,P,all,1,1,1,1,1020
beta,Q,0,0.0067095899097,0.00121855931313,1.32685938605e-13,0.0268344445046,1020
beta,Q,1,0.0217575454763,0.00376574033843,5.255082372e-13,0.079541732214,1020
beta,Q,2,0.0398193212999,0.00659867593337,9.31658492822e-13,0.161111799959,1020
beta,Q,4,0.0823636662015,0.0132729655752,2.0304772681e-12,0.340509369533,1020
beta,Q,8,0.188792988449,0.0519046948823,0.00430946608151,0.60298899062,1020
beta,Q,16,0.472205590111,0.516736727748,0.0238120474272,0.911524130957,1020
beta,Q,32,0.900713839986,0.955955923515,0.789553886075,0.975195531468,1020
beta,Q,64,0.982231045395,0.989188703092,0.957986223027,0.992672059057,1020
beta,Q,all,1,1,1,1,1020
beta,v,0,0.0355275349504,0.032882091619,0.0128451180943,0.0576353882076,1020
beta,v,1,0.10013867699,0.0953207163175,0.0359934035671,0.165353038789,1020
beta,v,2,0.159986112178,0.155544978148,0.0683690349686,0.256341598171,1020
beta,v,4,0.266069415747,0.257277604444,0.12499940258,0.403288340655,1020
beta,v,8,0.432544449541,0.42645069669,0.240887832791,0.600550957653,1020
beta,v,16,0.655292381481,0.661974936538,0.56324150743,0.759467436597,1020
beta,v,32,0.917952955612,0.924542030067,0.836486781432,0.995471530092,1020
beta,v,64,0.997338803319,0.999443699048,0.998462087677,0.999705690811,1020
beta,v,all,1,1,1,1,1020
beta,ell,0,0.0317092635291,0.0286917795012,0.0087375624913,0.0553432255797,1020
beta,ell,1,0.0925189102531,0.08619651414,0.0266068189011,0.160283798917,1020
beta,ell,2,0.148686540677,0.141244011004,0.0516440991136,0.243168859604,1020
beta,ell,4,0.24800060042,0.244344752656,0.0878661583422,0.385024076812,1020
beta,ell,8,0.403011440113,0.41073209926,0.201227674579,0.581104206376,1020
beta,ell,16,0.610611950731,0.624358819847,0.463704847696,0.708137251284,1020
beta,ell,32,0.878595075462,0.880037902037,0.794851564704,0.96529282891,1020
beta,ell,64,0.996297785507,0.997727010309,0.994054113971,0.9991287893,1020
beta,ell,all,1,1,1,1,1020
beta,pb,0,0.999582873571,0.999582891819,0.999582435831,0.999583411848,1020
beta,pb,1,0.999582955493,0.999582947669,0.999582450112,0.999583451905,1020
beta,pb,2,0.999583094155,0.999583123135,0.999582471841,0.999583734823,1020
beta,pb,4,0.999583384552,0.999583267482,0.999582618848,0.999584020903,1020
beta,pb,8,0.999584635385,0.999583647522,0.999582889422,0.999585083424,1020
beta,pb,16,0.999593062718,0.999584656943,0.999583353914,0.999620720144,1020
beta,pb,32,0.999680875799,0.999651253063,0.999586232456,0.999843039487,1020
beta,pb,64,0.999980105749,0.999997424247,0.999935868093,0.99999903514,1020
beta,pb,all,1,1,1,1,1020
beta,qnorm,0,0.0104115519399,0,0,0,1020
beta,qnorm,1,0.0364479605943,0,0,0.149455586357,1020
beta,qnorm,2,0.0612129202323,0,0,0.185422743799,1020
beta,qnorm,4,0.114549270137,0.136654964658,0,0.220262399103,1020
beta,qnorm,8,0.23092436482,0.215284087426,0.112565830122,0.419189726625,1020
beta,qnorm,16,0.432637887421,0.438359739309,0.154643293017,0.707225907282,1020
beta,qnorm,32,0.836756310202,0.927256494645,0.624250395294,0.989936044138,1020
beta,qnorm,64,0.97261388882,0.988816379528,0.951472328954,0.994633999556,1020
beta,qnorm,all,1,1,1,1,1020
beta,soc_slack,0,0.0325526900901,0.0297179972485,0.00955016775485,0.0559353980099,1020
beta,soc_slack,1,0.0951038917705,0.0897298903684,0.0290704797528,0.162925520434,1020
beta,soc_slack,2,0.153033193094,0.144749061089,0.0587956983013,0.252262570803,1020
beta,soc_slack,4,0.256280951225,0.244790762887,0.109795896334,0.398930004889,1020
beta,soc_slack,8,0.419112567557,0.41659353454,0.226567081896,0.593833386144,1020
beta,soc_slack,16,0.640438713714,0.64340637217,0.540358557949,0.72937444235,1020
beta,soc_slack,32,0.912242167671,0.918565862261,0.82133432261,0.992109899236,1020
beta,soc_slack,64,0.998983848083,0.999907436457,0.999265235156,0.999971125804,1020
beta,soc_slack,all,1,1,1,1,1020
beta,energy_slack,0,0.677450818385,0.678287382417,0.647594135967,0.705465896374,1020
beta,energy_slack,1,0.677514114721,0.67832074222,0.647666146071,0.705601089966,1020
beta,energy_slack,2,0.677624500294,0.678372664565,0.647781159297,0.705738982163,1020
beta,energy_slack,4,0.677857106579,0.678538608491,0.64795243607,0.705774344459,1020
beta,energy_slack,8,0.678877002684,0.678931250724,0.648572459326,0.705982876205,1020
beta,energy_slack,16,0.685692974276,0.68974767833,0.650439053362,0.70704014581,1020
beta,energy_slack,32,0.755096876007,0.730144038446,0.684166626081,0.874150944888,1020
beta,energy_slack,64,0.985285927972,0.998094367327,0.952620106459,0.999316826451,1020
beta,energy_slack,all,1,1,1,1,1020
omega,P_balance,0,0.000104855705228,0.000103821637957,9.84091440039e-05,0.000109920089957,1020
omega,P_balance,1,0.000313512219032,0.000311558447027,0.000294406599977,0.000333991153116,1020
omega,P_balance,2,0.000661171519671,0.000522431773425,0.000484931162124,0.000603652786984,1020
omega,P_balance,4,0.00158864743225,0.000954571045017,0.000701253928466,0.001272016678,1020
omega,P_balance,8,0.00548015031348,0.00182390736345,0.00111600674425,0.00373756608397,1020
omega,P_balance,16,0.0316048893293,0.0041646406873,0.00198783757343,0.123408478352,1020
omega,P_balance,32,0.267240730305,0.208282012357,0.00698679158621,0.662235761706,1020
omega,P_balance,64,0.957343424553,0.993411146297,0.866357084679,0.994903434157,1020
omega,P_balance,all,1,1,1,1,1020
omega,Q_balance,0,0.01316753929,0.0134115811391,0.00288837056914,0.0225973381685,1020
omega,Q_balance,1,0.0387836711867,0.0400704307086,0.0087734647159,0.0655204543866,1020
omega,Q_balance,2,0.0640822627059,0.0651011098863,0.0149850436809,0.107529884145,1020
omega,Q_balance,4,0.113581738843,0.120064768814,0.0305047787459,0.184987155485,1020
omega,Q_balance,8,0.208002960798,0.201276258858,0.0809859178442,0.311158500914,1020
omega,Q_balance,16,0.394024887133,0.399354672432,0.185077012041,0.622975998137,1020
omega,Q_balance,32,0.779793948782,0.825800370248,0.495720409149,0.98553862204,1020
omega,Q_balance,64,0.969909392858,0.988552642342,0.950378283563,0.994549863256,1020
omega,Q_balance,all,1,1,1,1,1020
omega,voltage_drop,0,0.0108673508345,0.00538139979108,0.000449546173029,0.031471866789,1020
omega,voltage_drop,1,0.0345594168271,0.0161836604259,0.00147352495324,0.10518371263,1020
omega,voltage_drop,2,0.0617460021175,0.0273819149961,0.00417154256798,0.21241226681,1020
omega,voltage_drop,4,0.122515214688,0.049663515565,0.00917867241535,0.404620906623,1020
omega,voltage_drop,8,0.260011450429,0.139454255664,0.0284715342442,0.776994860654,1020
omega,voltage_drop,16,0.577377770436,0.629416183495,0.106645656625,0.972575059417,1020
omega,voltage_drop,32,0.965629559638,0.99405588775,0.916114728509,0.998192298893,1020
omega,voltage_drop,64,0.998008893189,0.999452018158,0.998130104028,0.999637925687,1020
omega,voltage_drop,all,1,1,1,1,1020
omega,soc,0,0.0325526900901,0.0297179972485,0.00955016775485,0.0559353980099,1020
omega,soc,1,0.0951038917705,0.0897298903684,0.0290704797528,0.162925520434,1020
omega,soc,2,0.153033193094,0.144749061089,0.0587956983013,0.252262570803,1020
omega,soc,4,0.256280951225,0.244790762887,0.109795896334,0.398930004889,1020
omega,soc,8,0.419112567557,0.41659353454,0.226567081896,0.593833386144,1020
omega,soc,16,0.640438713714,0.64340637217,0.540358557949,0.72937444235,1020
omega,soc,32,0.912242167671,0.918565862261,0.82133432261,0.992109899236,1020
omega,soc,64,0.998983848083,0.999907436457,0.999265235156,0.999971125804,1020
omega,soc,all,1,1,1,1,1020
omega,root_voltage,0,0,0,0,0,1020
omega,root_voltage,1,0.0137254901961,0,0,0,1020
omega,root_voltage,2,0.0225490196078,0,0,0,1020
omega,root_voltage,4,0.0352941176471,0,0,0,1020
omega,root_voltage,8,0.110784313725,0,0,1,1020
omega,root_voltage,16,0.324509803922,0,0,1,1020
omega,root_voltage,32,0.888235294118,1,0,1,1020
omega,root_voltage,64,0.998039215686,1,1,1,1020
omega,root_voltage,all,1,1,1,1,1020
omega,energy,0,0.684807718584,0.682365196439,0.628882625564,0.745398880015,1020
omega,energy,1,0.684869912345,0.682401965472,0.629098346306,0.745456539016,1020
omega,energy,2,0.684985124421,0.682469519241,0.629177699735,0.745553486324,1020
omega,energy,4,0.685229813117,0.682619745524,0.629249604073,0.745646766272,1020
omega,energy,8,0.686314291736,0.682991517335,0.629555108228,0.746123526886,1020
omega,energy,16,0.693391868738,0.684129245113,0.630109323768,0.752509107163,1020
omega,energy,32,0.763048319987,0.753020341122,0.656796606525,0.901701875508,1020
omega,energy,64,0.986256217679,0.998187894432,0.95683325823,0.999264170993,1020
omega,energy,all,1,1,1,1,1020
