block_width,blocks,factor_s,solve_s,copy_s,solve_alloc_MiB,solution_norm,sample_relative_residual
1,1021,0.696641500,3.249469200,0.224729700,755.445827,1.294605961620e+05,5.078495e-15
4,256,0.696641500,3.250845100,0.212831000,755.364319,1.294605961620e+05,5.078495e-15
16,64,0.696641500,3.237137200,0.199528600,755.348389,1.294605961620e+05,5.078495e-15
32,32,0.696641500,3.303527300,0.200535500,755.345734,1.294605961620e+05,5.078495e-15
64,16,0.696641500,3.383760400,0.201906900,755.344406,1.294605961620e+05,5.078495e-15
128,8,0.696641500,3.191795400,0.200685500,755.343742,1.294605961620e+05,5.078495e-15
256,4,0.696641500,3.248387000,0.199203700,755.343410,1.294605961620e+05,5.078495e-15
512,2,0.696641500,3.256387900,0.203039300,755.343245,1.294605961620e+05,5.078495e-15
1021,1,0.696641500,3.126709200,0.197837400,755.343162,1.294605961620e+05,5.078495e-15
