system,horizon,iterations,status,wall_s,solve_s,peak_working_set_MiB,trace
ieee123C_1ph,3,48,0,52.885,13.699,NaN,ddp/results/network_filterddp/optimized_timing_matrix_ieee123C_1ph_T3_trace.csv
ieee123C_1ph,6,60,0,31.645,16.401,1070.590,ddp/results/network_filterddp/optimized_timing_matrix_ieee123C_1ph_T6_trace.csv
ieee123C_1ph,12,80,0,37.559,21.988,1075.316,ddp/results/network_filterddp/optimized_timing_matrix_ieee123C_1ph_T12_trace.csv
ieee123C_1ph,24,95,0,50.803,35.898,1049.813,ddp/results/network_filterddp/optimized_timing_matrix_ieee123C_1ph_T24_trace.csv
ieee123C_1ph,48,118,0,86.322,70.568,1101.313,ddp/results/network_filterddp/optimized_timing_matrix_ieee123C_1ph_T48_trace.csv
ieee123C_1ph,96,118,0,143.273,127.887,1230.258,ddp/results/network_filterddp/optimized_timing_matrix_ieee123C_1ph_T96_trace.csv
ieee2522C_1ph,3,56,0,112.686,96.664,1220.941,ddp/results/network_filterddp/optimized_timing_matrix_ieee2522C_1ph_T3_trace.csv
ieee2522C_1ph,6,82,0,281.334,265.273,1327.973,ddp/results/network_filterddp/optimized_timing_matrix_ieee2522C_1ph_T6_trace.csv
ieee2522C_1ph,12,79,0,493.459,476.400,1395.559,ddp/results/network_filterddp/optimized_timing_matrix_ieee2522C_1ph_T12_trace.csv
ieee2522C_1ph,24,84,0,984.150,965.103,1547.781,ddp/results/network_filterddp/optimized_timing_matrix_ieee2522C_1ph_T24_trace.csv
ieee2522C_1ph,48,84,0,1861.302,1839.055,1951.285,ddp/results/network_filterddp/optimized_timing_matrix_ieee2522C_1ph_T48_trace.csv
ieee2522C_1ph,96,93,0,3970.863,3940.608,2602.410,ddp/results/network_filterddp/optimized_timing_matrix_ieee2522C_1ph_T96_trace.csv
large10kC_1ph,3,115,0,2660.563,2633.856,3808.031,ddp/results/network_filterddp/optimized_timing_matrix_large10kC_1ph_T3_trace.csv
large10kC_1ph,6,128,0,14846.798,14809.508,4216.469,ddp/results/network_filterddp/optimized_timing_matrix_large10kC_1ph_T6_trace.csv
