system,T,nx,nu,nc,filterddp_solve_s,iterations,status,filterddp_objective,reference_objective,objective_gap,max_equality_residual,max_physical_difference
ads10A_1ph,3,1,51,40,10.191,39,0,249.050959592374,248.996264116732,5.4695475642e-2,2.616e-9,9.182e-3
ieee123C_1ph,3,51,791,562,13.856,48,0,2808.924770488853,2808.924651223220,1.19265633e-4,6.227e-8,1.157e-5
ieee2522C_1ph,3,250,13358,10337,233.098,56,0,8515.880516246880,8515.881250487677,7.34240797e-4,5.631e-10,1.439e-3
ieee2522C_1ph,6,250,13358,10337,836.933,82,0,9040.014042030331,9040.015346812082,1.304781751e-3,1.753e-9,9.716e-4
ieee2522C_1ph,12,250,13358,10337,1902.103,79,0,8512.516760782935,8512.516668710488,9.2072447e-5,2.290e-8,4.382e-4
ieee2522C_1ph,24,250,13358,10337,3068.228,84,0,8632.275875192672,8632.277094570018,1.219377346e-3,3.609e-8,3.242e-4
large10kC_1ph,3,1020,54665,42303,7123.782,115,0,2985283.795395107940,2985281.3189,2.476495108,8.251e-9,
large10kC_1ph,6,1020,54665,42303,23490.218,128,0,2944457.014902044553,,,5.887e-9,
large10kC_1ph,12,1020,54665,42303,69951.536,200,8,2976105.092790690251,,,6.821e-13,
